label,f0,f1,f2,f3,f4,f5,f6,f7,f8,f9,f10,f11,f12,f13,f14,f15,f16,f17,f18,f19,f20,f21,f22,f23,f24,f25,f26,f27,f28,f29,f30,f31,f32,f33,f34,f35,f36,f37,f38,f39,f40,f41,f42,f43,f44,f45,f46,f47,f48,f49,f50,f51,f52,f53,f54,f55,f56,f57,f58,f59,f60,f61,f62
OK,-0.00000,0.00000,0.00000,0.17132,-0.10256,0.13555,0.26562,-0.19258,0.17341,0.35351,-0.23404,0.16894,0.43136,-0.26387,0.16077,0.21425,-0.44693,0.14720,0.33563,-0.50207,0.08989,0.40882,-0.40410,0.03756,0.43735,-0.30428,0.01503,0.18608,-0.46134,0.04130,0.27083,-0.67463,0.01401,0.32248,-0.81955,0.00309,0.35285,-0.93568,0.00072,0.16231,-0.44533,-0.07084,0.22352,-0.68274,-0.09388,0.24851,-0.83445,-0.07785,0.25723,-0.95723,-0.06114,0.15055,-0.41875,-0.17723,0.18246,-0.60180,-0.20391,0.19511,-0.72841,-0.19357,0.19764,-0.83804,-0.17802
OK,-0.00000,0.00000,0.00000,0.17275,-0.10955,0.13462,0.26456,-0.19609,0.16484,0.35215,-0.24010,0.15179,0.43327,-0.28147,0.13328,0.20574,-0.44775,0.12729,0.32927,-0.50928,0.06821,0.40159,-0.40809,0.01810,0.43033,-0.30687,-0.00398,0.17634,-0.45569,0.01634,0.25990,-0.67906,-0.01523,0.31153,-0.82516,-0.02778,0.34107,-0.94004,-0.03211,0.15246,-0.42856,-0.09910,0.21201,-0.67179,-0.12614,0.23991,-0.82812,-0.11108,0.25006,-0.95048,-0.09602,0.14218,-0.38986,-0.20819,0.17799,-0.57403,-0.24132,0.19705,-0.70357,-0.23419,0.20612,-0.81420,-0.22125
OK,-0.00000,0.00000,0.00000,0.17495,-0.11623,0.13770,0.27132,-0.20815,0.16949,0.36325,-0.24783,0.15594,0.44310,-0.27486,0.13618,0.20886,-0.46253,0.14464,0.33425,-0.51775,0.09069,0.40555,-0.42170,0.04234,0.43122,-0.32028,0.02012,0.17780,-0.47034,0.03231,0.26749,-0.68637,0.00944,0.32268,-0.82613,-0.00138,0.35322,-0.93554,-0.00672,0.15705,-0.43638,-0.08555,0.22866,-0.67356,-0.10697,0.26265,-0.82561,-0.09039,0.27673,-0.95181,-0.07688,0.15488,-0.39183,-0.19716,0.19681,-0.57070,-0.23049,0.21699,-0.69392,-0.22536,0.22926,-0.80450,-0.21506
OK,-0.00000,0.00000,0.00000,0.17681,-0.11551,0.13181,0.27070,-0.20306,0.16032,0.36102,-0.23995,0.14607,0.43952,-0.26945,0.12729,0.21007,-0.45451,0.12930,0.33743,-0.51115,0.06913,0.40774,-0.40941,0.01661,0.43428,-0.30723,-0.00755,0.17792,-0.45907,0.02088,0.26701,-0.67688,-0.01214,0.32376,-0.82109,-0.02814,0.35761,-0.93387,-0.03537,0.15529,-0.42535,-0.09216,0.22463,-0.66771,-0.11724,0.25843,-0.82178,-0.10047,0.27281,-0.94881,-0.08507,0.14942,-0.38243,-0.19920,0.19155,-0.56208,-0.23047,0.21310,-0.68647,-0.22214,0.22489,-0.79799,-0.20852
OK,-0.00000,0.00000,0.00000,0.18301,-0.11185,0.14110,0.27677,-0.19534,0.17515,0.36991,-0.23280,0.16310,0.44595,-0.26594,0.14725,0.21643,-0.45502,0.15013,0.34354,-0.51222,0.09087,0.41634,-0.40896,0.03885,0.44353,-0.30108,0.01676,0.18681,-0.45886,0.03736,0.27330,-0.67999,0.00856,0.32849,-0.82333,-0.00123,0.36183,-0.93224,-0.00238,0.16481,-0.42957,-0.08152,0.23243,-0.67431,-0.10267,0.26287,-0.82888,-0.07634,0.27475,-0.95113,-0.05250,0.16065,-0.39575,-0.19509,0.19860,-0.57890,-0.22348,0.21542,-0.70651,-0.20963,0.22228,-0.81774,-0.19012
OK,-0.00000,0.00000,0.00000,0.17529,-0.15708,0.16006,0.25484,-0.24280,0.19517,0.34645,-0.28562,0.18343,0.42529,-0.33135,0.16710,0.16739,-0.49192,0.14021,0.31285,-0.53800,0.08970,0.38802,-0.43533,0.04276,0.41750,-0.33696,0.01807,0.13918,-0.48212,0.02026,0.24469,-0.69673,-0.01119,0.30279,-0.83685,-0.02945,0.32861,-0.94446,-0.04373,0.13209,-0.43260,-0.09994,0.20437,-0.68343,-0.11923,0.23305,-0.83788,-0.09556,0.23799,-0.96759,-0.08011,0.14915,-0.38691,-0.21150,0.18944,-0.57350,-0.24198,0.20378,-0.70774,-0.23402,0.21196,-0.82648,-0.22356
OK,-0.00000,0.00000,0.00000,0.15146,-0.18764,0.17888,0.21468,-0.29282,0.21298,0.29475,-0.34448,0.20320,0.36900,-0.39926,0.18630,0.12117,-0.49906,0.09291,0.28395,-0.62108,0.06673,0.35318,-0.53009,0.05101,0.37083,-0.43587,0.04216,0.10579,-0.47329,-0.02497,0.26321,-0.65455,-0.06382,0.34682,-0.74879,-0.08132,0.37970,-0.79655,-0.09636,0.12089,-0.39815,-0.13084,0.21682,-0.67027,-0.15001,0.25814,-0.83590,-0.13056,0.26292,-0.96482,-0.12362,0.17533,-0.33879,-0.22100,0.23050,-0.53757,-0.25868,0.25427,-0.67717,-0.25995,0.26337,-0.81191,-0.25892
OK,-0.00000,0.00000,0.00000,0.05022,-0.22552,0.19425,0.10190,-0.36688,0.24843,0.17492,-0.45126,0.27943,0.24093,-0.53844,0.30203,0.07630,-0.48289,-0.04510,0.18943,-0.63432,0.00128,0.25146,-0.65383,0.09923,0.27199,-0.67113,0.15160,0.11486,-0.43202,-0.15035,0.21277,-0.67590,-0.23061,0.27179,-0.81314,-0.23517,0.30667,-0.95182,-0.23620,0.16561,-0.35011,-0.21632,0.24454,-0.55227,-0.29696,0.28860,-0.71161,-0.32172,0.31129,-0.84221,-0.33673,0.22722,-0.25335,-0.25115,0.30433,-0.39413,-0.32728,0.34599,-0.49626,-0.36876,0.38075,-0.58479,-0.40157
OK,-0.00000,0.00000,0.00000,-0.01930,-0.24565,0.08682,0.01282,-0.40533,0.11650,0.08330,-0.50226,0.14163,0.16177,-0.53561,0.16970,0.06322,-0.46975,-0.06905,0.16655,-0.66073,-0.07133,0.19461,-0.62455,-0.01628,0.17305,-0.56256,0.02514,0.14966,-0.41618,-0.11583,0.25211,-0.66677,-0.19942,0.32496,-0.80982,-0.21643,0.37077,-0.92873,-0.21860,0.22582,-0.32859,-0.14042,0.32276,-0.53737,-0.21194,0.38539,-0.67770,-0.23942,0.42409,-0.78939,-0.24901,0.28212,-0.22022,-0.14658,0.37965,-0.37243,-0.21066,0.43188,-0.46657,-0.24323,0.48377,-0.55068,-0.26083
OK,-0.00000,0.00000,0.00000,-0.01190,-0.21882,0.06701,0.03255,-0.36524,0.08372,0.11216,-0.44698,0.09130,0.18836,-0.47878,0.09300,0.06669,-0.44995,-0.04035,0.18654,-0.64209,-0.06951,0.24675,-0.68021,-0.06730,0.26410,-0.69039,-0.06215,0.14341,-0.40048,-0.08705,0.26241,-0.65384,-0.13947,0.33570,-0.80270,-0.15749,0.38424,-0.92323,-0.16779,0.21115,-0.31840,-0.12252,0.31813,-0.54435,-0.17197,0.38144,-0.68465,-0.20237,0.42295,-0.80160,-0.22146,0.26587,-0.22304,-0.14581,0.36334,-0.37646,-0.20489,0.42071,-0.47453,-0.24066,0.47492,-0.56549,-0.26271
OK,-0.00000,0.00000,0.00000,0.07660,-0.20142,0.15631,0.14891,-0.32606,0.19733,0.24033,-0.39552,0.20587,0.31217,-0.43773,0.19917,0.09804,-0.44651,0.05430,0.23517,-0.60779,0.04764,0.31322,-0.68293,0.05363,0.37380,-0.76009,0.05083,0.11314,-0.41913,-0.05102,0.25607,-0.66352,-0.07547,0.33054,-0.80271,-0.07865,0.38429,-0.92321,-0.08718,0.14962,-0.34278,-0.14275,0.28347,-0.58996,-0.16947,0.34733,-0.71598,-0.17751,0.38918,-0.83637,-0.19203,0.21026,-0.24229,-0.21836,0.30367,-0.40293,-0.26504,0.36424,-0.50582,-0.29011,0.41700,-0.60981,-0.31247
OK,-0.00000,0.00000,0.00000,0.17636,-0.10787,0.14054,0.26543,-0.19660,0.18288,0.35240,-0.23726,0.18062,0.44363,-0.28036,0.17549,0.19463,-0.46084,0.20462,0.32372,-0.49398,0.17046,0.40389,-0.41016,0.12907,0.42682,-0.31777,0.11634,0.16948,-0.48195,0.10279,0.26601,-0.67602,0.11764,0.33260,-0.80543,0.13104,0.37497,-0.91688,0.14474,0.14985,-0.47483,-0.00899,0.23487,-0.69850,-0.00345,0.28734,-0.84182,0.02956,0.31051,-0.95057,0.05800,0.15791,-0.45806,-0.11671,0.21378,-0.63453,-0.12425,0.25120,-0.75369,-0.10100,0.27090,-0.85635,-0.07422
OK,-0.00000,0.00000,0.00000,0.14869,-0.02414,-0.01014,0.26982,-0.10372,-0.02774,0.36568,-0.14387,-0.05532,0.44435,-0.19265,-0.08132,0.23465,-0.39339,0.00931,0.35645,-0.44236,-0.06559,0.42869,-0.34982,-0.13105,0.44944,-0.25856,-0.16247,0.20369,-0.45637,-0.01827,0.28556,-0.66097,-0.06372,0.35416,-0.78493,-0.09296,0.40560,-0.89000,-0.10800,0.15801,-0.47441,-0.05764,0.20202,-0.70098,-0.09975,0.24367,-0.84403,-0.11620,0.27990,-0.96003,-0.11944,0.11011,-0.44800,-0.09997,0.12954,-0.63415,-0.12543,0.15790,-0.76035,-0.12257,0.18485,-0.86793,-0.11436
OK,-0.00000,0.00000,0.00000,0.16446,0.03245,-0.04095,0.31897,-0.01422,-0.06519,0.43586,-0.06493,-0.09454,0.51185,-0.15827,-0.11907,0.30527,-0.31184,0.00029,0.44422,-0.36376,-0.07496,0.50083,-0.27815,-0.13534,0.50128,-0.20021,-0.16248,0.26466,-0.42066,-0.01106,0.38483,-0.60369,-0.05814,0.46516,-0.72134,-0.08598,0.52661,-0.82927,-0.09887,0.20188,-0.47507,-0.03813,0.28275,-0.67828,-0.08554,0.33564,-0.81040,-0.10061,0.38023,-0.92489,-0.09985,0.12476,-0.47978,-0.07062,0.17638,-0.66432,-0.10281,0.20878,-0.78883,-0.10191,0.23476,-0.89687,-0.09201
OK,-0.00000,0.00000,0.00000,0.17481,0.05363,-0.04049,0.34510,0.01376,-0.06387,0.47229,-0.05598,-0.09521,0.52013,-0.17857,-0.12034,0.36707,-0.25946,0.03101,0.50351,-0.31914,-0.05525,0.54075,-0.28634,-0.12301,0.51402,-0.24223,-0.15082,0.32747,-0.39253,0.01806,0.46785,-0.56595,-0.02269,0.55214,-0.68136,-0.04722,0.61399,-0.77825,-0.05682,0.25473,-0.47844,-0.01555,0.35851,-0.66163,-0.05971,0.41991,-0.78417,-0.07042,0.47059,-0.88235,-0.06668,0.15997,-0.51735,-0.05618,0.22183,-0.69399,-0.08630,0.25746,-0.81024,-0.08320,0.28765,-0.90934,-0.07150
OK,-0.00000,0.00000,0.00000,0.18013,0.05458,-0.04781,0.36547,-0.00743,-0.07072,0.49129,-0.13275,-0.10031,0.53304,-0.28853,-0.12103,0.41011,-0.26120,0.03538,0.54101,-0.36743,-0.04641,0.54812,-0.32471,-0.11332,0.51462,-0.26234,-0.14053,0.36655,-0.38863,0.02784,0.51351,-0.55564,0.00143,0.60196,-0.65328,-0.02231,0.67700,-0.73599,-0.03512,0.28515,-0.47069,-0.00118,0.39723,-0.64147,-0.03253,0.46473,-0.74989,-0.04235,0.52685,-0.83433,-0.04245,0.18258,-0.51751,-0.03874,0.25565,-0.67778,-0.05889,0.29945,-0.77822,-0.05202,0.34050,-0.86586,-0.04064
OK,-0.00000,0.00000,0.00000,0.15298,0.01095,-0.04928,0.31609,-0.08227,-0.07469,0.42213,-0.22148,-0.10423,0.42486,-0.38226,-0.12836,0.35359,-0.32209,0.01618,0.45492,-0.44989,-0.06028,0.47004,-0.44740,-0.12513,0.44935,-0.41561,-0.15631,0.30068,-0.42517,0.00676,0.42004,-0.61478,-0.02456,0.49459,-0.73238,-0.05678,0.55301,-0.83317,-0.07875,0.21686,-0.47938,-0.02114,0.30412,-0.67006,-0.05872,0.35817,-0.78716,-0.08222,0.40785,-0.88492,-0.09501,0.11660,-0.49651,-0.05636,0.16902,-0.66659,-0.08278,0.19598,-0.77398,-0.08605,0.22412,-0.86976,-0.08615
OK,-0.00000,0.00000,0.00000,0.12049,0.01615,-0.04040,0.24318,-0.10335,-0.06278,0.28986,-0.24478,-0.08883,0.27369,-0.35894,-0.10984,0.27854,-0.37268,-0.00859,0.36279,-0.52125,-0.08519,0.33910,-0.47382,-0.14875,0.29236,-0.40525,-0.17883,0.22233,-0.45895,-0.02337,0.30918,-0.67938,-0.05512,0.35790,-0.80688,-0.08926,0.39692,-0.91785,-0.11402,0.14418,-0.48745,-0.05300,0.19882,-0.70352,-0.08784,0.22882,-0.83163,-0.11557,0.26248,-0.94531,-0.13398,0.05401,-0.47308,-0.08829,0.07897,-0.64530,-0.11358,0.09035,-0.75396,-0.11794,0.10554,-0.85235,-0.12025
OK,-0.00000,0.00000,0.00000,0.11394,-0.00818,-0.07132,0.19696,-0.10047,-0.12236,0.17990,-0.20755,-0.17077,0.14878,-0.30474,-0.21427,0.24292,-0.39364,-0.05640,0.28692,-0.49880,-0.14173,0.24874,-0.42950,-0.21712,0.20077,-0.35460,-0.25757,0.18716,-0.47491,-0.06237,0.25603,-0.69035,-0.10289,0.29955,-0.82192,-0.14959,0.33373,-0.94267,-0.18723,0.11214,-0.49726,-0.08324,0.15658,-0.72186,-0.12441,0.18510,-0.85511,-0.16719,0.21655,-0.97476,-0.19885,0.02519,-0.47401,-0.11130,0.03869,-0.65157,-0.13847,0.04810,-0.76259,-0.14950,0.06374,-0.86486,-0.15970
OK,-0.00000,0.00000,0.00000,0.07556,0.03126,-0.18155,0.13243,-0.02790,-0.30139,0.08557,-0.10970,-0.39779,0.02543,-0.18835,-0.48862,0.17357,-0.36250,-0.21799,0.14830,-0.44244,-0.35567,0.07986,-0.37349,-0.46266,0.02363,-0.30352,-0.52339,0.11574,-0.45712,-0.18288,0.15353,-0.67029,-0.27888,0.17287,-0.81603,-0.36079,0.19385,-0.95275,-0.42512,0.05152,-0.49562,-0.16579,0.06307,-0.71454,-0.24897,0.07496,-0.86320,-0.31795,0.09387,-0.99558,-0.36752,-0.01781,-0.49233,-0.16262,-0.02436,-0.67904,-0.21115,-0.02154,-0.80676,-0.24135,-0.01079,-0.92340,-0.26900
OK,-0.00000,0.00000,0.00000,0.02284,0.09357,-0.28278,0.06934,0.06463,-0.46582,0.03823,0.00663,-0.60226,-0.03678,-0.07246,-0.73118,0.17629,-0.28521,-0.42438,0.09663,-0.37919,-0.60563,-0.00461,-0.28532,-0.72209,-0.07085,-0.19557,-0.78803,0.11014,-0.41254,-0.35195,0.09787,-0.64216,-0.51084,0.08493,-0.79981,-0.63358,0.08530,-0.96110,-0.72685,0.03641,-0.47352,-0.29168,0.01203,-0.69917,-0.42515,0.00386,-0.85996,-0.53456,0.00329,-0.99999,-0.61288,-0.03408,-0.49295,-0.24719,-0.06925,-0.68295,-0.32663,-0.08613,-0.81221,-0.38421,-0.09749,-0.92781,-0.43508
OK,-0.00000,0.00000,0.00000,0.00344,0.08398,-0.33058,0.02380,0.02093,-0.51172,0.00480,-0.04641,-0.63167,-0.02063,-0.10306,-0.73652,0.15383,-0.33158,-0.44928,0.07640,-0.43995,-0.62526,-0.03300,-0.33191,-0.72745,-0.10591,-0.22744,-0.77711,0.10422,-0.42919,-0.33494,0.06710,-0.66549,-0.49664,0.00937,-0.83243,-0.60358,-0.02996,-0.99955,-0.67917,0.04320,-0.47089,-0.23760,-0.00051,-0.69209,-0.37119,-0.03841,-0.84805,-0.46896,-0.06546,-0.98886,-0.53337,-0.01073,-0.48919,-0.16023,-0.06261,-0.67130,-0.24082,-0.08978,-0.79629,-0.29900,-0.10793,-0.91515,-0.34563
OK,-0.00000,0.00000,0.00000,0.05032,0.01741,-0.18837,0.09855,-0.07451,-0.29442,0.04673,-0.16123,-0.36713,-0.02938,-0.22765,-0.43366,0.17101,-0.39571,-0.23567,0.08068,-0.50341,-0.35430,0.01313,-0.45484,-0.44389,-0.02430,-0.40709,-0.49644,0.10538,-0.46594,-0.18901,0.05218,-0.69333,-0.28816,0.00685,-0.85050,-0.36321,-0.03219,-0.99948,-0.41446,0.03624,-0.46858,-0.15573,-0.00673,-0.65228,-0.24271,-0.03638,-0.77737,-0.30290,-0.05963,-0.89720,-0.34220,-0.02861,-0.43034,-0.13558,-0.07106,-0.50698,-0.19365,-0.07711,-0.54948,-0.21697,-0.07814,-0.60496,-0.23350
OK,-0.00000,0.00000,0.00000,0.02725,0.06300,-0.25585,0.07899,-0.00915,-0.40473,0.05668,-0.09487,-0.51025,-0.01012,-0.18791,-0.60254,0.19212,-0.35305,-0.32902,0.09413,-0.44724,-0.48174,-0.00921,-0.34577,-0.58324,-0.07048,-0.25003,-0.63642,0.13749,-0.45227,-0.25214,0.09090,-0.67186,-0.38260,0.04274,-0.83443,-0.48091,0.01227,-0.99992,-0.55190,0.07496,-0.48636,-0.19065,0.03217,-0.69037,-0.29881,-0.00284,-0.85192,-0.38114,-0.02769,-0.99480,-0.43592,0.01898,-0.48803,-0.14551,-0.01610,-0.66187,-0.20444,-0.03415,-0.78518,-0.24225,-0.04525,-0.90176,-0.27408
OK,-0.00000,0.00000,0.00000,0.06318,0.04267,-0.21742,0.10616,-0.01186,-0.35517,0.08753,-0.09278,-0.45986,0.07065,-0.16135,-0.56090,0.13771,-0.35249,-0.28669,0.13664,-0.44764,-0.42511,0.09917,-0.43945,-0.52928,0.06051,-0.42666,-0.59191,0.07993,-0.44532,-0.23092,0.09964,-0.67714,-0.34362,0.09145,-0.83994,-0.42836,0.07954,-0.98144,-0.49154,0.01813,-0.47852,-0.19076,0.01239,-0.70418,-0.28682,-0.00085,-0.86629,-0.35895,-0.01151,-0.99993,-0.40820,-0.04285,-0.47058,-0.16571,-0.07312,-0.66250,-0.22751,-0.09368,-0.79854,-0.26788,-0.10741,-0.91084,-0.30076
OK,-0.00000,0.00000,0.00000,0.11620,0.06005,-0.11510,0.21922,-0.00131,-0.18778,0.23106,-0.09949,-0.24586,0.22970,-0.18722,-0.29925,0.24234,-0.32130,-0.13796,0.28679,-0.42998,-0.23883,0.24912,-0.36369,-0.31309,0.19775,-0.29595,-0.35269,0.16687,-0.43131,-0.13061,0.22211,-0.66318,-0.20285,0.24293,-0.80819,-0.26354,0.25336,-0.95686,-0.30810,0.08381,-0.46364,-0.13757,0.09869,-0.70269,-0.21154,0.10152,-0.85369,-0.27305,0.10549,-0.99442,-0.31311,-0.01048,-0.44726,-0.15150,-0.02684,-0.64075,-0.20277,-0.04016,-0.76611,-0.23004,-0.04658,-0.88116,-0.25026
OK,-0.00000,0.00000,0.00000,0.14835,0.04542,-0.07454,0.30102,-0.02050,-0.11814,0.38338,-0.13955,-0.15530,0.38345,-0.26660,-0.18468,0.28641,-0.31869,-0.07252,0.38044,-0.44277,-0.14713,0.37882,-0.36106,-0.20133,0.34862,-0.28626,-0.22857,0.21999,-0.41980,-0.07252,0.31030,-0.64566,-0.12280,0.35597,-0.78494,-0.16026,0.38653,-0.91733,-0.18621,0.13816,-0.45848,-0.08554,0.19321,-0.68909,-0.14508,0.21962,-0.83826,-0.18678,0.24219,-0.97023,-0.21073,0.04339,-0.45159,-0.10302,0.04979,-0.63926,-0.15144,0.04889,-0.76791,-0.17099,0.04986,-0.88462,-0.18142
OK,-0.00000,0.00000,0.00000,0.15486,0.00904,-0.03896,0.29663,-0.06544,-0.06675,0.39541,-0.12802,-0.09711,0.46198,-0.20802,-0.12518,0.25911,-0.36074,-0.03101,0.38687,-0.44155,-0.10654,0.44505,-0.36139,-0.16594,0.45311,-0.27684,-0.19449,0.20911,-0.44018,-0.04735,0.31198,-0.64848,-0.09653,0.37951,-0.78065,-0.12938,0.42954,-0.90222,-0.14821,0.14101,-0.46520,-0.07530,0.20055,-0.68062,-0.12829,0.24390,-0.82879,-0.15540,0.28295,-0.95914,-0.16650,0.06187,-0.44370,-0.10658,0.08053,-0.62729,-0.14765,0.09445,-0.75913,-0.15351,0.10692,-0.87752,-0.15126
OK,-0.00000,0.00000,0.00000,0.15477,-0.04765,-0.00730,0.27138,-0.14785,-0.02790,0.36906,-0.20130,-0.05893,0.45404,-0.26729,-0.08832,0.21464,-0.42675,0.00385,0.33317,-0.49958,-0.07511,0.41330,-0.41714,-0.14188,0.44516,-0.32873,-0.17550,0.18330,-0.46601,-0.02900,0.27456,-0.67370,-0.07809,0.35109,-0.79856,-0.11085,0.40717,-0.91335,-0.12987,0.13726,-0.46297,-0.07320,0.19837,-0.68721,-0.11966,0.25150,-0.82884,-0.13918,0.29556,-0.94875,-0.14674,0.08800,-0.42199,-0.11993,0.11597,-0.59766,-0.15454,0.15084,-0.72156,-0.15821,0.18205,-0.82974,-0.15590
OK,-0.00000,0.00000,0.00000,0.15552,-0.07520,0.00970,0.25756,-0.18633,-0.00060,0.35098,-0.25360,-0.02488,0.43378,-0.32221,-0.04574,0.18938,-0.44449,0.02968,0.30279,-0.53073,-0.04606,0.38333,-0.45127,-0.11363,0.42158,-0.36174,-0.14730,0.16502,-0.47464,-0.00640,0.24131,-0.69289,-0.04598,0.31027,-0.81902,-0.07377,0.36141,-0.93241,-0.09045,0.12954,-0.46573,-0.05378,0.18175,-0.69852,-0.08612,0.22556,-0.84351,-0.09605,0.26142,-0.96148,-0.09905,0.10104,-0.42661,-0.10405,0.12766,-0.59789,-0.12961,0.16192,-0.71666,-0.12934,0.19297,-0.82017,-0.12422
OK,-0.00000,0.00000,0.00000,0.16581,-0.09733,0.04547,0.25835,-0.21688,0.04841,0.35300,-0.28291,0.02897,0.43591,-0.33366,0.01068,0.17533,-0.44962,0.07742,0.29939,-0.53990,0.01567,0.38145,-0.46451,-0.05103,0.42217,-0.37612,-0.08594,0.15214,-0.47625,0.02687,0.23163,-0.69283,0.00882,0.29696,-0.81883,-0.01533,0.34198,-0.92909,-0.03465,0.12807,-0.46030,-0.03296,0.19208,-0.69870,-0.03687,0.23675,-0.84302,-0.03086,0.25973,-0.96568,-0.03046,0.12345,-0.42026,-0.09484,0.16835,-0.58899,-0.09623,0.20033,-0.70014,-0.07968,0.22036,-0.79907,-0.06731
OK,-0.00000,0.00000,0.00000,0.18417,-0.12901,0.11914,0.26134,-0.24274,0.14051,0.35976,-0.29203,0.12748,0.45117,-0.33133,0.11323,0.15178,-0.49247,0.12061,0.31202,-0.55435,0.08206,0.38998,-0.47573,0.03011,0.42397,-0.39884,0.00025,0.12332,-0.49746,0.04145,0.26070,-0.69685,0.03137,0.33818,-0.82428,0.00751,0.38388,-0.92338,-0.01673,0.11703,-0.45003,-0.03607,0.23127,-0.69626,-0.01837,0.29033,-0.83624,0.00862,0.32492,-0.94557,0.01689,0.15716,-0.40541,-0.10879,0.22393,-0.57893,-0.09421,0.26114,-0.69483,-0.06811,0.29427,-0.79879,-0.05215
OK,-0.00000,0.00000,0.00000,0.20117,-0.14979,0.14416,0.27223,-0.25015,0.17044,0.37024,-0.29046,0.15907,0.45597,-0.33642,0.14303,0.16382,-0.50233,0.10978,0.33221,-0.56645,0.07207,0.40484,-0.47399,0.02372,0.43467,-0.38369,-0.00551,0.12738,-0.48371,0.01840,0.28387,-0.69128,-0.00396,0.37346,-0.81781,-0.03890,0.42477,-0.90530,-0.07319,0.12186,-0.40755,-0.06484,0.25213,-0.67612,-0.05477,0.31796,-0.81807,-0.02949,0.35522,-0.93342,-0.02407,0.16960,-0.35362,-0.13878,0.24465,-0.53326,-0.13724,0.28590,-0.65437,-0.11746,0.32449,-0.77201,-0.10597
OK,-0.00000,0.00000,0.00000,0.19977,-0.12481,0.16128,0.27891,-0.21934,0.19671,0.37995,-0.25654,0.18639,0.47384,-0.29089,0.17058,0.17935,-0.48875,0.16937,0.34385,-0.52572,0.14053,0.42374,-0.43673,0.09277,0.45320,-0.34652,0.06477,0.15267,-0.49143,0.06527,0.30244,-0.68113,0.06663,0.38850,-0.80457,0.04631,0.43554,-0.89762,0.02248,0.14506,-0.44147,-0.03595,0.27195,-0.68432,-0.01130,0.33390,-0.82076,0.02285,0.36499,-0.93101,0.03438,0.18240,-0.39696,-0.12961,0.26542,-0.57600,-0.11357,0.30505,-0.69152,-0.08229,0.33789,-0.79811,-0.06293
OK,-0.00000,0.00000,0.00000,0.18931,-0.09940,0.11650,0.27391,-0.18519,0.13642,0.37338,-0.22627,0.11628,0.46370,-0.25918,0.09352,0.19526,-0.45410,0.14674,0.35078,-0.48428,0.10850,0.43208,-0.38711,0.05445,0.45301,-0.29188,0.02431,0.17520,-0.47772,0.06064,0.29866,-0.66090,0.05987,0.37290,-0.78406,0.04537,0.40938,-0.88400,0.02909,0.16295,-0.45442,-0.02948,0.26643,-0.69070,-0.01119,0.32234,-0.82905,0.02091,0.34862,-0.93727,0.03448,0.17959,-0.42290,-0.11736,0.25085,-0.60608,-0.10656,0.29067,-0.72290,-0.07669,0.32067,-0.82412,-0.05567
OK,-0.00000,0.00000,0.00000,0.17232,-0.07374,0.08497,0.26878,-0.18032,0.09998,0.36823,-0.21967,0.08285,0.45420,-0.24249,0.06551,0.20385,-0.44751,0.11420,0.35132,-0.47487,0.06481,0.43224,-0.37063,0.00553,0.45912,-0.27580,-0.02667,0.18061,-0.47238,0.04061,0.29015,-0.66950,0.03173,0.36010,-0.80719,0.01474,0.39645,-0.91497,-0.00004,0.15991,-0.44828,-0.04011,0.25329,-0.67973,-0.03692,0.30999,-0.82636,-0.01612,0.33896,-0.94080,-0.00536,0.16199,-0.41124,-0.12025,0.22627,-0.57735,-0.12406,0.26567,-0.69379,-0.10310,0.29885,-0.79309,-0.08530
OK,-0.00000,0.00000,0.00000,0.18275,-0.08108,0.07550,0.27333,-0.17569,0.08537,0.37318,-0.21685,0.06686,0.46092,-0.24826,0.04955,0.20237,-0.44861,0.08939,0.35373,-0.47983,0.03439,0.42825,-0.37557,-0.02787,0.45331,-0.28057,-0.06183,0.17827,-0.46609,0.02618,0.29098,-0.67157,0.00279,0.36508,-0.80301,-0.02581,0.40834,-0.91252,-0.04709,0.15704,-0.43583,-0.04133,0.25512,-0.67760,-0.04483,0.31562,-0.82254,-0.02934,0.34968,-0.93687,-0.02032,0.16163,-0.39714,-0.10766,0.22519,-0.56786,-0.11136,0.26810,-0.68080,-0.09231,0.30328,-0.77818,-0.07498
OK,-0.00000,0.00000,0.00000,0.17266,-0.07565,0.09573,0.26834,-0.17466,0.11774,0.36881,-0.21258,0.10620,0.45948,-0.23507,0.09524,0.19878,-0.44018,0.12886,0.35092,-0.46202,0.08497,0.43390,-0.35665,0.02992,0.46148,-0.26378,0.00160,0.17957,-0.46603,0.05464,0.29281,-0.65283,0.04953,0.36037,-0.78323,0.03772,0.39460,-0.88852,0.02900,0.16259,-0.44850,-0.02611,0.26023,-0.67810,-0.01908,0.31615,-0.82614,0.00875,0.34181,-0.93977,0.02685,0.16858,-0.42274,-0.10548,0.23655,-0.59148,-0.10471,0.27735,-0.70836,-0.07867,0.30886,-0.80548,-0.05482
OK,-0.00000,0.00000,0.00000,0.17934,-0.09148,0.13075,0.27041,-0.19377,0.15815,0.37465,-0.22451,0.14749,0.46794,-0.24662,0.13704,0.19443,-0.46216,0.14003,0.34927,-0.48551,0.09689,0.43214,-0.38647,0.04248,0.46363,-0.29542,0.01351,0.16620,-0.47679,0.05224,0.30162,-0.65745,0.05001,0.37791,-0.78661,0.04242,0.41554,-0.88321,0.03268,0.15766,-0.43759,-0.03689,0.27565,-0.67464,-0.01560,0.34002,-0.81607,0.03323,0.37128,-0.92852,0.06007,0.18744,-0.39544,-0.12209,0.26586,-0.56518,-0.11540,0.30866,-0.67840,-0.08180,0.34507,-0.78078,-0.05441
OK,-0.00000,0.00000,0.00000,0.18814,-0.11811,0.17570,0.27572,-0.20662,0.21927,0.37640,-0.25068,0.21544,0.47143,-0.28849,0.20433,0.19064,-0.46965,0.14721,0.31172,-0.61664,0.15062,0.37120,-0.68900,0.14456,0.41945,-0.75306,0.12939,0.16848,-0.46058,0.02496,0.31225,-0.65818,0.00590,0.40083,-0.79141,-0.02427,0.45752,-0.88920,-0.05873,0.17445,-0.39422,-0.08607,0.33759,-0.58595,-0.09578,0.41409,-0.58610,-0.07528,0.45709,-0.58409,-0.07160,0.21506,-0.30727,-0.18576,0.33090,-0.46194,-0.20736,0.39092,-0.52522,-0.20421,0.43990,-0.58146,-0.20749
OK,-0.00000,0.00000,0.00000,0.07282,-0.20759,0.13778,0.13947,-0.33046,0.17364,0.22101,-0.38796,0.18386,0.29283,-0.39330,0.18114,0.13865,-0.45633,0.02717,0.30747,-0.54711,-0.00165,0.40557,-0.52238,-0.01197,0.45997,-0.49335,-0.01863,0.17085,-0.40398,-0.06620,0.34421,-0.63461,-0.09775,0.43825,-0.75858,-0.10899,0.50652,-0.86223,-0.12242,0.20622,-0.30482,-0.14736,0.36889,-0.54294,-0.18654,0.45865,-0.66830,-0.21078,0.51825,-0.78781,-0.23299,0.24531,-0.19352,-0.21137,0.39745,-0.33477,-0.27269,0.48690,-0.41107,-0.30293,0.56669,-0.48837,-0.32482
OK,-0.00000,0.00000,0.00000,0.03683,-0.22615,0.11957,0.09224,-0.35755,0.15225,0.19052,-0.39935,0.16653,0.27144,-0.39289,0.17122,0.09796,-0.47080,-0.00428,0.25361,-0.56111,-0.01439,0.33512,-0.52571,0.00071,0.37219,-0.48022,0.00923,0.16394,-0.41184,-0.07887,0.30670,-0.64836,-0.11746,0.39322,-0.77754,-0.12270,0.46048,-0.88767,-0.12692,0.22534,-0.31303,-0.13758,0.37296,-0.54328,-0.18626,0.45725,-0.65927,-0.21077,0.51937,-0.76444,-0.22663,0.27690,-0.19452,-0.17798,0.41916,-0.32230,-0.23931,0.50819,-0.37839,-0.26760,0.59178,-0.43138,-0.28461
OK,-0.00000,0.00000,0.00000,0.01734,-0.23957,0.09769,0.07540,-0.37919,0.12320,0.17243,-0.43901,0.13616,0.25514,-0.45331,0.14395,0.07260,-0.47815,-0.03567,0.22453,-0.61363,-0.05242,0.29784,-0.59587,-0.03849,0.32396,-0.55769,-0.03022,0.15050,-0.41432,-0.09577,0.27840,-0.65117,-0.14788,0.36296,-0.78848,-0.16556,0.42650,-0.90449,-0.17885,0.22314,-0.31669,-0.13902,0.36544,-0.53048,-0.19139,0.45032,-0.64860,-0.22098,0.50934,-0.75336,-0.24120,0.27929,-0.20869,-0.16564,0.42007,-0.32041,-0.22841,0.50436,-0.37281,-0.26198,0.58359,-0.42750,-0.28289
OK,-0.00000,0.00000,0.00000,0.01610,-0.22759,0.06532,0.08078,-0.38689,0.07193,0.18852,-0.44158,0.06712,0.27425,-0.44916,0.05360,0.07273,-0.48200,-0.03842,0.22784,-0.61378,-0.07766,0.31344,-0.61363,-0.09683,0.35949,-0.59894,-0.10843,0.14939,-0.41255,-0.09182,0.27765,-0.64242,-0.13213,0.36246,-0.78231,-0.15251,0.42971,-0.90297,-0.16920,0.22148,-0.31158,-0.13661,0.36353,-0.51893,-0.18101,0.44719,-0.63852,-0.21395,0.50520,-0.74845,-0.23727,0.28063,-0.20189,-0.16984,0.42540,-0.31207,-0.22107,0.51068,-0.36485,-0.24818,0.58355,-0.41995,-0.26535
OK,-0.00000,0.00000,0.00000,0.02722,-0.22615,0.08718,0.08496,-0.37229,0.10264,0.18676,-0.42811,0.10297,0.27082,-0.43476,0.09409,0.08069,-0.47557,-0.02432,0.24713,-0.59647,-0.05759,0.33769,-0.58304,-0.06995,0.38463,-0.55576,-0.07716,0.15016,-0.40591,-0.08698,0.29067,-0.64031,-0.12472,0.37864,-0.77746,-0.13976,0.44783,-0.89412,-0.15253,0.21508,-0.30484,-0.13870,0.36557,-0.52372,-0.18039,0.45255,-0.63958,-0.20701,0.51264,-0.74596,-0.22602,0.26937,-0.19351,-0.17709,0.41757,-0.31194,-0.22869,0.50641,-0.36669,-0.25367,0.58353,-0.42263,-0.26867
OK,-0.00000,0.00000,0.00000,0.05144,-0.20183,0.12785,0.11348,-0.33349,0.15754,0.19319,-0.39585,0.16088,0.27078,-0.40575,0.15165,0.10242,-0.46380,0.02585,0.26390,-0.56410,-0.00289,0.36164,-0.52675,-0.01948,0.41372,-0.48438,-0.03290,0.14225,-0.42196,-0.06429,0.29306,-0.65659,-0.09368,0.38318,-0.78461,-0.10944,0.45189,-0.89208,-0.12734,0.18668,-0.32975,-0.14308,0.33815,-0.55733,-0.18267,0.42061,-0.67659,-0.21212,0.47662,-0.78579,-0.23829,0.23411,-0.22018,-0.20573,0.37611,-0.33285,-0.26327,0.46336,-0.38952,-0.29310,0.54117,-0.44905,-0.31550
OK,-0.00000,0.00000,0.00000,0.21036,-0.06755,0.04998,0.29963,-0.17585,0.03944,0.39181,-0.22492,0.00616,0.48297,-0.26014,-0.03105,0.18303,-0.47074,0.02441,0.28701,-0.63359,0.00954,0.35019,-0.72989,-0.00579,0.40766,-0.82089,-0.02200,0.15281,-0.47276,-0.03462,0.28426,-0.66548,-0.06149,0.37209,-0.79205,-0.08842,0.43398,-0.90092,-0.11539,0.15158,-0.41257,-0.08927,0.32252,-0.58059,-0.12054,0.40345,-0.54475,-0.12210,0.43403,-0.50264,-0.12406,0.19272,-0.32099,-0.14013,0.34064,-0.43129,-0.16635,0.41056,-0.39682,-0.16123,0.44243,-0.34203,-0.15779
OK,-0.00000,0.00000,0.00000,0.14954,-0.00543,-0.00614,0.27667,-0.07888,-0.02410,0.38760,-0.12089,-0.05466,0.47547,-0.16503,-0.08247,0.23165,-0.38542,0.02468,0.36603,-0.42315,-0.05079,0.44358,-0.32751,-0.11922,0.46726,-0.23785,-0.15172,0.20304,-0.45218,-0.00415,0.29070,-0.64642,-0.04595,0.36087,-0.76430,-0.06929,0.41494,-0.85974,-0.07776,0.15778,-0.48017,-0.04574,0.22062,-0.69939,-0.07932,0.26676,-0.84180,-0.08033,0.30325,-0.95291,-0.07091,0.11351,-0.46506,-0.09183,0.15524,-0.64851,-0.10840,0.18562,-0.77349,-0.09325,0.20747,-0.87617,-0.07326
OK,-0.00000,0.00000,0.00000,0.15664,0.00834,-0.00835,0.28934,-0.04763,-0.02377,0.40434,-0.08957,-0.05259,0.49716,-0.15072,-0.07733,0.25148,-0.36366,0.04420,0.38385,-0.39004,-0.02256,0.46127,-0.29833,-0.08041,0.47964,-0.21174,-0.10456,0.22036,-0.44533,0.01753,0.32400,-0.63136,-0.01892,0.40610,-0.74020,-0.03401,0.46906,-0.83505,-0.03462,0.17116,-0.48481,-0.02401,0.23608,-0.69729,-0.05840,0.28895,-0.83192,-0.05321,0.33489,-0.94226,-0.03662,0.11353,-0.47948,-0.07044,0.14893,-0.67219,-0.08857,0.17652,-0.80447,-0.07162,0.19888,-0.91424,-0.04831
OK,-0.00000,0.00000,0.00000,0.14417,-0.01096,-0.00634,0.26623,-0.07548,-0.02394,0.37514,-0.11506,-0.05494,0.46328,-0.17283,-0.08236,0.22805,-0.38070,0.03365,0.35437,-0.41637,-0.03964,0.42830,-0.32373,-0.10307,0.44447,-0.23541,-0.13078,0.20291,-0.45292,0.00512,0.29032,-0.65266,-0.03353,0.36350,-0.76974,-0.05006,0.41617,-0.86413,-0.05287,0.15894,-0.48485,-0.03780,0.21054,-0.70743,-0.07208,0.25475,-0.84830,-0.06953,0.28892,-0.95735,-0.05647,0.11207,-0.47486,-0.08540,0.13338,-0.67027,-0.10374,0.15978,-0.80230,-0.08951,0.18244,-0.91007,-0.06967
OK,-0.00000,0.00000,0.00000,0.14304,-0.02308,-0.00375,0.25851,-0.09198,-0.02302,0.36518,-0.12786,-0.05629,0.45080,-0.18857,-0.08580,0.22078,-0.40054,0.03330,0.34166,-0.42829,-0.04230,0.41973,-0.33246,-0.10757,0.44057,-0.24142,-0.13666,0.19792,-0.46536,0.00311,0.27985,-0.66529,-0.03736,0.34969,-0.78502,-0.05244,0.39724,-0.88348,-0.05341,0.15502,-0.48974,-0.04125,0.20081,-0.71440,-0.07535,0.23995,-0.85449,-0.06535,0.26950,-0.96300,-0.04643,0.11048,-0.47375,-0.09063,0.13171,-0.66413,-0.10863,0.15726,-0.79257,-0.08967,0.17916,-0.89947,-0.06534
OK,-0.00000,0.00000,0.00000,0.14351,-0.02317,-0.00373,0.25887,-0.09625,-0.02427,0.36715,-0.12996,-0.05848,0.45157,-0.18601,-0.08911,0.21976,-0.40430,0.03018,0.33812,-0.43396,-0.04603,0.41496,-0.33997,-0.11119,0.43473,-0.24951,-0.14026,0.19709,-0.46781,-0.00044,0.27872,-0.66246,-0.04066,0.34509,-0.78466,-0.05520,0.38908,-0.88673,-0.05651,0.15365,-0.48943,-0.04524,0.19675,-0.70856,-0.08000,0.23011,-0.85365,-0.07189,0.25539,-0.96684,-0.05502,0.10895,-0.47040,-0.09491,0.12739,-0.65691,-0.11446,0.14988,-0.78701,-0.09785,0.16926,-0.89590,-0.07584
OK,-0.00000,0.00000,0.00000,0.14666,-0.02449,0.00653,0.26051,-0.09508,-0.01028,0.36855,-0.12511,-0.04320,0.45180,-0.18040,-0.07273,0.22126,-0.40606,0.04317,0.34007,-0.43645,-0.02985,0.41815,-0.34400,-0.09336,0.43846,-0.25204,-0.12108,0.19838,-0.46905,0.00789,0.27824,-0.66417,-0.02684,0.34495,-0.78538,-0.03714,0.38928,-0.88300,-0.03548,0.15592,-0.49043,-0.04142,0.19733,-0.70894,-0.06963,0.23027,-0.85509,-0.05641,0.25414,-0.96717,-0.03686,0.11317,-0.47010,-0.09544,0.12922,-0.65467,-0.11054,0.15140,-0.78440,-0.09103,0.17055,-0.89330,-0.06701
OK,-0.00000,0.00000,0.00000,0.14511,-0.02504,-0.00290,0.26178,-0.09714,-0.02313,0.37108,-0.12812,-0.05795,0.45855,-0.17882,-0.08956,0.22310,-0.40598,0.03339,0.34620,-0.43480,-0.04404,0.42178,-0.33406,-0.11263,0.44102,-0.23923,-0.14428,0.19928,-0.46703,0.00146,0.27718,-0.66480,-0.03740,0.34275,-0.78769,-0.05474,0.38694,-0.88665,-0.05881,0.15458,-0.48620,-0.04486,0.19720,-0.70576,-0.07716,0.23026,-0.85333,-0.07144,0.25499,-0.96694,-0.05727,0.10941,-0.46344,-0.09632,0.12625,-0.64838,-0.11394,0.14855,-0.77852,-0.09764,0.16777,-0.88737,-0.07642
OK,-0.00000,0.00000,0.00000,0.14688,-0.02456,-0.00037,0.26332,-0.09569,-0.01970,0.37197,-0.12568,-0.05384,0.45960,-0.17483,-0.08469,0.22171,-0.40421,0.03698,0.34235,-0.43054,-0.03860,0.41881,-0.33473,-0.10499,0.43941,-0.24413,-0.13474,0.19809,-0.46837,0.00468,0.27719,-0.66432,-0.03284,0.34288,-0.78637,-0.04630,0.38749,-0.88388,-0.04674,0.15463,-0.49032,-0.04199,0.19532,-0.70871,-0.07248,0.22851,-0.85481,-0.06118,0.25355,-0.96732,-0.04252,0.11070,-0.46946,-0.09379,0.12603,-0.65485,-0.10947,0.14677,-0.78433,-0.08955,0.16471,-0.89274,-0.06512
OK,-0.00000,0.00000,0.00000,0.14629,-0.02017,-0.00828,0.26627,-0.08770,-0.03261,0.37788,-0.11788,-0.07035,0.46851,-0.16600,-0.10508,0.22813,-0.39976,0.02773,0.34826,-0.42754,-0.04965,0.42363,-0.33505,-0.11659,0.44386,-0.24515,-0.14721,0.20353,-0.46525,-0.00266,0.28715,-0.66145,-0.04262,0.35467,-0.78155,-0.05901,0.40109,-0.88038,-0.06239,0.15852,-0.48694,-0.04781,0.20242,-0.70262,-0.08260,0.23785,-0.84875,-0.07701,0.26568,-0.96406,-0.06290,0.11176,-0.46604,-0.09821,0.12925,-0.65152,-0.11724,0.15026,-0.78099,-0.10107,0.16921,-0.88969,-0.08039
OK,-0.00000,0.00000,0.00000,0.14644,-0.01723,-0.00799,0.26826,-0.08564,-0.03114,0.37998,-0.11718,-0.06774,0.47141,-0.15963,-0.10153,0.23240,-0.39943,0.02761,0.35789,-0.42718,-0.04807,0.43008,-0.32849,-0.11331,0.44462,-0.23437,-0.14276,0.20634,-0.46554,-0.00225,0.29268,-0.65896,-0.04075,0.36161,-0.77726,-0.05631,0.40980,-0.87440,-0.05910,0.16008,-0.48730,-0.04668,0.20700,-0.70194,-0.08101,0.24427,-0.84731,-0.07620,0.27332,-0.96192,-0.06258,0.11243,-0.46461,-0.09617,0.13124,-0.64988,-0.11647,0.15284,-0.78083,-0.10187,0.17196,-0.89159,-0.08191
OK,-0.00000,0.00000,0.00000,0.15498,0.00442,-0.01326,0.28494,-0.05943,-0.03212,0.39413,-0.10534,-0.06345,0.48205,-0.16341,-0.09097,0.24814,-0.37039,0.03329,0.38031,-0.41288,-0.03381,0.45169,-0.32592,-0.09148,0.46623,-0.23934,-0.11660,0.21441,-0.45026,0.00724,0.30643,-0.64541,-0.03192,0.37860,-0.76002,-0.05086,0.43533,-0.85784,-0.05513,0.16468,-0.48386,-0.03340,0.21633,-0.69959,-0.07032,0.25955,-0.83976,-0.07224,0.29921,-0.95419,-0.06182,0.10831,-0.47301,-0.07875,0.13436,-0.66673,-0.09800,0.15642,-0.79818,-0.08526,0.17573,-0.90790,-0.06662
OK,-0.00000,0.00000,0.00000,0.16459,0.03122,-0.04706,0.31741,-0.00335,-0.08004,0.43105,-0.06441,-0.11728,0.49014,-0.17352,-0.14899,0.29636,-0.32109,-0.00782,0.43541,-0.39001,-0.08326,0.48603,-0.31480,-0.14308,0.47829,-0.23310,-0.16977,0.24847,-0.42558,-0.01785,0.36158,-0.62000,-0.06377,0.43670,-0.73640,-0.09367,0.49772,-0.84475,-0.10876,0.18035,-0.47688,-0.04366,0.24998,-0.68859,-0.09375,0.29971,-0.82334,-0.11547,0.34556,-0.93840,-0.12048,0.09675,-0.47860,-0.07450,0.12551,-0.67143,-0.10901,0.14434,-0.80099,-0.11120,0.16276,-0.91416,-0.10460
OK,-0.00000,0.00000,0.00000,0.15152,0.03509,-0.05309,0.29916,0.00366,-0.09192,0.39725,-0.05070,-0.13201,0.44407,-0.15469,-0.16550,0.31979,-0.31727,-0.03327,0.45037,-0.39007,-0.11848,0.47723,-0.31118,-0.18348,0.45207,-0.22897,-0.21343,0.27036,-0.42680,-0.04423,0.39477,-0.61810,-0.09858,0.47211,-0.73762,-0.13466,0.53246,-0.84646,-0.15516,0.19314,-0.48103,-0.06999,0.27795,-0.68357,-0.12583,0.32873,-0.81317,-0.15271,0.37451,-0.92561,-0.16304,0.09466,-0.48358,-0.10072,0.12620,-0.66720,-0.13829,0.14480,-0.79091,-0.14198,0.16341,-0.90108,-0.13800
OK,-0.00000,0.00000,0.00000,0.14717,0.03868,-0.05968,0.29588,0.00816,-0.10007,0.39690,-0.04417,-0.14026,0.44510,-0.14702,-0.17345,0.32534,-0.30822,-0.04006,0.45319,-0.38287,-0.12457,0.47279,-0.29226,-0.19000,0.44060,-0.20782,-0.22067,0.27837,-0.41960,-0.04709,0.40489,-0.61154,-0.09770,0.48199,-0.73074,-0.13191,0.53922,-0.84217,-0.15221,0.20185,-0.47459,-0.06922,0.28856,-0.67541,-0.12281,0.33821,-0.80538,-0.14869,0.38115,-0.91859,-0.15890,0.10364,-0.47928,-0.09696,0.13574,-0.66013,-0.13360,0.15322,-0.78120,-0.13584,0.16839,-0.88856,-0.13098
OK,-0.00000,0.00000,0.00000,0.15464,0.02875,-0.05004,0.30959,-0.00708,-0.08586,0.41523,-0.06616,-0.12440,0.45303,-0.17928,-0.15626,0.32413,-0.32012,-0.01865,0.45114,-0.39665,-0.09860,0.48119,-0.31204,-0.16282,0.45981,-0.23056,-0.19359,0.27631,-0.42845,-0.02972,0.39857,-0.61924,-0.07419,0.47554,-0.73720,-0.10518,0.53429,-0.84530,-0.12398,0.20009,-0.48200,-0.05633,0.28564,-0.68309,-0.10383,0.33687,-0.81280,-0.12449,0.38294,-0.92356,-0.13229,0.10360,-0.48701,-0.08846,0.13722,-0.66562,-0.12027,0.15648,-0.78462,-0.11891,0.17411,-0.88757,-0.11233
OK,-0.00000,0.00000,0.00000,0.15247,0.02809,-0.05012,0.30732,-0.00973,-0.08689,0.40901,-0.07140,-0.12638,0.43891,-0.18569,-0.15998,0.31821,-0.31986,-0.02172,0.44281,-0.39517,-0.10317,0.47261,-0.31229,-0.16972,0.45132,-0.23485,-0.20282,0.27096,-0.42683,-0.03492,0.39466,-0.61874,-0.08190,0.47255,-0.73750,-0.11724,0.53001,-0.84799,-0.13966,0.19344,-0.47859,-0.06331,0.27853,-0.68083,-0.11463,0.32762,-0.80926,-0.14044,0.37023,-0.92017,-0.15190,0.09507,-0.48153,-0.09691,0.12488,-0.66292,-0.13244,0.14100,-0.78593,-0.13504,0.15604,-0.89480,-0.13172
OK,-0.00000,0.00000,0.00000,0.15222,0.03188,-0.05881,0.30803,-0.00284,-0.10112,0.41213,-0.07176,-0.14453,0.44226,-0.19719,-0.18151,0.32112,-0.31162,-0.03044,0.44537,-0.38820,-0.11600,0.47396,-0.31078,-0.18465,0.45086,-0.23768,-0.21883,0.27429,-0.42208,-0.04004,0.40033,-0.61348,-0.08898,0.47788,-0.73264,-0.12459,0.53532,-0.84465,-0.14744,0.19647,-0.47675,-0.06571,0.28257,-0.67812,-0.11905,0.33101,-0.80687,-0.14488,0.37358,-0.91787,-0.15643,0.09716,-0.48288,-0.09732,0.12794,-0.66413,-0.13432,0.14383,-0.78711,-0.13768,0.15932,-0.89601,-0.13502
OK,-0.00000,0.00000,0.00000,0.15813,0.02414,-0.05266,0.30845,-0.01598,-0.09097,0.41059,-0.08042,-0.13233,0.45262,-0.19129,-0.16705,0.30789,-0.33958,-0.02466,0.44102,-0.42282,-0.10662,0.47350,-0.32460,-0.17150,0.45333,-0.22810,-0.20233,0.25650,-0.44179,-0.03494,0.36898,-0.63737,-0.08223,0.44681,-0.75211,-0.11619,0.51097,-0.85960,-0.13724,0.18156,-0.48739,-0.06046,0.25751,-0.69066,-0.11043,0.30881,-0.82036,-0.13098,0.35720,-0.93254,-0.13820,0.08902,-0.48382,-0.09167,0.11850,-0.66653,-0.12471,0.13571,-0.78873,-0.12257,0.15355,-0.89557,-0.11500
OK,-0.00000,0.00000,0.00000,0.15037,-0.04010,-0.01963,0.26801,-0.15287,-0.04291,0.36442,-0.22156,-0.07658,0.44745,-0.28528,-0.10906,0.21892,-0.42197,0.00843,0.34119,-0.50285,-0.06776,0.41424,-0.41739,-0.13645,0.43881,-0.32634,-0.17155,0.17777,-0.48016,-0.01787,0.25345,-0.67839,-0.05711,0.32486,-0.80204,-0.09127,0.37839,-0.90362,-0.11415,0.12278,-0.48530,-0.05732,0.16890,-0.70029,-0.09501,0.21258,-0.84687,-0.11266,0.25182,-0.96777,-0.12092,0.06567,-0.44708,-0.10132,0.08346,-0.62364,-0.13043,0.11000,-0.75103,-0.13220,0.13646,-0.86013,-0.12920
OK,-0.00000,0.00000,0.00000,0.16385,-0.14582,0.16340,0.24818,-0.26296,0.20924,0.33734,-0.32416,0.20568,0.42862,-0.38301,0.19959,0.15878,-0.50366,0.20844,0.28857,-0.56648,0.17281,0.37958,-0.49933,0.12899,0.42422,-0.41578,0.11211,0.13231,-0.50629,0.09802,0.21410,-0.72218,0.10787,0.26243,-0.85227,0.12060,0.28849,-0.95748,0.13303,0.11457,-0.47635,-0.01851,0.18130,-0.72144,-0.00376,0.22118,-0.86391,0.04883,0.23845,-0.96958,0.08737,0.12396,-0.44046,-0.12999,0.17534,-0.62428,-0.12957,0.20760,-0.74465,-0.09353,0.22942,-0.84526,-0.05863
OK,-0.00000,0.00000,0.00000,0.12405,-0.17267,0.18998,0.19948,-0.30938,0.24243,0.28844,-0.39790,0.25446,0.36727,-0.47068,0.25205,0.10317,-0.47130,0.09809,0.20491,-0.64900,0.11616,0.27025,-0.71310,0.14217,0.31278,-0.77191,0.15041,0.10352,-0.44881,-0.02414,0.22726,-0.69814,-0.03480,0.30182,-0.82952,-0.02911,0.35203,-0.93599,-0.03215,0.13073,-0.37915,-0.13023,0.24928,-0.63865,-0.15068,0.30825,-0.77089,-0.15095,0.34765,-0.88975,-0.16067,0.19020,-0.28859,-0.21711,0.28297,-0.46438,-0.25681,0.34128,-0.56566,-0.27374,0.38745,-0.65864,-0.29137
OK,-0.00000,0.00000,0.00000,0.01925,-0.22933,0.10529,0.06423,-0.37282,0.13029,0.14757,-0.44206,0.13686,0.22296,-0.45588,0.13184,0.05777,-0.47450,-0.00033,0.20398,-0.60282,-0.02054,0.29820,-0.61632,-0.02196,0.35786,-0.60790,-0.02254,0.12856,-0.42035,-0.07040,0.25021,-0.67879,-0.10207,0.32811,-0.81399,-0.11095,0.38769,-0.92179,-0.11770,0.19660,-0.33149,-0.12751,0.31018,-0.57934,-0.16232,0.37546,-0.70666,-0.18109,0.41812,-0.81478,-0.19508,0.25737,-0.22466,-0.16997,0.36293,-0.38218,-0.21137,0.42545,-0.46342,-0.22571,0.48206,-0.53817,-0.23464
OK,-0.00000,0.00000,0.00000,-0.01782,-0.25436,0.09662,0.02281,-0.40321,0.13212,0.09615,-0.49059,0.15979,0.16433,-0.53218,0.18741,0.05976,-0.46997,-0.05073,0.16668,-0.65574,-0.04276,0.20217,-0.64967,0.01332,0.19663,-0.61975,0.05065,0.14670,-0.42223,-0.10314,0.25298,-0.66313,-0.17523,0.32667,-0.80829,-0.19245,0.37922,-0.92530,-0.19757,0.22436,-0.33489,-0.13276,0.33213,-0.54079,-0.20339,0.40252,-0.68061,-0.23685,0.45251,-0.79055,-0.25217,0.28378,-0.23023,-0.14242,0.39920,-0.36293,-0.21539,0.46577,-0.44194,-0.25430,0.52653,-0.51305,-0.27560
OK,-0.00000,0.00000,0.00000,-0.05005,-0.23328,0.01064,-0.04340,-0.42856,0.00496,0.02309,-0.56985,0.00224,0.10123,-0.63506,0.00408,0.08357,-0.45517,-0.07223,0.15519,-0.65533,-0.09766,0.14840,-0.65201,-0.09141,0.12060,-0.60222,-0.07956,0.18146,-0.39928,-0.08887,0.28756,-0.64528,-0.13271,0.35762,-0.79920,-0.15210,0.41386,-0.91034,-0.16396,0.25709,-0.32067,-0.09765,0.37596,-0.52513,-0.13520,0.44916,-0.66059,-0.16381,0.50324,-0.76182,-0.18139,0.30084,-0.22716,-0.09960,0.42713,-0.35799,-0.12804,0.50387,-0.43085,-0.14081,0.56817,-0.49508,-0.14738
OK,-0.00000,0.00000,0.00000,-0.07586,-0.22788,-0.02779,-0.08141,-0.43392,-0.04221,-0.01966,-0.57708,-0.04688,0.06107,-0.64478,-0.04081,0.10952,-0.46096,-0.07833,0.13054,-0.68248,-0.11235,0.07590,-0.66283,-0.11394,0.03119,-0.59770,-0.10464,0.20078,-0.40885,-0.07403,0.29713,-0.65657,-0.12511,0.34929,-0.80195,-0.14719,0.40592,-0.91391,-0.15649,0.25992,-0.33524,-0.06776,0.36883,-0.55714,-0.11405,0.43476,-0.69014,-0.14503,0.49309,-0.78987,-0.15859,0.28134,-0.25545,-0.05813,0.38956,-0.39627,-0.08558,0.45847,-0.47868,-0.09735,0.51558,-0.54343,-0.10113
OK,-0.00000,0.00000,0.00000,-0.09360,-0.21237,-0.01903,-0.13110,-0.41228,-0.02690,-0.11851,-0.57250,-0.02969,-0.05801,-0.65688,-0.02169,0.07095,-0.49425,-0.02436,0.05491,-0.69930,-0.06364,-0.00791,-0.68249,-0.09294,-0.04635,-0.62258,-0.10096,0.15645,-0.45137,-0.02021,0.21448,-0.70022,-0.05105,0.24605,-0.84724,-0.07697,0.28657,-0.95806,-0.09175,0.21057,-0.39063,-0.01769,0.27747,-0.60721,-0.03747,0.31652,-0.74233,-0.05751,0.35201,-0.84696,-0.06697,0.23226,-0.32207,-0.01537,0.28926,-0.47833,-0.01417,0.32568,-0.56926,-0.00637,0.34934,-0.64184,0.00195
OK,-0.00000,0.00000,0.00000,-0.12915,-0.18504,-0.01203,-0.20095,-0.38364,0.00343,-0.21831,-0.52762,0.02638,-0.17969,-0.59855,0.06463,0.02383,-0.52949,0.02741,-0.04027,-0.72679,-0.00122,-0.11959,-0.68310,-0.03596,-0.16370,-0.60248,-0.04275,0.10736,-0.49108,0.05071,0.11742,-0.74460,0.05456,0.12013,-0.88103,0.04214,0.14031,-0.99011,0.03623,0.15338,-0.43789,0.06972,0.17487,-0.65961,0.08676,0.18986,-0.78675,0.08202,0.20299,-0.88696,0.08198,0.16705,-0.38254,0.08692,0.18438,-0.53455,0.12445,0.19389,-0.61156,0.14989,0.19114,-0.66876,0.17051
OK,-0.00000,0.00000,0.00000,-0.13466,-0.12961,-0.05929,-0.23088,-0.31535,-0.06359,-0.30168,-0.44345,-0.05334,-0.30473,-0.51834,-0.02826,-0.01023,-0.51398,-0.02352,-0.13453,-0.67917,-0.06650,-0.22554,-0.63423,-0.10558,-0.26687,-0.56211,-0.11427,0.04961,-0.51615,0.01497,0.01433,-0.75830,0.00217,-0.00894,-0.89761,-0.01186,-0.00839,-0.99996,-0.01614,0.07591,-0.49229,0.04503,0.06432,-0.71683,0.03954,0.05932,-0.84400,0.03247,0.05699,-0.94098,0.03684,0.07814,-0.47246,0.06934,0.07750,-0.64521,0.07733,0.08934,-0.73459,0.08888,0.08972,-0.80494,0.10539
OK,-0.00000,0.00000,0.00000,-0.13128,-0.10940,-0.08322,-0.24203,-0.28246,-0.09405,-0.33375,-0.40654,-0.08448,-0.34893,-0.50240,-0.06038,-0.04524,-0.51148,-0.03577,-0.18765,-0.64871,-0.06318,-0.27600,-0.58991,-0.09075,-0.31783,-0.51933,-0.09449,0.00683,-0.52165,0.01595,-0.04964,-0.75282,0.00587,-0.08445,-0.89076,-0.01051,-0.10156,-0.99483,-0.01543,0.03049,-0.49480,0.05891,-0.00407,-0.70143,0.05340,-0.02032,-0.83044,0.03988,-0.03535,-0.92548,0.04010,0.02981,-0.46309,0.09499,0.01129,-0.63385,0.10236,0.00968,-0.73294,0.11139,-0.00283,-0.79972,0.12628
OK,-0.00000,0.00000,0.00000,-0.11655,-0.10335,-0.07422,-0.22328,-0.29030,-0.08557,-0.30987,-0.40092,-0.08398,-0.35188,-0.49622,-0.07101,-0.04957,-0.51433,-0.02146,-0.18722,-0.66713,-0.07051,-0.27489,-0.60988,-0.11146,-0.32091,-0.52457,-0.12007,0.00306,-0.52911,0.01197,-0.05712,-0.74555,-0.00874,-0.10177,-0.88475,-0.02976,-0.13090,-0.99140,-0.03479,0.03283,-0.49912,0.03269,0.00515,-0.68987,0.01837,-0.01781,-0.80780,0.00723,-0.04139,-0.89608,0.01110,0.04519,-0.44691,0.04575,0.03763,-0.59360,0.04434,0.03126,-0.67669,0.05575,0.01505,-0.72636,0.07512
OK,-0.00000,0.00000,0.00000,-0.10963,-0.11669,-0.09836,-0.21543,-0.29712,-0.11386,-0.31143,-0.41893,-0.10513,-0.36333,-0.51408,-0.08209,-0.03411,-0.52146,-0.04150,-0.18558,-0.67033,-0.08013,-0.28180,-0.60989,-0.12088,-0.32841,-0.52005,-0.12991,0.01034,-0.51908,0.02262,-0.05488,-0.74155,0.01013,-0.09615,-0.88440,-0.01615,-0.11510,-0.99335,-0.02782,0.02840,-0.47955,0.07645,-0.00249,-0.67712,0.07446,-0.01943,-0.81347,0.05700,-0.03653,-0.91170,0.05415,0.03039,-0.43528,0.12233,0.01457,-0.59448,0.13450,0.01741,-0.69445,0.14422,0.00937,-0.76134,0.15972
OK,-0.00000,0.00000,0.00000,-0.10806,-0.11853,-0.09799,-0.21888,-0.30143,-0.10317,-0.31212,-0.42570,-0.08176,-0.34663,-0.53079,-0.04261,-0.03298,-0.53694,-0.03003,-0.17345,-0.67387,-0.06326,-0.26649,-0.61260,-0.10194,-0.31459,-0.53186,-0.11049,0.00423,-0.53267,0.04020,-0.05006,-0.75002,0.04113,-0.08459,-0.88573,0.02181,-0.09328,-0.99564,0.01259,0.01846,-0.49765,0.09905,-0.00877,-0.70452,0.10770,-0.02355,-0.83344,0.09831,-0.03451,-0.93124,0.09949,0.01667,-0.46734,0.14900,0.00479,-0.63126,0.16394,0.00939,-0.72938,0.17306,0.00594,-0.80545,0.18889
OK,-0.00000,0.00000,0.00000,-0.11142,-0.13291,-0.07913,-0.20948,-0.31302,-0.08511,-0.28960,-0.44281,-0.06934,-0.30324,-0.54134,-0.03710,-0.00318,-0.51595,-0.03390,-0.13590,-0.66779,-0.06983,-0.22823,-0.61709,-0.10600,-0.27704,-0.54338,-0.11433,0.03959,-0.51605,0.01956,-0.00308,-0.74727,0.00137,-0.03301,-0.88746,-0.02817,-0.04191,-0.99912,-0.04349,0.05439,-0.48890,0.06537,0.04062,-0.69875,0.05726,0.03387,-0.83017,0.03745,0.02689,-0.93009,0.03200,0.05018,-0.46115,0.10506,0.04793,-0.63036,0.11376,0.05511,-0.73002,0.11977,0.04996,-0.80301,0.13107
OK,-0.00000,0.00000,0.00000,-0.12064,-0.16770,-0.06314,-0.19388,-0.36578,-0.07239,-0.23804,-0.50977,-0.06542,-0.22557,-0.60367,-0.04435,0.01577,-0.50214,-0.04393,-0.08611,-0.67909,-0.07920,-0.16797,-0.63932,-0.10286,-0.21292,-0.56882,-0.10404,0.09072,-0.49527,-0.01043,0.06983,-0.73270,-0.04427,0.04843,-0.88237,-0.07375,0.04265,-0.99909,-0.08635,0.13216,-0.45946,0.01782,0.13438,-0.67170,-0.00680,0.13475,-0.81001,-0.03196,0.13730,-0.91685,-0.03975,0.14478,-0.41355,0.04256,0.15550,-0.58506,0.04037,0.16337,-0.68406,0.04412,0.16076,-0.75186,0.05310
OK,-0.00000,0.00000,0.00000,-0.09700,-0.17984,-0.01666,-0.13320,-0.37249,-0.02405,-0.11903,-0.50580,-0.02557,-0.06214,-0.55954,-0.01849,0.04345,-0.49296,-0.04289,0.00223,-0.67367,-0.08288,-0.05397,-0.62138,-0.10571,-0.08368,-0.53743,-0.10897,0.13247,-0.46466,-0.04355,0.15129,-0.71603,-0.07364,0.15734,-0.86601,-0.09370,0.17263,-0.98499,-0.10497,0.19762,-0.41194,-0.04531,0.24060,-0.64995,-0.06787,0.26557,-0.79048,-0.09347,0.28719,-0.90130,-0.10809,0.23513,-0.34417,-0.04601,0.28602,-0.51300,-0.05534,0.31709,-0.61679,-0.05842,0.33774,-0.70146,-0.05832
OK,-0.00000,0.00000,0.00000,-0.05545,-0.19700,0.04672,-0.02657,-0.36881,0.06965,0.03121,-0.47868,0.08494,0.08612,-0.54190,0.10057,0.03369,-0.49233,0.01688,0.08792,-0.66283,0.00951,0.09982,-0.61882,0.01033,0.09599,-0.54976,0.01522,0.12496,-0.47807,-0.01144,0.18364,-0.71585,-0.02715,0.21681,-0.85636,-0.03522,0.23963,-0.97086,-0.03953,0.20502,-0.41493,-0.03559,0.27066,-0.64508,-0.05460,0.30578,-0.78623,-0.07757,0.33075,-0.90222,-0.09192,0.26258,-0.32210,-0.05154,0.32647,-0.48910,-0.06696,0.35738,-0.58131,-0.07243,0.38166,-0.65721,-0.07485
OK,-0.00000,0.00000,0.00000,0.01290,-0.23861,0.12091,0.06279,-0.37484,0.15840,0.13425,-0.45319,0.16696,0.20235,-0.47916,0.16249,0.02528,-0.44910,0.08636,0.15143,-0.55738,0.07060,0.24349,-0.57360,0.05521,0.30327,-0.58383,0.04619,0.07320,-0.45918,0.00651,0.17593,-0.71269,-0.00812,0.23277,-0.85539,-0.01250,0.26485,-0.96000,-0.01626,0.13763,-0.42241,-0.06818,0.23038,-0.68473,-0.08303,0.27782,-0.83367,-0.09225,0.29575,-0.95527,-0.10110,0.22244,-0.35181,-0.13114,0.31370,-0.54342,-0.14631,0.36160,-0.66146,-0.14595,0.39687,-0.76458,-0.14789
OK,-0.00000,0.00000,0.00000,0.12394,-0.13043,0.05270,0.20715,-0.24626,0.06082,0.28425,-0.28740,0.05388,0.31428,-0.32591,0.04516,0.07786,-0.44024,0.03465,0.15273,-0.63737,0.01684,0.21031,-0.76980,0.00530,0.25665,-0.87470,-0.00493,0.09516,-0.44438,-0.01664,0.17939,-0.67975,-0.03719,0.23182,-0.83594,-0.04894,0.27164,-0.96240,-0.06010,0.13847,-0.41908,-0.06762,0.23646,-0.63101,-0.08846,0.29285,-0.75970,-0.10192,0.33294,-0.86516,-0.11446,0.21109,-0.37782,-0.11465,0.28274,-0.54178,-0.14201,0.32976,-0.65539,-0.15874,0.36709,-0.76188,-0.17305
OK,-0.00000,0.00000,0.00000,0.14707,-0.07646,0.01751,0.23891,-0.16024,0.01983,0.34239,-0.21077,0.01513,0.42501,-0.25735,0.02001,0.16523,-0.41306,0.03409,0.29807,-0.47168,-0.02092,0.38622,-0.38834,-0.07723,0.41718,-0.30822,-0.10268,0.14530,-0.45687,0.01183,0.21842,-0.66911,-0.00528,0.26466,-0.81786,-0.01503,0.28605,-0.95821,-0.01968,0.13456,-0.45903,-0.01882,0.19785,-0.68631,-0.02065,0.24665,-0.82608,-0.00470,0.27668,-0.93499,0.00944,0.13868,-0.43433,-0.05241,0.19242,-0.59979,-0.05092,0.23420,-0.72061,-0.03084,0.26783,-0.80628,-0.00997
OK,-0.00000,0.00000,0.00000,0.15822,-0.02547,0.02039,0.28134,-0.10740,0.02061,0.39340,-0.15730,0.00228,0.48060,-0.22158,-0.00987,0.21973,-0.39598,0.08292,0.34609,-0.44936,0.01875,0.43462,-0.36585,-0.04469,0.47785,-0.28237,-0.07194,0.19128,-0.46304,0.04561,0.26656,-0.66418,0.02622,0.33129,-0.78041,0.01709,0.37914,-0.88155,0.01628,0.16096,-0.49776,-0.00737,0.21478,-0.71397,-0.01993,0.25915,-0.84905,-0.00411,0.28829,-0.95754,0.01441,0.13884,-0.50103,-0.06551,0.18759,-0.68111,-0.06411,0.22904,-0.79755,-0.03737,0.26452,-0.89223,-0.01072
OK,-0.00000,0.00000,0.00000,0.16576,-0.00506,0.01824,0.28741,-0.06486,0.00852,0.40051,-0.10201,-0.02198,0.49058,-0.16804,-0.04875,0.24033,-0.38004,0.07717,0.36383,-0.40299,0.00976,0.45026,-0.31046,-0.05625,0.48844,-0.22818,-0.08621,0.21324,-0.44999,0.03372,0.28886,-0.64981,0.01269,0.36097,-0.77235,0.00467,0.41642,-0.87871,0.00425,0.17805,-0.47723,-0.02623,0.23345,-0.69622,-0.04051,0.28465,-0.83795,-0.02383,0.32021,-0.94735,-0.00561,0.14675,-0.47061,-0.09202,0.19060,-0.65748,-0.09828,0.23718,-0.78602,-0.07657,0.27599,-0.89205,-0.05313
OK,-0.00000,0.00000,0.00000,0.16499,-0.00083,0.00763,0.28940,-0.04847,-0.00730,0.40305,-0.07613,-0.03851,0.49184,-0.13478,-0.06516,0.24935,-0.36542,0.04414,0.38454,-0.38556,-0.03257,0.46714,-0.28898,-0.10536,0.50279,-0.20617,-0.14113,0.22388,-0.43697,0.00625,0.31123,-0.63364,-0.03419,0.38883,-0.75981,-0.05873,0.44866,-0.86105,-0.07062,0.19105,-0.46224,-0.04554,0.24929,-0.68013,-0.07345,0.30188,-0.82622,-0.07118,0.34208,-0.93967,-0.06220,0.15990,-0.45100,-0.10212,0.20177,-0.63476,-0.11405,0.25038,-0.76057,-0.09859,0.29313,-0.86235,-0.08059
OK,-0.00000,0.00000,0.00000,0.16609,-0.01009,0.04938,0.28190,-0.07456,0.05629,0.39370,-0.10501,0.03695,0.48735,-0.16122,0.02189,0.24351,-0.38240,0.11204,0.36802,-0.40315,0.05075,0.44959,-0.30305,-0.01246,0.48526,-0.21796,-0.04082,0.22375,-0.44440,0.05611,0.30775,-0.64291,0.04164,0.38268,-0.76624,0.03436,0.43961,-0.87129,0.03372,0.19494,-0.46943,-0.01459,0.24906,-0.68977,-0.01975,0.30401,-0.83341,-0.00084,0.34374,-0.93907,0.01739,0.17308,-0.46499,-0.08920,0.21266,-0.64522,-0.08588,0.26140,-0.76639,-0.06115,0.30281,-0.86251,-0.03652
OK,-0.00000,0.00000,0.00000,0.16688,-0.02538,0.05988,0.27177,-0.09208,0.07348,0.37868,-0.12886,0.06044,0.46930,-0.19265,0.05039,0.22218,-0.38709,0.11930,0.34406,-0.41945,0.06630,0.42760,-0.33087,0.00944,0.46499,-0.25259,-0.01555,0.20087,-0.44442,0.06108,0.28493,-0.64968,0.05272,0.35735,-0.77005,0.04726,0.41388,-0.87798,0.04696,0.17252,-0.46608,-0.01035,0.23164,-0.69063,-0.01264,0.28903,-0.83339,0.00259,0.33509,-0.94219,0.01668,0.15363,-0.45787,-0.08384,0.19800,-0.63140,-0.08069,0.24720,-0.74659,-0.05930,0.29217,-0.83684,-0.03835
OK,-0.00000,0.00000,0.00000,0.16821,-0.03955,0.05541,0.26923,-0.10110,0.06179,0.37618,-0.13861,0.04287,0.46270,-0.20998,0.02707,0.21263,-0.39788,0.10079,0.33744,-0.43031,0.04014,0.42595,-0.34487,-0.02225,0.46457,-0.26696,-0.05060,0.19205,-0.44823,0.04424,0.27077,-0.65927,0.03247,0.34135,-0.78353,0.02808,0.39690,-0.89567,0.02800,0.16596,-0.46483,-0.02509,0.22513,-0.69400,-0.02805,0.27936,-0.83758,-0.00794,0.32269,-0.94650,0.00855,0.15091,-0.44818,-0.09708,0.19542,-0.61948,-0.09766,0.24176,-0.73606,-0.07549,0.28529,-0.82804,-0.05348
OK,-0.00000,0.00000,0.00000,0.16867,-0.03587,0.05119,0.27114,-0.09360,0.05492,0.37798,-0.12961,0.03432,0.46255,-0.20247,0.01701,0.21695,-0.39678,0.08749,0.34283,-0.43502,0.02210,0.43015,-0.34354,-0.04185,0.46543,-0.25868,-0.07121,0.19749,-0.44631,0.03151,0.27536,-0.66164,0.01404,0.34358,-0.79086,0.00701,0.39560,-0.90697,0.00496,0.17135,-0.46315,-0.03710,0.22509,-0.69258,-0.04377,0.27519,-0.83811,-0.02601,0.31442,-0.94928,-0.01128,0.15322,-0.44758,-0.10861,0.19161,-0.62644,-0.11283,0.23323,-0.74986,-0.09358,0.27050,-0.84840,-0.07364
OK,-0.00000,0.00000,0.00000,0.16128,0.02270,0.00652,0.29314,-0.03124,-0.00184,0.40701,-0.06886,-0.02704,0.48397,-0.14518,-0.04597,0.25148,-0.35905,0.06712,0.38384,-0.38438,0.00249,0.46517,-0.29631,-0.05572,0.48891,-0.21391,-0.07890,0.22663,-0.44381,0.03453,0.31761,-0.63138,0.01180,0.39245,-0.74534,0.01087,0.44682,-0.83747,0.01996,0.18880,-0.49130,-0.01475,0.25579,-0.70014,-0.03004,0.31169,-0.83432,-0.00758,0.34962,-0.93689,0.01857,0.14916,-0.49872,-0.07057,0.20092,-0.67947,-0.07555,0.24737,-0.80193,-0.04948,0.28105,-0.90271,-0.01948
OK,-0.00000,0.00000,0.00000,0.17115,0.04630,-0.03674,0.32555,0.01070,-0.06571,0.44234,-0.03827,-0.10221,0.50244,-0.13737,-0.13306,0.30767,-0.30832,0.00814,0.45056,-0.36296,-0.07093,0.51319,-0.28086,-0.13491,0.51686,-0.19803,-0.16330,0.26965,-0.41557,-0.00720,0.39172,-0.59016,-0.05147,0.47946,-0.69434,-0.07488,0.55276,-0.78758,-0.08368,0.20715,-0.47196,-0.03936,0.29209,-0.67768,-0.08300,0.35223,-0.80850,-0.08929,0.40657,-0.91362,-0.08215,0.12846,-0.47812,-0.07769,0.18692,-0.66395,-0.10836,0.23560,-0.78741,-0.10320,0.28255,-0.89100,-0.08929
OK,-0.00000,0.00000,0.00000,0.15688,0.04868,-0.04764,0.31234,0.00316,-0.07212,0.40217,-0.06954,-0.09745,0.44270,-0.15237,-0.11780,0.33243,-0.30629,-0.02728,0.46430,-0.36514,-0.09608,0.47166,-0.26795,-0.15192,0.43712,-0.19280,-0.18003,0.29283,-0.41656,-0.03796,0.42790,-0.59315,-0.08045,0.51259,-0.69335,-0.11455,0.58217,-0.79112,-0.13665,0.21988,-0.47457,-0.06166,0.31969,-0.67491,-0.11166,0.37987,-0.79514,-0.14408,0.43570,-0.90009,-0.16076,0.12452,-0.48878,-0.08920,0.17728,-0.66926,-0.13006,0.20950,-0.78504,-0.14023,0.24206,-0.88303,-0.14233
OK,-0.00000,0.00000,0.00000,0.12447,0.04674,-0.05699,0.25239,-0.01173,-0.09350,0.29745,-0.10541,-0.13043,0.28092,-0.18306,-0.16387,0.30636,-0.29748,-0.04158,0.40272,-0.39451,-0.12666,0.37256,-0.34100,-0.19568,0.31410,-0.27903,-0.22979,0.25665,-0.41732,-0.05342,0.36818,-0.61721,-0.10157,0.43583,-0.74216,-0.14414,0.49117,-0.85439,-0.17325,0.17786,-0.47609,-0.07964,0.26010,-0.68499,-0.12981,0.30646,-0.81654,-0.16699,0.35277,-0.93571,-0.18878,0.08160,-0.48515,-0.11141,0.12304,-0.66653,-0.14477,0.14463,-0.78553,-0.15208,0.16768,-0.89228,-0.15518
OK,-0.00000,0.00000,0.00000,0.10474,0.05429,-0.08151,0.22407,0.02653,-0.13948,0.26409,-0.04984,-0.19305,0.25132,-0.14212,-0.24163,0.30277,-0.29505,-0.07147,0.36874,-0.37689,-0.16148,0.32827,-0.30539,-0.23791,0.26916,-0.23466,-0.27943,0.25398,-0.41561,-0.07677,0.35840,-0.61594,-0.12484,0.41805,-0.73884,-0.17223,0.46332,-0.85618,-0.20893,0.17714,-0.46867,-0.09765,0.24824,-0.69109,-0.14849,0.28517,-0.82467,-0.19229,0.32137,-0.94695,-0.22269,0.08022,-0.47383,-0.12567,0.10751,-0.65661,-0.16061,0.12073,-0.77404,-0.17244,0.13948,-0.88176,-0.18159
OK,-0.00000,0.00000,0.00000,0.10793,0.05360,-0.07362,0.22584,0.02752,-0.12988,0.27875,-0.03507,-0.18425,0.27395,-0.13242,-0.23366,0.31472,-0.27653,-0.06067,0.38854,-0.35150,-0.15623,0.35288,-0.28443,-0.23558,0.29318,-0.21748,-0.27691,0.27214,-0.39727,-0.06966,0.38919,-0.58651,-0.12009,0.45274,-0.70843,-0.16449,0.50249,-0.82459,-0.19642,0.19599,-0.45716,-0.09499,0.27894,-0.66882,-0.14706,0.32325,-0.80657,-0.18821,0.36698,-0.93023,-0.21516,0.09714,-0.46933,-0.12718,0.13051,-0.64646,-0.16348,0.14923,-0.76500,-0.17444,0.17220,-0.87252,-0.18139
OK,-0.00000,0.00000,0.00000,0.12331,0.05033,-0.06575,0.24838,0.01240,-0.11335,0.32903,-0.04275,-0.16063,0.37983,-0.09543,-0.20363,0.33157,-0.25645,-0.04721,0.42589,-0.33919,-0.14347,0.40786,-0.28490,-0.22153,0.36082,-0.22611,-0.25951,0.28656,-0.38287,-0.05654,0.40577,-0.57848,-0.10848,0.47468,-0.70090,-0.15146,0.53115,-0.81444,-0.17943,0.20939,-0.45192,-0.08184,0.29493,-0.67029,-0.13548,0.34006,-0.80417,-0.16969,0.38454,-0.92311,-0.18815,0.11118,-0.46968,-0.11350,0.14192,-0.65044,-0.14903,0.16150,-0.77065,-0.15444,0.18310,-0.87891,-0.15449
OK,-0.00000,0.00000,0.00000,0.15151,0.05116,-0.04081,0.31007,0.01966,-0.06771,0.42033,-0.02311,-0.09784,0.49980,-0.08703,-0.12529,0.33894,-0.27787,-0.01983,0.46733,-0.32848,-0.09718,0.50190,-0.24430,-0.16427,0.49730,-0.16615,-0.19952,0.30106,-0.39056,-0.03757,0.43199,-0.56845,-0.08441,0.52204,-0.67672,-0.12467,0.59598,-0.77449,-0.15119,0.23131,-0.44902,-0.06823,0.32894,-0.64468,-0.11969,0.39425,-0.77670,-0.15265,0.45323,-0.89139,-0.16990,0.13765,-0.46057,-0.10296,0.18236,-0.63965,-0.14167,0.21689,-0.76301,-0.14890,0.25155,-0.87311,-0.14948
OK,-0.00000,0.00000,0.00000,0.16503,-0.00714,-0.00227,0.29842,-0.07235,-0.01864,0.40571,-0.10470,-0.04881,0.50124,-0.15228,-0.07828,0.27537,-0.37095,0.02530,0.41069,-0.40475,-0.05423,0.48498,-0.29948,-0.12484,0.51022,-0.19884,-0.15906,0.24708,-0.43682,-0.00976,0.35952,-0.62500,-0.05423,0.45886,-0.71853,-0.08440,0.54181,-0.79668,-0.10064,0.20097,-0.46287,-0.05767,0.28998,-0.67683,-0.09968,0.36800,-0.80238,-0.11230,0.43328,-0.90126,-0.11293,0.14657,-0.44510,-0.10886,0.20674,-0.62317,-0.13526,0.26378,-0.73767,-0.12898,0.31357,-0.82994,-0.11770
OK,-0.00000,0.00000,0.00000,0.16887,-0.04564,0.05751,0.27386,-0.13617,0.06450,0.37753,-0.17114,0.04476,0.47432,-0.21034,0.02765,0.22889,-0.42336,0.10893,0.35406,-0.45858,0.04409,0.44077,-0.36504,-0.02204,0.48224,-0.27319,-0.05154,0.20621,-0.46294,0.04967,0.31318,-0.65210,0.03947,0.39454,-0.76248,0.03723,0.45675,-0.86494,0.03921,0.17916,-0.47202,-0.02319,0.28283,-0.68389,-0.02696,0.35658,-0.81198,-0.00175,0.40834,-0.91283,0.01912,0.16368,-0.45473,-0.09899,0.24500,-0.61777,-0.10508,0.30781,-0.72349,-0.08110,0.36246,-0.80980,-0.05615
OK,-0.00000,0.00000,0.00000,0.19186,-0.09870,0.14367,0.26989,-0.18296,0.17634,0.36977,-0.21331,0.16892,0.46322,-0.24605,0.15783,0.17534,-0.46865,0.16042,0.33339,-0.50824,0.14144,0.41225,-0.42115,0.10437,0.43850,-0.33727,0.08366,0.14902,-0.49397,0.06877,0.31111,-0.66763,0.07890,0.41168,-0.76894,0.06976,0.46825,-0.83944,0.05414,0.15346,-0.45844,-0.02112,0.29229,-0.69145,0.00908,0.37401,-0.81151,0.04864,0.41779,-0.90854,0.06397,0.20783,-0.41323,-0.10470,0.30411,-0.59340,-0.08575,0.35794,-0.70136,-0.05254,0.40388,-0.80142,-0.03148
OK,-0.00000,0.00000,0.00000,0.19122,-0.09902,0.14594,0.27065,-0.17966,0.18670,0.36307,-0.21366,0.18587,0.45331,-0.25557,0.18184,0.16668,-0.47781,0.18677,0.32828,-0.51103,0.17957,0.41182,-0.41397,0.15021,0.43222,-0.31449,0.13450,0.14060,-0.50609,0.09586,0.30395,-0.68035,0.11606,0.40457,-0.77920,0.11054,0.45542,-0.85207,0.09715,0.14826,-0.47260,0.00484,0.28271,-0.70335,0.03826,0.37211,-0.81564,0.07461,0.42202,-0.90659,0.08744,0.20560,-0.43086,-0.07988,0.29907,-0.60772,-0.06418,0.35810,-0.71093,-0.03584,0.41061,-0.80739,-0.01744
OK,-0.00000,0.00000,0.00000,0.19676,-0.08447,0.12035,0.27892,-0.16505,0.14201,0.37648,-0.20329,0.12666,0.46832,-0.23913,0.10959,0.19576,-0.47961,0.14056,0.35474,-0.50614,0.11530,0.43037,-0.40566,0.07231,0.44774,-0.30512,0.04651,0.16024,-0.50072,0.05891,0.32665,-0.67215,0.05994,0.43191,-0.77972,0.03934,0.49080,-0.85845,0.01335,0.15915,-0.45179,-0.02204,0.29896,-0.68617,0.00477,0.39114,-0.80047,0.04031,0.44839,-0.89384,0.04976,0.20910,-0.39837,-0.09892,0.29881,-0.56664,-0.08885,0.35615,-0.67184,-0.06488,0.41264,-0.77518,-0.05117
OK,-0.00000,0.00000,0.00000,0.20460,-0.05981,0.16019,0.30682,-0.14183,0.22481,0.40197,-0.18897,0.24207,0.49797,-0.23964,0.25525,0.22328,-0.43276,0.26373,0.36890,-0.45986,0.26124,0.45736,-0.36938,0.22738,0.48662,-0.27738,0.21427,0.20568,-0.47539,0.16661,0.35034,-0.63218,0.21636,0.45221,-0.71599,0.22954,0.51428,-0.78839,0.23374,0.20087,-0.47906,0.06067,0.32311,-0.69569,0.10170,0.40736,-0.81236,0.13777,0.44579,-0.89514,0.15697,0.23592,-0.46969,-0.04043,0.32630,-0.64150,-0.02648,0.39006,-0.74545,0.00071,0.43590,-0.84092,0.02372
OK,-0.00000,0.00000,0.00000,0.19773,-0.05710,0.13747,0.29813,-0.13402,0.18767,0.39100,-0.17581,0.19367,0.48377,-0.22891,0.19819,0.22978,-0.42864,0.23207,0.36642,-0.44963,0.21474,0.45113,-0.34841,0.17620,0.47936,-0.25396,0.16236,0.21112,-0.46577,0.13996,0.34238,-0.63290,0.17452,0.43247,-0.73298,0.19255,0.49161,-0.82599,0.20566,0.19750,-0.46725,0.03589,0.31663,-0.68010,0.06056,0.39848,-0.80678,0.09946,0.44098,-0.89752,0.12738,0.21284,-0.45165,-0.06550,0.30327,-0.62713,-0.06419,0.36564,-0.73902,-0.03699,0.41180,-0.83266,-0.00903
OK,-0.00000,0.00000,0.00000,0.19460,-0.05553,0.13163,0.29801,-0.13108,0.18455,0.39144,-0.17106,0.19623,0.48017,-0.23137,0.20826,0.23061,-0.42036,0.22693,0.36456,-0.44629,0.21184,0.44955,-0.35246,0.17890,0.47881,-0.26154,0.17074,0.21060,-0.45915,0.14133,0.33977,-0.64226,0.17673,0.42235,-0.74578,0.20026,0.47697,-0.84368,0.22051,0.19406,-0.46335,0.04341,0.31056,-0.67943,0.07038,0.38648,-0.81031,0.11253,0.42818,-0.90369,0.14539,0.20140,-0.45062,-0.05219,0.28822,-0.62612,-0.04665,0.34597,-0.73882,-0.01738,0.38921,-0.82586,0.01407
OK,-0.00000,0.00000,0.00000,0.17209,-0.03257,0.05202,0.28194,-0.11648,0.06301,0.37869,-0.16028,0.04864,0.46189,-0.22296,0.03733,0.23746,-0.40613,0.11268,0.34776,-0.44979,0.05334,0.42943,-0.36118,-0.00675,0.46804,-0.27451,-0.03248,0.21438,-0.45249,0.05661,0.31160,-0.64340,0.04766,0.39093,-0.75460,0.04573,0.45158,-0.85960,0.04775,0.18711,-0.46510,-0.01449,0.27577,-0.67860,-0.02075,0.34405,-0.81264,-0.00280,0.39414,-0.91905,0.01315,0.17007,-0.45344,-0.08866,0.23848,-0.61950,-0.09657,0.29530,-0.72899,-0.07918,0.34753,-0.81869,-0.05989
OK,-0.00000,0.00000,0.00000,0.16250,-0.02620,0.00889,0.28323,-0.12660,0.00279,0.38909,-0.18272,-0.01749,0.47682,-0.25349,-0.03273,0.22461,-0.41675,0.04426,0.34771,-0.47607,-0.03072,0.43500,-0.40087,-0.10025,0.47656,-0.32038,-0.13356,0.19034,-0.46868,0.00811,0.27710,-0.67902,-0.02026,0.35992,-0.80275,-0.03948,0.42237,-0.90643,-0.05107,0.14706,-0.48214,-0.04216,0.21455,-0.70006,-0.06748,0.28480,-0.82971,-0.07097,0.34235,-0.92903,-0.06896,0.11399,-0.45988,-0.09649,0.16237,-0.62245,-0.11442,0.22026,-0.72707,-0.10704,0.27491,-0.80585,-0.09628
OK,-0.00000,0.00000,0.00000,0.13951,-0.02152,-0.01922,0.25966,-0.11142,-0.04063,0.35921,-0.17561,-0.07121,0.43257,-0.26275,-0.09765,0.20373,-0.40863,0.01229,0.32010,-0.48717,-0.06561,0.39107,-0.41380,-0.13127,0.41180,-0.33259,-0.16242,0.16959,-0.47312,-0.01203,0.26428,-0.67211,-0.05640,0.34468,-0.78200,-0.08235,0.40622,-0.87357,-0.09533,0.11735,-0.49387,-0.05054,0.18879,-0.71164,-0.08951,0.24856,-0.84579,-0.09959,0.29638,-0.95507,-0.09944,0.06207,-0.47093,-0.09401,0.10994,-0.65359,-0.12005,0.15873,-0.77390,-0.11723,0.20192,-0.87223,-0.10872
OK,-0.00000,0.00000,0.00000,0.14518,-0.03058,-0.01496,0.26897,-0.12549,-0.03662,0.36430,-0.18584,-0.06973,0.42144,-0.26945,-0.09956,0.20297,-0.41839,0.01804,0.32302,-0.49363,-0.06035,0.40431,-0.41957,-0.12788,0.43357,-0.33225,-0.15945,0.16809,-0.47513,-0.00799,0.25786,-0.67295,-0.04526,0.33753,-0.77948,-0.06508,0.39955,-0.87142,-0.07301,0.11628,-0.49497,-0.04863,0.18731,-0.71034,-0.08068,0.24504,-0.84674,-0.08184,0.29061,-0.95684,-0.07529,0.06433,-0.47388,-0.09492,0.10856,-0.65525,-0.11643,0.15305,-0.77772,-0.10686,0.19386,-0.88210,-0.09231
OK,-0.00000,0.00000,0.00000,0.15214,-0.00901,-0.01643,0.28242,-0.09213,-0.03892,0.38323,-0.15523,-0.07367,0.44100,-0.24590,-0.10507,0.22723,-0.40245,0.02784,0.35176,-0.48243,-0.04650,0.43033,-0.40312,-0.11226,0.45496,-0.31360,-0.14341,0.18946,-0.46873,0.00184,0.28582,-0.66472,-0.03274,0.36759,-0.77242,-0.05489,0.43363,-0.87055,-0.06634,0.13386,-0.49437,-0.03959,0.20404,-0.70224,-0.06991,0.25965,-0.83803,-0.07426,0.30576,-0.95211,-0.07134,0.07446,-0.47990,-0.08677,0.11999,-0.66289,-0.10410,0.16085,-0.78697,-0.09375,0.19951,-0.89682,-0.08062
OK,-0.00000,0.00000,0.00000,0.16045,-0.00624,-0.00784,0.28829,-0.07953,-0.02887,0.39007,-0.13506,-0.06477,0.46175,-0.22456,-0.09787,0.23620,-0.39556,0.03782,0.36794,-0.46034,-0.03710,0.45240,-0.37548,-0.10456,0.48265,-0.28385,-0.13555,0.19489,-0.46114,0.00582,0.29319,-0.65610,-0.02422,0.38006,-0.76287,-0.04306,0.45079,-0.84935,-0.05145,0.13607,-0.48471,-0.04188,0.20847,-0.69692,-0.06714,0.26787,-0.83787,-0.06624,0.31711,-0.94839,-0.05949,0.07581,-0.46730,-0.09525,0.12436,-0.65263,-0.11098,0.16796,-0.78007,-0.09774,0.20829,-0.88900,-0.08120
OK,-0.00000,0.00000,0.00000,0.15441,-0.00567,-0.01326,0.28396,-0.07609,-0.03798,0.38708,-0.12965,-0.07536,0.46148,-0.21305,-0.11086,0.23567,-0.39175,0.02205,0.36757,-0.45271,-0.05251,0.45230,-0.37110,-0.11907,0.48475,-0.28391,-0.15125,0.19713,-0.45916,-0.00775,0.29601,-0.65315,-0.04403,0.38278,-0.75680,-0.06838,0.45345,-0.84444,-0.08133,0.13965,-0.48271,-0.05165,0.21216,-0.69404,-0.08394,0.27358,-0.83311,-0.09016,0.32520,-0.94564,-0.08853,0.07824,-0.46417,-0.10050,0.12628,-0.65022,-0.12111,0.16883,-0.77921,-0.11227,0.21008,-0.89101,-0.09991
OK,-0.00000,0.00000,0.00000,0.15136,-0.00519,-0.01958,0.28629,-0.07027,-0.05068,0.39363,-0.10900,-0.09225,0.47776,-0.17294,-0.13229,0.25812,-0.38611,0.00029,0.39560,-0.43269,-0.07695,0.46436,-0.34111,-0.14287,0.48078,-0.24888,-0.17582,0.21875,-0.45438,-0.02969,0.32730,-0.64503,-0.07626,0.41803,-0.74473,-0.10700,0.49326,-0.83119,-0.12412,0.16031,-0.47382,-0.07221,0.23953,-0.68651,-0.11314,0.30518,-0.81888,-0.12696,0.36242,-0.93201,-0.13133,0.09667,-0.44505,-0.11891,0.14389,-0.62453,-0.14549,0.18829,-0.75208,-0.14155,0.23237,-0.86684,-0.13390
OK,-0.00000,0.00000,0.00000,0.16240,0.00852,-0.02185,0.30087,-0.03712,-0.05401,0.40945,-0.04347,-0.09485,0.49177,-0.08273,-0.13754,0.30769,-0.35757,-0.01824,0.44895,-0.38345,-0.11067,0.50107,-0.26751,-0.19439,0.50535,-0.15890,-0.24115,0.27099,-0.42223,-0.05096,0.39676,-0.60685,-0.11089,0.50144,-0.69546,-0.16494,0.59117,-0.77115,-0.20225,0.20289,-0.43510,-0.09528,0.29766,-0.65486,-0.15057,0.37519,-0.78312,-0.19429,0.44465,-0.89571,-0.22218,0.12711,-0.39286,-0.14167,0.17539,-0.56741,-0.18468,0.22804,-0.68480,-0.20032,0.27985,-0.79210,-0.20935
OK,-0.00000,0.00000,0.00000,0.20176,0.05641,-0.00857,0.35925,0.07270,-0.04748,0.46736,0.10843,-0.09847,0.54959,0.08900,-0.15638,0.43108,-0.25874,-0.05400,0.59497,-0.21967,-0.17062,0.61794,-0.06265,-0.27463,0.59805,0.06837,-0.33721,0.38982,-0.31793,-0.10803,0.58026,-0.47921,-0.19591,0.70395,-0.53646,-0.27647,0.81109,-0.58492,-0.33318,0.30631,-0.33397,-0.16944,0.45646,-0.53895,-0.25417,0.55822,-0.64886,-0.32455,0.64952,-0.74447,-0.37115,0.20748,-0.29959,-0.22885,0.27990,-0.45361,-0.30148,0.34728,-0.55260,-0.33356,0.41535,-0.64595,-0.35424
OK,-0.00000,0.00000,0.00000,0.22688,0.10391,-0.00313,0.40228,0.15944,-0.04499,0.51574,0.23869,-0.10160,0.60907,0.28175,-0.16617,0.49328,-0.15581,-0.04919,0.66600,-0.07939,-0.18199,0.66702,0.09641,-0.29830,0.64302,0.24523,-0.36706,0.44809,-0.22254,-0.11007,0.67078,-0.30543,-0.20037,0.81090,-0.31939,-0.28408,0.94308,-0.33257,-0.34642,0.35267,-0.25912,-0.18022,0.53570,-0.39231,-0.26872,0.65357,-0.45606,-0.33964,0.76717,-0.52036,-0.38955,0.23635,-0.25825,-0.24838,0.33022,-0.35671,-0.32273,0.39983,-0.42855,-0.35286,0.47766,-0.50944,-0.37463
OK,-0.00000,0.00000,0.00000,0.22580,0.14066,0.01901,0.39723,0.22576,-0.04355,0.49855,0.32913,-0.12415,0.59672,0.42131,-0.22336,0.51813,-0.11287,-0.18091,0.71690,0.01615,-0.35739,0.69180,0.21084,-0.48595,0.63732,0.38556,-0.56958,0.43613,-0.18116,-0.28923,0.68822,-0.23310,-0.46608,0.83333,-0.20044,-0.59726,0.98470,-0.17426,-0.69595,0.32224,-0.21290,-0.39780,0.53877,-0.32902,-0.56904,0.67435,-0.36427,-0.70450,0.80168,-0.40840,-0.80374,0.20246,-0.22047,-0.49487,0.31050,-0.29009,-0.65981,0.39299,-0.34968,-0.76505,0.48532,-0.42769,-0.84643
OK,-0.00000,0.00000,0.00000,0.21686,0.16454,0.02127,0.39010,0.25711,-0.04705,0.49997,0.36232,-0.13412,0.59813,0.48135,-0.24265,0.52037,-0.08003,-0.21838,0.71453,0.06817,-0.40923,0.68997,0.26707,-0.54406,0.63273,0.45503,-0.63350,0.43408,-0.15608,-0.34137,0.69452,-0.20205,-0.54337,0.84480,-0.16925,-0.68685,0.99116,-0.13270,-0.79419,0.31580,-0.19388,-0.46273,0.53877,-0.28526,-0.65496,0.68464,-0.30772,-0.80147,0.81206,-0.33907,-0.90877,0.19730,-0.20376,-0.57192,0.31432,-0.24952,-0.75983,0.41086,-0.29301,-0.88124,0.50968,-0.35430,-0.97550
OK,-0.00000,0.00000,0.00000,0.22218,0.15865,0.03598,0.40230,0.24403,-0.02235,0.51789,0.34768,-0.09960,0.61723,0.46892,-0.19761,0.53275,-0.08087,-0.21645,0.72112,0.04745,-0.41211,0.70640,0.24073,-0.55170,0.65082,0.43037,-0.64597,0.44620,-0.15832,-0.34348,0.69565,-0.20674,-0.54957,0.84896,-0.16619,-0.69494,0.99278,-0.11992,-0.80559,0.32788,-0.19721,-0.46741,0.53963,-0.29604,-0.66982,0.68745,-0.29813,-0.82353,0.81840,-0.30779,-0.93652,0.20956,-0.20940,-0.57637,0.30558,-0.26099,-0.78171,0.39756,-0.28113,-0.91646,0.49644,-0.31229,-1.01988
OK,-0.00000,0.00000,0.00000,0.23787,0.10886,0.05909,0.42399,0.15577,0.00298,0.54335,0.25080,-0.07559,0.65168,0.36485,-0.17331,0.50675,-0.19697,-0.20020,0.71366,-0.04004,-0.38705,0.72016,0.15303,-0.53046,0.68475,0.33901,-0.62740,0.41834,-0.23435,-0.32953,0.67614,-0.28641,-0.51524,0.83551,-0.25342,-0.65263,0.97545,-0.22024,-0.76079,0.29290,-0.23134,-0.44979,0.52579,-0.34744,-0.61888,0.67174,-0.33624,-0.74089,0.79776,-0.33277,-0.83554,0.18027,-0.20576,-0.55472,0.28555,-0.25157,-0.72466,0.38669,-0.24903,-0.82568,0.49666,-0.26124,-0.90445
OK,-0.00000,0.00000,0.00000,0.23227,0.09800,0.09280,0.41418,0.13398,0.06350,0.53645,0.20562,0.00236,0.67014,0.26689,-0.07534,0.47524,-0.20436,-0.11141,0.69164,-0.10509,-0.24648,0.69688,0.08411,-0.33908,0.66038,0.25056,-0.40293,0.39467,-0.22870,-0.24793,0.66013,-0.26948,-0.38993,0.81574,-0.28152,-0.49092,0.95484,-0.29713,-0.57356,0.30137,-0.19670,-0.37683,0.53153,-0.22589,-0.51127,0.67523,-0.21811,-0.59725,0.79681,-0.22576,-0.66702,0.22210,-0.13014,-0.49062,0.36792,-0.11801,-0.63333,0.49296,-0.11871,-0.71380,0.61628,-0.13490,-0.77784
OK,-0.00000,0.00000,0.00000,0.24120,0.04070,0.17196,0.40608,0.04747,0.17710,0.52752,0.08966,0.13155,0.66464,0.10556,0.07786,0.44400,-0.29490,0.03057,0.64947,-0.29107,-0.03697,0.77883,-0.30377,-0.08057,0.88380,-0.31075,-0.12275,0.39287,-0.28053,-0.13102,0.65268,-0.29748,-0.23640,0.80831,-0.32688,-0.29725,0.93256,-0.36103,-0.34781,0.33791,-0.21279,-0.27846,0.60261,-0.15340,-0.36785,0.67124,0.01322,-0.34762,0.71361,0.14035,-0.33436,0.29119,-0.10699,-0.41425,0.47844,-0.05528,-0.51167,0.58465,-0.01439,-0.53437,0.68183,0.01234,-0.54827
OK,-0.00000,0.00000,0.00000,0.22787,-0.00039,0.07029,0.38662,-0.04712,0.06004,0.51073,-0.01576,0.02380,0.62627,-0.00021,-0.01892,0.35394,-0.40156,0.00914,0.57973,-0.37698,-0.03021,0.64401,-0.27957,-0.06372,0.67232,-0.22765,-0.09084,0.33690,-0.39893,-0.06791,0.60577,-0.41357,-0.11037,0.75811,-0.43445,-0.15008,0.87848,-0.47777,-0.18869,0.31228,-0.31376,-0.13885,0.57261,-0.36110,-0.16980,0.70782,-0.39263,-0.17859,0.80994,-0.43894,-0.19533,0.30885,-0.17228,-0.20370,0.49453,-0.18870,-0.22944,0.60048,-0.21994,-0.22733,0.68790,-0.27097,-0.23243
OK,-0.00000,0.00000,0.00000,0.23380,-0.02842,0.15490,0.35978,-0.08520,0.19050,0.46969,-0.07842,0.18462,0.57297,-0.07386,0.16603,0.31380,-0.43250,0.11485,0.52451,-0.41548,0.10064,0.57438,-0.29634,0.07871,0.58177,-0.22101,0.05571,0.29603,-0.45198,0.00091,0.54522,-0.51620,-0.01882,0.68221,-0.56493,-0.05066,0.78211,-0.62314,-0.08956,0.28368,-0.38036,-0.10557,0.52097,-0.50279,-0.13593,0.65045,-0.56836,-0.16174,0.75214,-0.64366,-0.19453,0.29772,-0.26092,-0.19690,0.46233,-0.32529,-0.24873,0.56963,-0.37600,-0.27633,0.66952,-0.43587,-0.30476
OK,-0.00000,0.00000,0.00000,0.20313,-0.03913,0.12971,0.31884,-0.12994,0.14933,0.41834,-0.15003,0.13034,0.51897,-0.17427,0.10165,0.24560,-0.47572,0.11309,0.42694,-0.54509,0.09217,0.48156,-0.48495,0.06006,0.49570,-0.43375,0.03313,0.21851,-0.48964,0.00942,0.43983,-0.56658,-0.01724,0.54365,-0.61020,-0.05298,0.60607,-0.65164,-0.08486,0.20648,-0.43723,-0.09084,0.41313,-0.59364,-0.11242,0.52509,-0.70042,-0.12941,0.60175,-0.79868,-0.15290,0.22318,-0.35504,-0.18058,0.35743,-0.44650,-0.21381,0.44842,-0.52527,-0.22759,0.52825,-0.61368,-0.24370
OK,-0.00000,0.00000,0.00000,0.18684,-0.06455,0.10030,0.29003,-0.15508,0.12882,0.38437,-0.19942,0.11860,0.47122,-0.26521,0.10667,0.21251,-0.44203,0.18472,0.35423,-0.48277,0.15096,0.44048,-0.40061,0.10005,0.47002,-0.31389,0.07598,0.18624,-0.48697,0.10287,0.31928,-0.66178,0.11549,0.41692,-0.76656,0.10939,0.48624,-0.85738,0.10296,0.16317,-0.49534,0.00870,0.29209,-0.69300,0.01548,0.38660,-0.80953,0.02856,0.44626,-0.89490,0.03658,0.16375,-0.47861,-0.08441,0.26620,-0.63552,-0.08734,0.34627,-0.73077,-0.07101,0.41203,-0.80929,-0.05537
OK,-0.00000,0.00000,0.00000,0.17178,-0.04539,0.01916,0.28025,-0.15029,0.02100,0.36987,-0.22252,0.00264,0.44010,-0.31508,-0.01357,0.19181,-0.41402,0.10152,0.29996,-0.49212,0.04883,0.38598,-0.43285,-0.01235,0.42923,-0.36130,-0.04149,0.16428,-0.47573,0.06538,0.24839,-0.67666,0.06099,0.32727,-0.77619,0.04707,0.38937,-0.86785,0.03751,0.12732,-0.50851,0.01347,0.20093,-0.72216,0.01009,0.27290,-0.84560,0.01448,0.32837,-0.94455,0.01925,0.09534,-0.50746,-0.04350,0.15606,-0.67795,-0.03711,0.21416,-0.76749,-0.01441,0.26750,-0.83152,0.00451
OK,-0.00000,0.00000,0.00000,0.19393,-0.03050,0.05016,0.30970,-0.14023,0.08380,0.40120,-0.24131,0.09039,0.46185,-0.35965,0.10144,0.18211,-0.39394,0.19932,0.27720,-0.49060,0.18046,0.36820,-0.44942,0.13909,0.42357,-0.38650,0.12544,0.14618,-0.46755,0.16316,0.21196,-0.66700,0.19726,0.28605,-0.75854,0.20297,0.35012,-0.84488,0.21005,0.10128,-0.51639,0.10838,0.15652,-0.73178,0.13966,0.22267,-0.86343,0.16362,0.26936,-0.96304,0.18366,0.06430,-0.54324,0.04863,0.11706,-0.72582,0.07997,0.17307,-0.83051,0.11457,0.21775,-0.91189,0.14568
OK,-0.00000,0.00000,0.00000,0.20007,-0.02917,0.05181,0.31636,-0.16270,0.10094,0.40311,-0.30036,0.12144,0.46522,-0.43436,0.14529,0.14781,-0.39470,0.24763,0.25260,-0.49190,0.25224,0.35311,-0.47041,0.21649,0.41805,-0.42481,0.20239,0.10412,-0.47532,0.21714,0.16532,-0.65705,0.27866,0.23861,-0.75034,0.28193,0.30402,-0.84376,0.28165,0.05146,-0.53487,0.16651,0.09118,-0.74433,0.21844,0.15307,-0.87809,0.24031,0.20014,-0.97977,0.25374,0.00374,-0.57745,0.10987,0.03512,-0.76704,0.15295,0.08336,-0.88471,0.18881,0.13053,-0.97916,0.21779
OK,-0.00000,0.00000,0.00000,0.20304,-0.03322,0.05859,0.32184,-0.17549,0.12147,0.40624,-0.31853,0.15493,0.46043,-0.46013,0.19081,0.12442,-0.36156,0.27485,0.23867,-0.46269,0.30180,0.34510,-0.48531,0.27902,0.41125,-0.47026,0.27111,0.07156,-0.45257,0.24634,0.13088,-0.63056,0.32790,0.21080,-0.73223,0.33138,0.27648,-0.82549,0.32789,0.01069,-0.52961,0.19851,0.04976,-0.73478,0.26270,0.11429,-0.86603,0.27524,0.16085,-0.95886,0.27959,-0.04675,-0.59738,0.14602,-0.02780,-0.78671,0.19879,0.02358,-0.90766,0.23119,0.07806,-0.99695,0.25471
OK,-0.00000,0.00000,0.00000,0.20352,-0.06341,0.07754,0.30729,-0.21268,0.15506,0.38195,-0.35195,0.19993,0.42828,-0.49414,0.24651,0.08909,-0.36079,0.31738,0.20317,-0.47971,0.36475,0.31164,-0.50317,0.34952,0.38161,-0.49102,0.34399,0.03282,-0.45162,0.28445,0.08937,-0.63126,0.37884,0.17255,-0.74363,0.37487,0.23572,-0.83102,0.36379,-0.02800,-0.52816,0.23383,0.00419,-0.73182,0.31175,0.06335,-0.86214,0.31831,0.10441,-0.94856,0.31616,-0.08246,-0.59639,0.18003,-0.06929,-0.78918,0.24526,-0.02086,-0.91025,0.27870,0.03172,-0.99950,0.30087
OK,-0.00000,0.00000,0.00000,0.16472,-0.07677,0.07262,0.24205,-0.24962,0.13169,0.30323,-0.39588,0.16110,0.34317,-0.54488,0.19338,0.02546,-0.40962,0.25656,0.11610,-0.53560,0.28138,0.21374,-0.56923,0.26131,0.27904,-0.55680,0.25388,-0.03086,-0.47543,0.21465,-0.00181,-0.68507,0.27540,0.06798,-0.80325,0.27736,0.12284,-0.88663,0.27533,-0.08123,-0.52244,0.15615,-0.08792,-0.74847,0.20741,-0.04213,-0.89781,0.21390,-0.00772,-0.99997,0.21450,-0.11721,-0.55612,0.09507,-0.13373,-0.75531,0.13871,-0.09573,-0.88083,0.16194,-0.05184,-0.96779,0.17745
OK,-0.00000,0.00000,0.00000,0.14118,-0.09521,0.02630,0.20069,-0.26569,0.04514,0.25429,-0.40051,0.04676,0.28670,-0.53597,0.05458,0.00488,-0.44278,0.12315,0.07669,-0.57729,0.09113,0.17038,-0.59719,0.04518,0.23370,-0.57127,0.02569,-0.04332,-0.48764,0.09410,-0.02907,-0.70363,0.10125,0.02594,-0.83155,0.09536,0.06781,-0.93143,0.09346,-0.08695,-0.50498,0.04990,-0.09244,-0.73592,0.05689,-0.06282,-0.88765,0.06045,-0.04682,-0.99890,0.06624,-0.11434,-0.50705,0.00161,-0.13525,-0.70630,0.01050,-0.11100,-0.84305,0.02306,-0.08531,-0.94601,0.03620
OK,-0.00000,0.00000,0.00000,0.13376,-0.11119,0.01976,0.19220,-0.27173,0.02254,0.25239,-0.40250,0.00992,0.28594,-0.53324,0.00283,0.01459,-0.46057,0.07584,0.09154,-0.60178,0.02294,0.19319,-0.61254,-0.03234,0.26008,-0.57715,-0.05605,-0.03199,-0.49168,0.04534,-0.02899,-0.71161,0.03425,0.01763,-0.84846,0.02672,0.05576,-0.95835,0.02544,-0.07339,-0.49428,0.00173,-0.08740,-0.72584,-0.00442,-0.07380,-0.88052,0.00248,-0.06509,-0.99788,0.01220,-0.09295,-0.47838,-0.04578,-0.11335,-0.67170,-0.04534,-0.10070,-0.80771,-0.03061,-0.08509,-0.91538,-0.01423
OK,-0.00000,0.00000,0.00000,0.12251,-0.12395,-0.00286,0.17986,-0.28547,-0.01690,0.23958,-0.40433,-0.04227,0.28128,-0.52303,-0.06232,0.02010,-0.48817,0.02704,0.08944,-0.62763,-0.04542,0.18565,-0.61270,-0.10911,0.24601,-0.54948,-0.13758,-0.01976,-0.50909,0.00083,-0.01977,-0.72624,-0.03117,0.01247,-0.87191,-0.04869,0.03333,-0.98785,-0.05667,-0.05752,-0.49175,-0.03843,-0.08152,-0.71656,-0.06503,-0.08102,-0.87264,-0.06820,-0.08263,-0.99658,-0.06458,-0.07716,-0.44814,-0.08204,-0.10698,-0.62676,-0.09848,-0.10394,-0.75930,-0.09213,-0.09884,-0.86694,-0.08133
OK,-0.00000,0.00000,0.00000,0.13048,-0.12451,0.00241,0.19670,-0.28624,-0.01040,0.26106,-0.39271,-0.03660,0.31508,-0.49261,-0.06078,0.06098,-0.50659,0.02793,0.13935,-0.62913,-0.04356,0.23210,-0.59458,-0.10690,0.28529,-0.52533,-0.13742,0.02107,-0.52227,-0.00702,0.02698,-0.73660,-0.03463,0.05925,-0.87932,-0.05379,0.07973,-0.99682,-0.06610,-0.01599,-0.48980,-0.05502,-0.04093,-0.70442,-0.08069,-0.03994,-0.85041,-0.08903,-0.03825,-0.96774,-0.09296,-0.03546,-0.42598,-0.10691,-0.06120,-0.58087,-0.12890,-0.05732,-0.70169,-0.12832,-0.04878,-0.80578,-0.12406
OK,-0.00000,0.00000,0.00000,0.14547,-0.13305,-0.01122,0.24013,-0.27278,-0.04185,0.32469,-0.35413,-0.08309,0.39490,-0.43429,-0.12585,0.13578,-0.49507,-0.01492,0.22782,-0.62116,-0.10744,0.31175,-0.56797,-0.19137,0.36240,-0.49019,-0.23916,0.09584,-0.50150,-0.05038,0.13319,-0.72498,-0.10316,0.16952,-0.86396,-0.15197,0.19409,-0.98098,-0.18907,0.05046,-0.45242,-0.09681,0.04585,-0.67708,-0.14321,0.05195,-0.81544,-0.18119,0.06074,-0.93643,-0.20968,0.01567,-0.36299,-0.14531,-0.00121,-0.49669,-0.18337,0.01186,-0.60569,-0.19932,0.02926,-0.70963,-0.21174
OK,-0.00000,0.00000,0.00000,0.19580,-0.11907,0.02068,0.31386,-0.24083,-0.02361,0.42366,-0.29586,-0.08586,0.52867,-0.35134,-0.15800,0.22146,-0.48184,-0.09287,0.36032,-0.59938,-0.22351,0.45195,-0.51384,-0.32874,0.51418,-0.40919,-0.39580,0.16687,-0.45788,-0.17062,0.25366,-0.68260,-0.27789,0.32971,-0.80634,-0.36268,0.39826,-0.91727,-0.43087,0.10551,-0.38530,-0.25122,0.15394,-0.60925,-0.34092,0.19575,-0.73758,-0.40744,0.23527,-0.85537,-0.46311,0.05136,-0.29304,-0.32827,0.06630,-0.42065,-0.41359,0.09671,-0.52357,-0.46479,0.13064,-0.63252,-0.50800
OK,-0.00000,0.00000,0.00000,0.18187,-0.10669,-0.00436,0.31383,-0.23554,-0.04673,0.42898,-0.28901,-0.09824,0.53663,-0.32459,-0.15339,0.21061,-0.49252,-0.07261,0.36532,-0.60638,-0.19253,0.46005,-0.50964,-0.29492,0.52220,-0.39453,-0.35852,0.14942,-0.48644,-0.12666,0.25394,-0.69670,-0.20837,0.33234,-0.81414,-0.28056,0.39570,-0.91838,-0.33789,0.08061,-0.41222,-0.18654,0.15347,-0.62357,-0.25646,0.20013,-0.73890,-0.30280,0.24126,-0.85787,-0.34124,0.01961,-0.30055,-0.24550,0.04720,-0.40693,-0.31285,0.08099,-0.49095,-0.33872,0.12065,-0.59511,-0.35871
OK,-0.00000,0.00000,0.00000,0.19503,-0.09365,0.01685,0.32580,-0.22277,-0.02717,0.43243,-0.26961,-0.08742,0.54395,-0.30422,-0.15623,0.20812,-0.50034,-0.06200,0.38162,-0.58419,-0.16730,0.47909,-0.48206,-0.25460,0.53883,-0.36404,-0.31028,0.14450,-0.49646,-0.13598,0.29861,-0.68469,-0.21621,0.41007,-0.78490,-0.28332,0.48806,-0.87281,-0.33859,0.08552,-0.41876,-0.21350,0.20796,-0.60838,-0.28990,0.30211,-0.70384,-0.33824,0.36768,-0.79887,-0.37837,0.04772,-0.29785,-0.28712,0.13993,-0.39400,-0.36047,0.21721,-0.46594,-0.38712,0.28310,-0.54805,-0.40869
OK,-0.00000,0.00000,0.00000,0.21269,-0.08884,0.08437,0.33803,-0.20695,0.06719,0.44439,-0.24652,0.01480,0.55681,-0.28865,-0.05046,0.22016,-0.50570,0.01474,0.40211,-0.57355,-0.05376,0.48476,-0.46180,-0.11320,0.52075,-0.34460,-0.15594,0.16706,-0.49752,-0.09309,0.35664,-0.66809,-0.15206,0.49208,-0.74458,-0.20919,0.59286,-0.80531,-0.26355,0.13187,-0.42590,-0.20072,0.30237,-0.60488,-0.26265,0.41748,-0.68665,-0.30874,0.49732,-0.75175,-0.35292,0.12954,-0.32414,-0.29994,0.25974,-0.43489,-0.36494,0.35421,-0.50910,-0.39865,0.43287,-0.57223,-0.43129
OK,-0.00000,0.00000,0.00000,0.19715,-0.07397,0.14814,0.30864,-0.18419,0.18706,0.41142,-0.23650,0.18331,0.51545,-0.27773,0.16744,0.19849,-0.48652,0.14212,0.36221,-0.59320,0.14099,0.45031,-0.59182,0.13019,0.50458,-0.58967,0.11483,0.17623,-0.50024,0.02875,0.37581,-0.66176,0.01993,0.50016,-0.74135,0.00053,0.59304,-0.80518,-0.02281,0.17654,-0.45004,-0.08101,0.37333,-0.63142,-0.10500,0.49067,-0.71278,-0.11892,0.58309,-0.78736,-0.13755,0.20959,-0.36280,-0.17891,0.35476,-0.48988,-0.21720,0.44931,-0.55577,-0.23243,0.53234,-0.61849,-0.24841
OK,-0.00000,0.00000,0.00000,0.18770,-0.07490,0.17717,0.28486,-0.17463,0.24885,0.38836,-0.22056,0.28321,0.48224,-0.25706,0.30964,0.18542,-0.48675,0.17469,0.34643,-0.60636,0.21013,0.44074,-0.61133,0.22918,0.49420,-0.61373,0.23452,0.18259,-0.49849,0.07810,0.37963,-0.67532,0.09426,0.49106,-0.75506,0.09689,0.56542,-0.82480,0.09056,0.20025,-0.44353,-0.00908,0.38869,-0.64063,-0.00614,0.49686,-0.72840,-0.00602,0.57622,-0.80647,-0.01446,0.24872,-0.35820,-0.08007,0.38605,-0.51231,-0.09609,0.47946,-0.58141,-0.10359,0.55770,-0.64431,-0.11342
OK,-0.00000,0.00000,0.00000,0.14839,-0.09402,0.18030,0.23779,-0.19887,0.26029,0.32731,-0.24594,0.30349,0.40257,-0.28893,0.34078,0.14323,-0.48342,0.19707,0.27458,-0.64840,0.24132,0.36219,-0.70048,0.26587,0.41685,-0.73902,0.27306,0.15201,-0.49128,0.09832,0.31953,-0.69532,0.12809,0.41806,-0.78028,0.13618,0.47806,-0.84589,0.13173,0.18483,-0.44633,0.00607,0.35221,-0.65383,0.01791,0.44613,-0.75936,0.00992,0.51216,-0.85889,-0.00813,0.24815,-0.37787,-0.07066,0.36716,-0.54106,-0.08938,0.45150,-0.61585,-0.11026,0.52255,-0.68566,-0.13247
OK,-0.00000,0.00000,0.00000,0.18420,-0.10268,0.08976,0.25795,-0.22991,0.11291,0.34009,-0.29539,0.10800,0.41835,-0.35813,0.09866,0.10206,-0.50718,0.12930,0.20540,-0.66961,0.13532,0.27895,-0.75310,0.12693,0.33382,-0.81669,0.11702,0.09107,-0.52213,0.06079,0.23312,-0.72188,0.07001,0.32894,-0.82789,0.05999,0.39726,-0.91770,0.04417,0.11340,-0.49218,-0.00942,0.25478,-0.69257,-0.00396,0.35518,-0.79994,-0.00983,0.42335,-0.88908,-0.02389,0.17606,-0.44318,-0.07503,0.28702,-0.59935,-0.07417,0.36463,-0.68540,-0.07347,0.42852,-0.76093,-0.08000
OK,-0.00000,0.00000,0.00000,0.16199,-0.09604,0.07815,0.24623,-0.22510,0.11025,0.32414,-0.31487,0.11153,0.39006,-0.41231,0.11303,0.11041,-0.45235,0.17417,0.20782,-0.55045,0.15230,0.29651,-0.52318,0.11015,0.35152,-0.47658,0.08995,0.07223,-0.49802,0.11041,0.13294,-0.71181,0.12134,0.20160,-0.83682,0.11007,0.25198,-0.95020,0.09993,0.04229,-0.50875,0.03446,0.09927,-0.73871,0.03504,0.17388,-0.87345,0.03189,0.22635,-0.97405,0.03052,0.03286,-0.50353,-0.04035,0.09063,-0.69565,-0.03805,0.15470,-0.80013,-0.02533,0.21081,-0.88031,-0.01504
OK,-0.00000,0.00000,0.00000,0.15814,-0.09505,0.01412,0.24916,-0.24094,0.02471,0.33073,-0.35998,0.02027,0.37914,-0.48606,0.02165,0.08303,-0.45170,0.11062,0.18146,-0.57082,0.06870,0.28328,-0.56295,0.01480,0.34956,-0.52416,-0.01119,0.04164,-0.49553,0.08442,0.08832,-0.71342,0.08066,0.15956,-0.83129,0.06435,0.21832,-0.93253,0.05358,-0.00388,-0.51112,0.04201,0.01311,-0.73128,0.03755,0.06307,-0.87468,0.03251,0.10386,-0.99459,0.03240,-0.03820,-0.49683,-0.00481,-0.02219,-0.68083,0.00341,0.02140,-0.78831,0.01849,0.06649,-0.86898,0.03121
OK,-0.00000,0.00000,0.00000,0.14111,-0.08125,-0.01979,0.22881,-0.23697,-0.03531,0.30436,-0.36347,-0.06023,0.35016,-0.49182,-0.08117,0.08892,-0.46009,0.03555,0.17527,-0.59137,-0.03448,0.26985,-0.57549,-0.10015,0.32796,-0.52124,-0.13193,0.03280,-0.50119,0.01756,0.06454,-0.71133,-0.01457,0.12071,-0.84114,-0.03990,0.17223,-0.94658,-0.05338,-0.02767,-0.49974,-0.01589,-0.01632,-0.72232,-0.04515,0.01128,-0.87439,-0.05584,0.03994,-0.99920,-0.05630,-0.07883,-0.46179,-0.05486,-0.08127,-0.64828,-0.07387,-0.06159,-0.77947,-0.07129,-0.03683,-0.89063,-0.06334
OK,-0.00000,0.00000,0.00000,0.14564,-0.09313,-0.02676,0.23850,-0.24549,-0.05572,0.30631,-0.35776,-0.09267,0.35015,-0.47623,-0.12843,0.11092,-0.48141,-0.00756,0.19875,-0.61785,-0.08472,0.28202,-0.57904,-0.14967,0.32739,-0.50879,-0.18245,0.04667,-0.51268,-0.03118,0.08301,-0.72951,-0.07469,0.13031,-0.86649,-0.10771,0.16933,-0.98556,-0.12913,-0.01983,-0.48890,-0.06772,-0.01086,-0.71453,-0.10894,0.00804,-0.86696,-0.12972,0.02722,-0.99693,-0.14065,-0.07784,-0.42210,-0.10852,-0.08467,-0.60024,-0.14094,-0.07762,-0.72979,-0.14616,-0.06556,-0.84588,-0.14593
OK,-0.00000,0.00000,0.00000,0.18039,-0.09177,-0.00948,0.27895,-0.22164,-0.05048,0.35769,-0.30587,-0.10819,0.42783,-0.40374,-0.17341,0.16628,-0.47562,-0.04445,0.27538,-0.60155,-0.15274,0.36117,-0.52917,-0.23891,0.40674,-0.43214,-0.28920,0.09888,-0.48698,-0.10273,0.15953,-0.71184,-0.17630,0.21102,-0.84389,-0.23705,0.25437,-0.96711,-0.28495,0.02974,-0.44629,-0.17308,0.05813,-0.66652,-0.24650,0.08293,-0.80879,-0.30374,0.10490,-0.93341,-0.34815,-0.03280,-0.37333,-0.24451,-0.01983,-0.51510,-0.32095,0.00453,-0.62675,-0.36562,0.03228,-0.73259,-0.39975
OK,-0.00000,0.00000,0.00000,0.18164,-0.10222,0.00269,0.29439,-0.24396,-0.03179,0.39520,-0.30642,-0.08244,0.48502,-0.37335,-0.13822,0.19339,-0.49981,-0.02501,0.31458,-0.61771,-0.13077,0.40624,-0.53498,-0.22487,0.46076,-0.43192,-0.28052,0.12927,-0.50774,-0.08007,0.20007,-0.71356,-0.13932,0.26961,-0.83587,-0.19750,0.33036,-0.94386,-0.24577,0.06018,-0.46144,-0.14526,0.11774,-0.67320,-0.19696,0.17408,-0.79860,-0.23879,0.22093,-0.91083,-0.27482,-0.00224,-0.37809,-0.21163,0.03241,-0.51380,-0.26041,0.07894,-0.61091,-0.28199,0.12373,-0.70469,-0.30035
OK,-0.00000,0.00000,0.00000,0.20663,-0.12114,0.01687,0.33815,-0.26591,-0.03246,0.45132,-0.32687,-0.09786,0.56628,-0.37321,-0.17103,0.19869,-0.54794,-0.07421,0.37664,-0.64704,-0.19563,0.48187,-0.54768,-0.29701,0.54967,-0.42374,-0.36012,0.13574,-0.53121,-0.14740,0.28944,-0.71669,-0.23173,0.38995,-0.81142,-0.29426,0.46480,-0.88542,-0.34573,0.07654,-0.44452,-0.22500,0.22010,-0.62632,-0.29580,0.30905,-0.71501,-0.32781,0.37533,-0.80115,-0.35793,0.03852,-0.30958,-0.30065,0.13936,-0.38691,-0.36659,0.21274,-0.45452,-0.38281,0.27668,-0.53316,-0.39684
OK,-0.00000,0.00000,0.00000,0.20537,-0.14676,0.12828,0.31306,-0.26168,0.12211,0.42018,-0.30777,0.07902,0.53287,-0.35127,0.01949,0.19329,-0.51288,-0.02427,0.38062,-0.59380,-0.08874,0.47047,-0.49638,-0.12729,0.52282,-0.40219,-0.15996,0.15772,-0.47835,-0.15125,0.34316,-0.64823,-0.22682,0.47041,-0.74097,-0.27463,0.57133,-0.82072,-0.32239,0.14236,-0.37679,-0.26754,0.31211,-0.55140,-0.34688,0.41199,-0.65451,-0.39005,0.48745,-0.75339,-0.43345,0.15292,-0.24996,-0.36823,0.26361,-0.35797,-0.46117,0.34648,-0.45223,-0.51060,0.42141,-0.55053,-0.55507
OK,-0.00000,0.00000,0.00000,0.16523,-0.13450,0.16573,0.26265,-0.24984,0.20420,0.35740,-0.30544,0.20250,0.44740,-0.36567,0.18648,0.17146,-0.48596,0.07186,0.29454,-0.61223,0.05740,0.37733,-0.67447,0.05838,0.43830,-0.73036,0.05008,0.15869,-0.45682,-0.05496,0.30862,-0.64194,-0.10711,0.41378,-0.76070,-0.13119,0.49849,-0.86689,-0.15027,0.16301,-0.38512,-0.16967,0.30546,-0.57229,-0.23677,0.39696,-0.68979,-0.25982,0.46861,-0.80373,-0.27567,0.19380,-0.28690,-0.26689,0.30275,-0.42970,-0.35102,0.37696,-0.53830,-0.39203,0.43493,-0.64483,-0.42041
OK,-0.00000,0.00000,0.00000,0.16283,-0.13973,0.18822,0.24315,-0.25479,0.24450,0.33170,-0.31458,0.25642,0.39508,-0.37101,0.25820,0.14098,-0.49377,0.13083,0.27083,-0.65128,0.13878,0.33813,-0.68475,0.14886,0.37359,-0.70940,0.14329,0.12869,-0.48391,0.00486,0.27717,-0.69232,-0.01634,0.36212,-0.81604,-0.02837,0.41840,-0.90826,-0.04687,0.14629,-0.42113,-0.11020,0.28635,-0.66722,-0.13511,0.35749,-0.79036,-0.13226,0.41053,-0.90623,-0.14294,0.19533,-0.34300,-0.20930,0.27527,-0.50274,-0.26834,0.33124,-0.61751,-0.30087,0.38345,-0.73556,-0.32952
OK,-0.00000,0.00000,0.00000,0.16794,-0.12227,0.10593,0.24002,-0.24738,0.12438,0.32101,-0.31022,0.11320,0.39643,-0.36597,0.09848,0.09883,-0.50871,0.09543,0.21890,-0.69218,0.08049,0.28289,-0.72083,0.05594,0.31015,-0.71413,0.03917,0.08198,-0.49932,0.02247,0.22635,-0.70071,0.01530,0.30881,-0.82735,-0.01127,0.35816,-0.91633,-0.04160,0.10108,-0.44579,-0.04632,0.21673,-0.69087,-0.03374,0.29347,-0.83059,-0.03226,0.34157,-0.93986,-0.04727,0.16010,-0.39244,-0.10850,0.23417,-0.56739,-0.10252,0.28756,-0.68085,-0.09956,0.33362,-0.78949,-0.10654
OK,-0.00000,0.00000,0.00000,0.16242,-0.11313,0.08614,0.22439,-0.22750,0.10922,0.30078,-0.30734,0.10302,0.36475,-0.39180,0.09694,0.10018,-0.46757,0.13808,0.20754,-0.54271,0.09893,0.29196,-0.50244,0.04755,0.33128,-0.44101,0.02262,0.06997,-0.50071,0.07313,0.14730,-0.70777,0.06955,0.20214,-0.84243,0.05938,0.23460,-0.95916,0.05065,0.05389,-0.49603,-0.00021,0.12350,-0.72237,0.00078,0.17276,-0.86359,0.01186,0.19924,-0.97995,0.01819,0.06797,-0.47833,-0.07186,0.12238,-0.66341,-0.07054,0.16964,-0.77690,-0.05500,0.20558,-0.87715,-0.04257
OK,-0.00000,0.00000,0.00000,0.14770,-0.08133,0.04827,0.23148,-0.22790,0.06964,0.30818,-0.33302,0.06767,0.35975,-0.43993,0.06957,0.08629,-0.45825,0.13103,0.17885,-0.56341,0.09523,0.27436,-0.53329,0.04930,0.33139,-0.48116,0.02894,0.04914,-0.50301,0.08457,0.09297,-0.71196,0.08712,0.14819,-0.82964,0.08563,0.18415,-0.93630,0.08579,0.01801,-0.51498,0.02392,0.04936,-0.73206,0.02232,0.09600,-0.87529,0.03197,0.12445,-0.99223,0.04177,0.00189,-0.50615,-0.03921,0.02958,-0.69551,-0.03792,0.07554,-0.81002,-0.02100,0.11578,-0.90240,-0.00499
OK,-0.00000,0.00000,0.00000,0.14221,-0.11444,0.03859,0.20550,-0.27291,0.05483,0.27253,-0.38653,0.05071,0.30907,-0.50353,0.04946,0.05371,-0.47275,0.10840,0.13449,-0.60921,0.06386,0.22923,-0.58791,0.00944,0.29049,-0.53473,-0.01660,0.00375,-0.50623,0.06727,0.02162,-0.72537,0.06209,0.07116,-0.85491,0.04905,0.11448,-0.95062,0.04164,-0.04344,-0.50453,0.01339,-0.04703,-0.72777,0.01145,-0.01717,-0.88177,0.01487,0.00850,-0.99996,0.01996,-0.07498,-0.47772,-0.04313,-0.07707,-0.65900,-0.04224,-0.05027,-0.78427,-0.02841,-0.01909,-0.88292,-0.01428
OK,-0.00000,0.00000,0.00000,0.12831,-0.13817,0.03039,0.18687,-0.30467,0.03144,0.24301,-0.41472,0.01372,0.28082,-0.53041,-0.00311,0.02540,-0.51441,0.06818,0.09102,-0.65297,0.00947,0.18246,-0.63412,-0.04918,0.24440,-0.57518,-0.07858,-0.02131,-0.52015,0.02046,-0.01138,-0.73828,0.00123,0.02343,-0.88065,-0.02030,0.04945,-0.99878,-0.03613,-0.06059,-0.48180,-0.03886,-0.07369,-0.70498,-0.05797,-0.06715,-0.86275,-0.06893,-0.06308,-0.99340,-0.07696,-0.07943,-0.41961,-0.09956,-0.09080,-0.59016,-0.11987,-0.08083,-0.71745,-0.12073,-0.06959,-0.83207,-0.11882
OK,-0.00000,0.00000,0.00000,0.13838,-0.14291,0.04031,0.20400,-0.30289,0.03985,0.26967,-0.40255,0.01800,0.32301,-0.50298,-0.00479,0.06905,-0.52533,0.05465,0.14899,-0.65302,-0.01319,0.24365,-0.61236,-0.07712,0.30030,-0.54234,-0.10958,0.02765,-0.52356,-0.00339,0.03903,-0.73504,-0.02712,0.06701,-0.87899,-0.04737,0.08499,-0.99638,-0.06373,-0.00940,-0.48132,-0.07239,-0.02266,-0.70104,-0.09329,-0.02229,-0.85267,-0.09726,-0.02669,-0.97202,-0.10200,-0.02822,-0.42267,-0.14276,-0.03990,-0.59350,-0.16919,-0.04224,-0.72588,-0.17067,-0.04657,-0.84233,-0.16902
OK,-0.00000,0.00000,0.00000,0.15011,-0.16157,0.00860,0.23799,-0.33545,-0.01587,0.31207,-0.43704,-0.05435,0.39350,-0.51092,-0.09403,0.07754,-0.54362,0.00533,0.19571,-0.68007,-0.07339,0.29882,-0.62761,-0.15123,0.36314,-0.54035,-0.19705,0.03219,-0.53079,-0.04161,0.10567,-0.73894,-0.07827,0.15516,-0.87218,-0.11832,0.18645,-0.98246,-0.15385,0.00726,-0.45708,-0.09768,0.08185,-0.66365,-0.13012,0.10997,-0.79766,-0.14913,0.12341,-0.91390,-0.16801,0.01394,-0.34023,-0.15544,0.07847,-0.46599,-0.18053,0.11804,-0.56120,-0.17952,0.15312,-0.65313,-0.18204
OK,-0.00000,0.00000,0.00000,0.19470,-0.17303,0.01469,0.26229,-0.34093,-0.00888,0.32589,-0.45206,-0.04054,0.39979,-0.52027,-0.07905,0.07792,-0.52643,-0.05614,0.19573,-0.70958,-0.09987,0.27258,-0.82006,-0.13127,0.33929,-0.92226,-0.15872,0.04573,-0.48866,-0.10221,0.18495,-0.70328,-0.15780,0.27381,-0.82717,-0.19536,0.34535,-0.93847,-0.22659,0.05087,-0.39974,-0.14452,0.19440,-0.60829,-0.20778,0.27245,-0.72693,-0.23685,0.32557,-0.82760,-0.25642,0.09910,-0.28422,-0.18261,0.23196,-0.42427,-0.23847,0.31827,-0.49605,-0.25587,0.38249,-0.55150,-0.26816
OK,-0.00000,0.00000,0.00000,0.10482,-0.17672,0.13746,0.19215,-0.32888,0.15225,0.28581,-0.42781,0.13882,0.37858,-0.50739,0.10913,0.09362,-0.49719,-0.02827,0.22808,-0.66929,-0.06348,0.32038,-0.76492,-0.07904,0.39464,-0.84736,-0.10011,0.08968,-0.44974,-0.13801,0.23464,-0.67682,-0.19603,0.33503,-0.80128,-0.22465,0.41584,-0.90944,-0.25477,0.11156,-0.35712,-0.23091,0.25134,-0.57803,-0.29772,0.33658,-0.70469,-0.33461,0.40415,-0.81535,-0.36872,0.15838,-0.24626,-0.30524,0.27493,-0.37522,-0.38286,0.36150,-0.45819,-0.42436,0.43607,-0.53646,-0.45990
OK,-0.00000,0.00000,0.00000,0.11112,-0.15329,0.15770,0.20018,-0.26938,0.19399,0.29385,-0.33556,0.19445,0.37905,-0.39150,0.18270,0.09006,-0.47815,0.06769,0.22034,-0.64858,0.06340,0.30505,-0.73791,0.06378,0.37711,-0.81776,0.05411,0.10214,-0.45291,-0.04545,0.25132,-0.68508,-0.06900,0.34356,-0.81171,-0.08061,0.41622,-0.90927,-0.09729,0.13328,-0.38433,-0.14532,0.28399,-0.61197,-0.17360,0.35972,-0.71454,-0.17838,0.41710,-0.80577,-0.19005,0.19054,-0.28934,-0.23063,0.30888,-0.45703,-0.27718,0.38542,-0.55107,-0.29699,0.44685,-0.64194,-0.31499
OK,-0.00000,0.00000,0.00000,0.13941,-0.11761,0.09635,0.21895,-0.24074,0.12345,0.30391,-0.32307,0.12768,0.37576,-0.39293,0.12531,0.09174,-0.47688,0.07014,0.21521,-0.66361,0.07525,0.29080,-0.74844,0.08263,0.34784,-0.82591,0.08023,0.08974,-0.48595,-0.00188,0.23953,-0.71910,-0.00920,0.32261,-0.83553,-0.01094,0.38022,-0.92489,-0.01769,0.11888,-0.43786,-0.06965,0.26906,-0.67930,-0.08790,0.34312,-0.80182,-0.09671,0.39371,-0.91366,-0.10944,0.18555,-0.35990,-0.12838,0.29614,-0.53512,-0.16881,0.36673,-0.63567,-0.19200,0.42243,-0.73749,-0.21096
OK,-0.00000,0.00000,0.00000,0.15544,-0.09845,0.04429,0.23618,-0.21151,0.03589,0.32351,-0.27412,0.00663,0.40512,-0.34901,-0.02080,0.10639,-0.51047,0.06599,0.25753,-0.56936,0.00615,0.34814,-0.49904,-0.05285,0.37837,-0.41335,-0.08032,0.07968,-0.53187,0.01743,0.21504,-0.71854,0.00627,0.29546,-0.83537,-0.00103,0.34817,-0.93743,-0.00938,0.07496,-0.51299,-0.04018,0.19776,-0.72030,-0.04466,0.28456,-0.83939,-0.03025,0.33805,-0.93439,-0.02304,0.10956,-0.47227,-0.09919,0.19865,-0.63941,-0.10712,0.26625,-0.74469,-0.09332,0.32049,-0.84109,-0.08033
OK,-0.00000,0.00000,0.00000,0.16535,-0.04248,0.03314,0.28453,-0.15002,0.04785,0.38744,-0.24278,0.04014,0.46137,-0.34814,0.03559,0.15898,-0.39941,0.13534,0.26946,-0.49315,0.09156,0.36662,-0.45837,0.03209,0.42874,-0.40205,0.00425,0.12649,-0.46632,0.09957,0.20709,-0.66891,0.09946,0.28663,-0.76640,0.08003,0.35517,-0.85465,0.06770,0.08350,-0.51007,0.04852,0.14813,-0.73436,0.05287,0.21506,-0.86325,0.05148,0.26822,-0.96336,0.05329,0.04551,-0.52815,-0.00628,0.10199,-0.71929,0.00634,0.16217,-0.82893,0.02372,0.21696,-0.91238,0.03966
OK,-0.00000,0.00000,0.00000,0.19563,-0.02673,0.07138,0.31294,-0.12412,0.12214,0.40891,-0.21766,0.14254,0.47629,-0.34020,0.16565,0.17661,-0.38345,0.24591,0.29499,-0.46819,0.24181,0.39516,-0.43978,0.20024,0.45807,-0.38978,0.18276,0.13547,-0.46369,0.20018,0.22364,-0.66160,0.24333,0.31080,-0.75887,0.23640,0.38445,-0.83835,0.23113,0.08730,-0.51703,0.13686,0.15483,-0.73171,0.17611,0.22338,-0.86041,0.18980,0.27227,-0.96222,0.19984,0.04190,-0.54316,0.07039,0.09560,-0.74065,0.11019,0.14904,-0.85383,0.14336,0.19481,-0.94964,0.16993
OK,-0.00000,0.00000,0.00000,0.16997,-0.02413,0.01863,0.28757,-0.12249,0.03088,0.38169,-0.21786,0.02498,0.44974,-0.33129,0.02255,0.16147,-0.39702,0.12007,0.27082,-0.48172,0.08077,0.36653,-0.44760,0.03055,0.41894,-0.39000,0.00883,0.11835,-0.47147,0.08949,0.18951,-0.67280,0.08850,0.26887,-0.77768,0.07829,0.33515,-0.86107,0.07527,0.06805,-0.51103,0.04251,0.11884,-0.72671,0.03927,0.17114,-0.86647,0.04319,0.20928,-0.97786,0.05224,0.02240,-0.51732,-0.00896,0.05470,-0.71460,-0.00681,0.09265,-0.84491,0.00940,0.12582,-0.95689,0.02720
OK,-0.00000,0.00000,0.00000,0.14882,-0.04020,-0.00182,0.25974,-0.14987,-0.00793,0.35277,-0.24295,-0.02751,0.41314,-0.35577,-0.04266,0.13876,-0.41662,0.06161,0.24800,-0.51425,0.00305,0.34620,-0.47834,-0.05217,0.39740,-0.41478,-0.07603,0.09673,-0.48370,0.03579,0.15611,-0.69429,0.01085,0.22931,-0.80977,-0.00280,0.29013,-0.89941,-0.00519,0.04734,-0.51222,-0.00513,0.07976,-0.73272,-0.02948,0.12061,-0.87658,-0.02680,0.15178,-0.98841,-0.01452,0.00197,-0.50264,-0.05082,0.01846,-0.70035,-0.06324,0.04498,-0.83453,-0.04918,0.06967,-0.94529,-0.03032
OK,-0.00000,0.00000,0.00000,0.14026,-0.06996,-0.01396,0.23991,-0.20816,-0.02652,0.32043,-0.32267,-0.04828,0.36646,-0.44434,-0.06558,0.10842,-0.44792,0.03409,0.20458,-0.57179,-0.02740,0.29934,-0.54232,-0.08369,0.35090,-0.48336,-0.11015,0.05799,-0.49607,0.01391,0.10220,-0.70695,-0.01713,0.16105,-0.83198,-0.03688,0.20987,-0.93451,-0.04585,0.00347,-0.50370,-0.02007,0.02024,-0.72559,-0.05108,0.05318,-0.87479,-0.05731,0.08288,-0.99656,-0.05326,-0.04461,-0.47442,-0.05842,-0.04170,-0.66453,-0.07725,-0.02261,-0.79731,-0.07061,-0.00273,-0.91045,-0.05894
OK,-0.00000,0.00000,0.00000,0.13632,-0.08506,-0.02197,0.22628,-0.24158,-0.04061,0.29266,-0.36318,-0.06715,0.33590,-0.48622,-0.09055,0.09269,-0.46958,0.01773,0.17288,-0.60434,-0.04813,0.25771,-0.57754,-0.10736,0.30784,-0.51454,-0.13614,0.03400,-0.50844,-0.00340,0.05919,-0.72552,-0.03926,0.10858,-0.85919,-0.06835,0.15046,-0.96758,-0.08549,-0.02575,-0.49744,-0.03793,-0.02878,-0.71950,-0.07337,-0.01483,-0.87124,-0.08942,-0.00040,-1.00000,-0.09498,-0.07639,-0.44691,-0.07683,-0.09459,-0.62989,-0.10029,-0.09597,-0.76127,-0.09926,-0.09332,-0.87822,-0.09404
OK,-0.00000,0.00000,0.00000,0.13458,-0.09718,-0.02779,0.22468,-0.25591,-0.05382,0.28892,-0.37690,-0.08753,0.32929,-0.49933,-0.11918,0.09388,-0.48006,0.00052,0.17393,-0.62387,-0.07056,0.25769,-0.59710,-0.13118,0.30288,-0.52951,-0.16096,0.03212,-0.51587,-0.02035,0.04784,-0.73883,-0.05969,0.08908,-0.87801,-0.09022,0.12270,-0.99244,-0.10907,-0.02822,-0.49823,-0.05434,-0.04707,-0.72073,-0.09225,-0.04143,-0.87048,-0.11068,-0.03166,-0.99789,-0.11938,-0.07937,-0.43596,-0.09290,-0.11466,-0.60556,-0.12063,-0.12571,-0.73441,-0.12343,-0.12820,-0.84970,-0.12162
OK,-0.00000,0.00000,0.00000,0.13383,-0.08999,-0.02969,0.22999,-0.23485,-0.06026,0.29921,-0.34164,-0.09704,0.33085,-0.45472,-0.13250,0.11042,-0.47423,-0.01722,0.19537,-0.61081,-0.09611,0.27551,-0.57442,-0.16224,0.31659,-0.50135,-0.19499,0.04505,-0.50805,-0.03878,0.05891,-0.73536,-0.08340,0.09288,-0.87532,-0.11664,0.12171,-0.99257,-0.13661,-0.02130,-0.48233,-0.07225,-0.04386,-0.70539,-0.11439,-0.04592,-0.85076,-0.13411,-0.04353,-0.97757,-0.14312,-0.07827,-0.40695,-0.10962,-0.11319,-0.56886,-0.13901,-0.13217,-0.68668,-0.13832,-0.14550,-0.79358,-0.13329
OK,-0.00000,0.00000,0.00000,0.14815,-0.07482,-0.04423,0.26623,-0.21253,-0.08006,0.34488,-0.31807,-0.11912,0.36216,-0.41745,-0.15534,0.17306,-0.46770,-0.03751,0.25882,-0.61510,-0.12512,0.32021,-0.54542,-0.19583,0.34197,-0.45371,-0.23297,0.09918,-0.50737,-0.05370,0.13544,-0.73226,-0.10006,0.16066,-0.86917,-0.13536,0.17478,-0.98461,-0.16043,0.01921,-0.47917,-0.08298,0.02015,-0.68923,-0.12938,0.02006,-0.82461,-0.15338,0.02444,-0.95370,-0.16848,-0.05786,-0.39541,-0.11703,-0.08855,-0.52887,-0.15283,-0.10297,-0.62446,-0.15496,-0.11227,-0.71477,-0.15352
OK,-0.00000,0.00000,0.00000,0.17398,-0.07113,-0.06622,0.30537,-0.19648,-0.11825,0.39868,-0.27700,-0.17244,0.48873,-0.33418,-0.22386,0.24667,-0.51994,-0.06274,0.35729,-0.67712,-0.16724,0.40942,-0.55875,-0.25539,0.43332,-0.42889,-0.30424,0.13923,-0.55664,-0.07702,0.18730,-0.75705,-0.13796,0.23089,-0.86472,-0.19689,0.27730,-0.96078,-0.24230,0.03038,-0.52175,-0.10674,0.02921,-0.68886,-0.16880,0.03777,-0.79590,-0.21257,0.06044,-0.90057,-0.24270,-0.07045,-0.43561,-0.14242,-0.11432,-0.56151,-0.19097,-0.13843,-0.64549,-0.20453,-0.14706,-0.73071,-0.21266
OK,-0.00000,0.00000,0.00000,0.14804,-0.04927,-0.04719,0.26125,-0.17136,-0.08883,0.34932,-0.25297,-0.13227,0.41360,-0.32444,-0.17385,0.19203,-0.49233,-0.05048,0.28837,-0.64341,-0.14579,0.34506,-0.54660,-0.22363,0.36680,-0.43052,-0.26522,0.10093,-0.53365,-0.07048,0.15432,-0.74247,-0.12355,0.18800,-0.86571,-0.17196,0.21552,-0.97650,-0.20690,0.00426,-0.49775,-0.10331,0.00817,-0.69936,-0.16233,0.00497,-0.82631,-0.20375,0.01076,-0.94629,-0.23045,-0.08933,-0.40418,-0.13919,-0.11824,-0.53839,-0.19535,-0.13493,-0.62526,-0.21236,-0.14251,-0.70950,-0.21952
OK,-0.00000,0.00000,0.00000,0.13939,-0.05278,-0.04519,0.24849,-0.18608,-0.08216,0.32384,-0.28823,-0.12115,0.39226,-0.38187,-0.15817,0.17093,-0.44780,-0.04215,0.26366,-0.58156,-0.12931,0.32719,-0.51652,-0.19935,0.35720,-0.43161,-0.23594,0.09521,-0.49200,-0.06114,0.14134,-0.71253,-0.11594,0.17809,-0.85335,-0.16083,0.20710,-0.97832,-0.19195,0.01804,-0.47107,-0.09262,0.03127,-0.68379,-0.14678,0.04305,-0.82036,-0.18239,0.06238,-0.94397,-0.20434,-0.05793,-0.40140,-0.12787,-0.06104,-0.55628,-0.17040,-0.05497,-0.66169,-0.18234,-0.04166,-0.75583,-0.18804
OK,-0.00000,0.00000,0.00000,0.14853,-0.06147,-0.03331,0.25866,-0.20344,-0.05851,0.34179,-0.31005,-0.08975,0.41496,-0.40456,-0.11892,0.15910,-0.45405,-0.00411,0.26130,-0.57408,-0.08056,0.34382,-0.52477,-0.14914,0.39209,-0.45419,-0.18547,0.10646,-0.50817,-0.02195,0.16526,-0.72114,-0.06850,0.22710,-0.85167,-0.10788,0.27635,-0.96106,-0.13443,0.04735,-0.50774,-0.05331,0.07910,-0.72294,-0.09350,0.12045,-0.86122,-0.12032,0.16065,-0.97510,-0.13568,-0.01062,-0.46306,-0.08990,0.00639,-0.62981,-0.11429,0.04098,-0.74286,-0.11950,0.08188,-0.83367,-0.12155
OK,-0.00000,0.00000,0.00000,0.15315,-0.06601,-0.01535,0.26704,-0.20518,-0.03266,0.36193,-0.30880,-0.06197,0.43349,-0.41132,-0.08753,0.15191,-0.45045,0.03356,0.26188,-0.56685,-0.04322,0.35766,-0.52324,-0.11450,0.41349,-0.45535,-0.14897,0.11322,-0.50176,0.01200,0.17509,-0.70813,-0.02054,0.25576,-0.82792,-0.04551,0.32296,-0.93353,-0.06172,0.06609,-0.51970,-0.02560,0.10982,-0.73645,-0.05237,0.17415,-0.86687,-0.06268,0.23081,-0.97300,-0.06599,0.02395,-0.50493,-0.06940,0.05918,-0.68354,-0.08553,0.11294,-0.79330,-0.08308,0.16841,-0.87984,-0.07732
OK,-0.00000,0.00000,0.00000,0.16617,-0.04967,0.01709,0.28036,-0.16021,0.01249,0.38228,-0.23537,-0.01214,0.45837,-0.32019,-0.03538,0.17974,-0.42485,0.07953,0.29982,-0.51220,0.02474,0.38315,-0.44536,-0.03454,0.41715,-0.35880,-0.06422,0.14589,-0.48554,0.03961,0.23631,-0.67718,0.01813,0.31688,-0.77812,-0.00698,0.37574,-0.87108,-0.02406,0.10847,-0.51043,-0.01411,0.19111,-0.72302,-0.03714,0.27019,-0.84693,-0.05089,0.32740,-0.94489,-0.05694,0.08364,-0.50285,-0.07085,0.16749,-0.68120,-0.08332,0.24530,-0.78074,-0.07790,0.31410,-0.85589,-0.07154
OK,-0.00000,0.00000,0.00000,0.17478,-0.02588,0.05897,0.28680,-0.11274,0.06785,0.38949,-0.15697,0.04849,0.48400,-0.21251,0.03026,0.21663,-0.42096,0.12040,0.35210,-0.45229,0.07822,0.42837,-0.36493,0.02830,0.45054,-0.27486,0.00499,0.18939,-0.48671,0.05742,0.32124,-0.65726,0.05435,0.41569,-0.75793,0.04653,0.47840,-0.84806,0.03931,0.16749,-0.50491,-0.01795,0.29072,-0.70388,-0.02818,0.39580,-0.80908,-0.02591,0.46587,-0.88485,-0.02316,0.16907,-0.49002,-0.09378,0.27679,-0.65655,-0.10388,0.36926,-0.74444,-0.09347,0.45034,-0.80765,-0.08304
OK,-0.00000,0.00000,0.00000,0.20209,-0.00979,0.12058,0.30339,-0.07021,0.14838,0.40279,-0.09504,0.13970,0.50758,-0.13407,0.12918,0.24015,-0.43919,0.16784,0.39717,-0.41667,0.14948,0.47683,-0.30417,0.11230,0.49261,-0.20827,0.09489,0.21616,-0.48740,0.08413,0.40050,-0.63487,0.10827,0.51571,-0.71335,0.11579,0.58710,-0.78793,0.11359,0.21568,-0.47064,-0.00450,0.38522,-0.65876,0.01689,0.50101,-0.74951,0.04304,0.57105,-0.82092,0.05361,0.26266,-0.41768,-0.08858,0.39413,-0.55790,-0.07851,0.48619,-0.62976,-0.05324,0.56358,-0.69586,-0.03526
OK,-0.00000,0.00000,0.00000,0.20020,-0.00950,0.13569,0.31124,-0.06902,0.17681,0.42096,-0.08444,0.17763,0.53252,-0.11511,0.17691,0.24945,-0.43926,0.20358,0.41149,-0.41711,0.19601,0.49253,-0.30019,0.16317,0.51006,-0.20035,0.14890,0.22990,-0.48886,0.11832,0.41544,-0.63015,0.15482,0.52933,-0.69906,0.16670,0.59720,-0.76884,0.16797,0.23017,-0.47010,0.02799,0.40219,-0.65999,0.06581,0.51669,-0.74395,0.10480,0.58530,-0.81081,0.12353,0.27977,-0.41586,-0.05811,0.41569,-0.56069,-0.03618,0.50648,-0.63410,-0.00269,0.58297,-0.70173,0.02207
OK,-0.00000,0.00000,0.00000,0.17034,-0.01192,0.03366,0.29839,-0.09487,0.03028,0.41140,-0.13011,0.00446,0.51456,-0.15894,-0.02018,0.23430,-0.40290,0.08161,0.38470,-0.42107,0.02650,0.47835,-0.32685,-0.03107,0.51365,-0.23445,-0.05773,0.21488,-0.46684,0.03321,0.36031,-0.63650,0.02137,0.47063,-0.73381,0.01308,0.54684,-0.82163,0.00811,0.19610,-0.47786,-0.02796,0.33286,-0.67179,-0.04040,0.44331,-0.77812,-0.03167,0.52025,-0.85402,-0.02295,0.19952,-0.45013,-0.09173,0.30619,-0.60574,-0.10298,0.39662,-0.69330,-0.08934,0.47834,-0.75458,-0.07469
OK,-0.00000,0.00000,0.00000,0.15048,-0.01512,-0.00823,0.27423,-0.10291,-0.02578,0.38889,-0.13760,-0.04804,0.48656,-0.17045,-0.06344,0.19678,-0.43643,-0.00669,0.36884,-0.47185,-0.07376,0.45171,-0.35138,-0.13924,0.48184,-0.24289,-0.17097,0.17979,-0.47896,-0.02215,0.32309,-0.65698,-0.04890,0.42201,-0.77109,-0.06940,0.49698,-0.86776,-0.08391,0.17037,-0.47833,-0.04563,0.30490,-0.67283,-0.06430,0.40631,-0.77576,-0.06494,0.48263,-0.84824,-0.06207,0.18767,-0.44709,-0.07212,0.28794,-0.60644,-0.08771,0.36595,-0.70345,-0.07892,0.43690,-0.77838,-0.06599
OK,-0.00000,0.00000,0.00000,0.15635,-0.03924,0.02913,0.25684,-0.16761,0.02714,0.36307,-0.22209,0.01052,0.45559,-0.26575,-0.00197,0.15042,-0.46796,0.05046,0.31161,-0.53848,-0.00350,0.39843,-0.43943,-0.06038,0.42929,-0.34222,-0.08787,0.12900,-0.50514,0.01499,0.27614,-0.68836,0.00326,0.37745,-0.79816,-0.01172,0.45229,-0.89187,-0.02653,0.12396,-0.49710,-0.02853,0.25821,-0.70819,-0.03322,0.35556,-0.81807,-0.03072,0.42324,-0.90489,-0.03185,0.15318,-0.46161,-0.07317,0.25067,-0.63395,-0.07290,0.32747,-0.73320,-0.05994,0.39329,-0.81695,-0.05035
OK,-0.00000,0.00000,0.00000,0.18505,-0.06381,0.06763,0.29662,-0.18155,0.09319,0.39889,-0.24061,0.09758,0.48559,-0.28929,0.09964,0.16495,-0.46411,0.12150,0.30170,-0.56048,0.11779,0.38907,-0.54854,0.09550,0.43800,-0.53286,0.07946,0.14281,-0.50037,0.06562,0.29555,-0.69210,0.07328,0.39281,-0.79374,0.05990,0.45573,-0.86604,0.04387,0.14742,-0.47996,0.00439,0.28823,-0.68699,-0.00085,0.38344,-0.80479,-0.01928,0.44475,-0.89566,-0.03762,0.18991,-0.42682,-0.05251,0.28904,-0.58596,-0.06835,0.35839,-0.68405,-0.07945,0.41366,-0.76501,-0.09070
OK,-0.00000,0.00000,0.00000,0.15220,-0.05651,0.06240,0.27784,-0.21184,0.09505,0.38515,-0.27885,0.10083,0.47919,-0.33189,0.10681,0.16435,-0.51855,0.15862,0.25648,-0.70344,0.17821,0.34974,-0.79711,0.17482,0.42884,-0.85402,0.16582,0.13397,-0.54703,0.09557,0.24912,-0.76678,0.11228,0.35085,-0.86235,0.10346,0.43345,-0.90118,0.09381,0.11757,-0.54101,0.02437,0.24258,-0.75885,0.02432,0.35281,-0.82961,0.01532,0.44206,-0.85366,0.00698,0.13050,-0.50732,-0.04641,0.25193,-0.67627,-0.05999,0.34812,-0.72912,-0.06527,0.43089,-0.74480,-0.06864
OK,-0.00000,0.00000,0.00000,0.20186,-0.11593,0.07775,0.31952,-0.27358,0.08523,0.41777,-0.36947,0.05836,0.47803,-0.46894,0.03165,0.13599,-0.58582,0.11938,0.23980,-0.83826,0.08518,0.38429,-0.88873,0.05649,0.46839,-0.86890,0.04325,0.09343,-0.59897,0.03581,0.23298,-0.89836,0.00996,0.39239,-0.91980,-0.00038,0.46653,-0.87796,-0.00147,0.08060,-0.57323,-0.05578,0.21732,-0.87373,-0.08360,0.38007,-0.89467,-0.07369,0.46463,-0.85489,-0.06142,0.10627,-0.51221,-0.14507,0.23602,-0.75284,-0.16592,0.36043,-0.77967,-0.14978,0.43228,-0.73632,-0.13252
OK,-0.00000,0.00000,0.00000,0.18706,-0.09951,0.07531,0.30991,-0.25710,0.08839,0.41758,-0.34572,0.06741,0.50052,-0.43924,0.04579,0.15333,-0.57348,0.13176,0.24965,-0.82703,0.09831,0.39066,-0.87728,0.06367,0.47560,-0.85340,0.04623,0.11458,-0.59964,0.05227,0.24198,-0.89539,0.02972,0.39345,-0.91935,0.01003,0.47263,-0.86808,0.00075,0.09944,-0.58698,-0.03602,0.23182,-0.88025,-0.06170,0.38695,-0.89699,-0.06427,0.47317,-0.84590,-0.06227,0.11764,-0.54002,-0.12207,0.25051,-0.76232,-0.14271,0.37096,-0.78133,-0.13467,0.44582,-0.73577,-0.12486
OK,-0.00000,0.00000,0.00000,0.18607,-0.10266,0.05029,0.29250,-0.24542,0.06086,0.39034,-0.32367,0.04752,0.47675,-0.37234,0.03041,0.15591,-0.50962,0.11356,0.25075,-0.70809,0.11448,0.33013,-0.81541,0.09714,0.39418,-0.89485,0.07928,0.12537,-0.52467,0.05751,0.25148,-0.74751,0.05969,0.34202,-0.84833,0.03948,0.40637,-0.91371,0.01914,0.11648,-0.50462,-0.00436,0.23520,-0.72622,-0.00420,0.32570,-0.82921,-0.01395,0.39044,-0.89273,-0.02767,0.13738,-0.46283,-0.06604,0.22110,-0.64240,-0.06579,0.28708,-0.73717,-0.06251,0.34478,-0.80568,-0.06522
OK,-0.00000,0.00000,0.00000,0.15963,-0.09788,0.07948,0.25365,-0.22689,0.11171,0.33677,-0.29438,0.11695,0.40799,-0.35727,0.12002,0.18194,-0.45696,0.14364,0.27798,-0.54945,0.12293,0.35461,-0.53750,0.08528,0.40093,-0.50179,0.06453,0.15958,-0.48957,0.08039,0.24728,-0.70591,0.08278,0.32099,-0.82759,0.06630,0.37398,-0.92744,0.05067,0.13755,-0.48589,0.00893,0.20901,-0.71329,0.00705,0.28613,-0.83625,-0.00716,0.34363,-0.93505,-0.02149,0.12794,-0.45983,-0.05959,0.18930,-0.63969,-0.06373,0.25176,-0.73650,-0.06315,0.30786,-0.81138,-0.06602
OK,-0.00000,0.00000,0.00000,0.15520,-0.06806,0.02777,0.25653,-0.20721,0.04004,0.35050,-0.29380,0.03668,0.42858,-0.36599,0.03715,0.16296,-0.47382,0.08867,0.29512,-0.56374,0.04120,0.37604,-0.49030,-0.02059,0.42023,-0.41116,-0.05332,0.14123,-0.50793,0.05720,0.23046,-0.70984,0.05252,0.30470,-0.80954,0.02751,0.36914,-0.90583,0.00591,0.12389,-0.51417,0.01456,0.20817,-0.72871,0.01036,0.28094,-0.84134,-0.00345,0.33976,-0.94051,-0.01602,0.12225,-0.50067,-0.02951,0.18455,-0.66336,-0.02698,0.23773,-0.74594,-0.01783,0.28754,-0.81633,-0.01245
OK,-0.00000,0.00000,0.00000,0.16092,-0.06075,-0.00952,0.27866,-0.17762,-0.01568,0.38627,-0.25157,-0.03094,0.46022,-0.33454,-0.03959,0.17573,-0.45964,0.05109,0.31512,-0.56234,-0.00731,0.40899,-0.48406,-0.07931,0.46241,-0.39380,-0.11788,0.14849,-0.51052,0.03907,0.23011,-0.71624,0.02980,0.31185,-0.82413,0.00163,0.38562,-0.92266,-0.02213,0.12575,-0.52312,0.01368,0.21285,-0.73469,0.00862,0.28791,-0.84543,-0.00279,0.35149,-0.93588,-0.01214,0.11585,-0.50423,-0.01659,0.18694,-0.65843,-0.01371,0.24667,-0.73818,-0.00009,0.30401,-0.79728,0.01064
V,-0.00000,0.00000,0.00000,-0.03694,-0.24180,0.06135,0.02284,-0.40713,0.07524,0.11134,-0.47854,0.07938,0.18581,-0.48635,0.08103,0.05793,-0.48966,-0.01413,0.12287,-0.73768,-0.02598,0.16546,-0.87683,-0.02992,0.20237,-0.97931,-0.02893,0.14552,-0.43051,-0.03681,0.27096,-0.66343,-0.04646,0.34341,-0.80516,-0.04453,0.40164,-0.90270,-0.04205,0.21582,-0.34381,-0.04585,0.27503,-0.47454,-0.01755,0.22681,-0.44466,0.02185,0.19077,-0.39431,0.04969,0.26251,-0.24959,-0.05105,0.29254,-0.36608,0.00144,0.25676,-0.34732,0.05399,0.22209,-0.30442,0.09239
V,-0.00000,0.00000,0.00000,-0.03215,-0.24274,0.07446,0.03033,-0.40367,0.09408,0.11903,-0.47110,0.10313,0.19378,-0.48061,0.11052,0.06564,-0.49320,-0.00542,0.13491,-0.73810,-0.01155,0.17821,-0.87449,-0.01457,0.21731,-0.97610,-0.01474,0.15232,-0.43117,-0.02868,0.28361,-0.66219,-0.03349,0.35730,-0.80102,-0.02945,0.41783,-0.89454,-0.02695,0.22256,-0.34135,-0.03621,0.28497,-0.47545,0.00579,0.23438,-0.44510,0.05476,0.19775,-0.39587,0.08577,0.26942,-0.24528,-0.03945,0.29746,-0.36582,0.02394,0.26056,-0.34505,0.08161,0.22435,-0.30195,0.12222
V,-0.00000,0.00000,0.00000,-0.03706,-0.24593,0.06139,0.02432,-0.41230,0.07660,0.11500,-0.49083,0.08442,0.19100,-0.50949,0.09112,0.06092,-0.49231,-0.02129,0.13229,-0.73884,-0.03707,0.18058,-0.87523,-0.04480,0.22207,-0.97503,-0.04657,0.15246,-0.42879,-0.03973,0.28497,-0.66130,-0.05037,0.35900,-0.79930,-0.04599,0.41959,-0.89405,-0.04183,0.22386,-0.34192,-0.04410,0.29020,-0.48989,-0.01125,0.24130,-0.47188,0.03458,0.20287,-0.42491,0.06579,0.26886,-0.24716,-0.04489,0.29879,-0.37207,0.01092,0.26405,-0.36279,0.06579,0.22822,-0.32449,0.10605
V,-0.00000,0.00000,0.00000,-0.03758,-0.24668,0.05986,0.02350,-0.41147,0.07276,0.11391,-0.48345,0.07741,0.18997,-0.49826,0.08076,0.05972,-0.49211,-0.02262,0.13062,-0.73938,-0.03976,0.17892,-0.87568,-0.04882,0.22062,-0.97536,-0.05172,0.15004,-0.42773,-0.04249,0.28087,-0.66088,-0.05504,0.35785,-0.80133,-0.05434,0.42146,-0.89681,-0.05346,0.22152,-0.33921,-0.04839,0.28894,-0.48572,-0.01821,0.23948,-0.46564,0.02535,0.20055,-0.41791,0.05489,0.26745,-0.24497,-0.05088,0.29725,-0.37132,0.00160,0.26202,-0.35971,0.05439,0.22643,-0.32065,0.09310
V,-0.00000,0.00000,0.00000,-0.03416,-0.24937,0.10205,0.02603,-0.40262,0.13221,0.11427,-0.47418,0.15000,0.18754,-0.49638,0.16996,0.06758,-0.50402,0.00583,0.13359,-0.74036,0.00078,0.17600,-0.87741,-0.00713,0.21499,-0.97662,-0.01388,0.14942,-0.43249,-0.02044,0.28199,-0.66001,-0.03075,0.35603,-0.80193,-0.03397,0.41428,-0.89102,-0.04001,0.21899,-0.33694,-0.02565,0.28849,-0.48318,0.03965,0.23649,-0.45669,0.11093,0.19566,-0.41293,0.14935,0.26417,-0.24527,-0.02607,0.29193,-0.36595,0.05965,0.25355,-0.34795,0.12920,0.21633,-0.31266,0.17461
V,-0.00000,0.00000,0.00000,-0.03446,-0.25088,0.10974,0.02668,-0.40063,0.14313,0.11596,-0.47280,0.16489,0.19032,-0.49919,0.19025,0.06982,-0.50582,0.00721,0.13523,-0.74062,0.00650,0.17745,-0.87914,-0.00018,0.21752,-0.97606,-0.00676,0.14981,-0.43102,-0.01586,0.28347,-0.65948,-0.02148,0.35861,-0.80232,-0.02298,0.41775,-0.88949,-0.02942,0.21936,-0.33588,-0.01580,0.28430,-0.47941,0.06410,0.23167,-0.45229,0.14413,0.19059,-0.40770,0.18501,0.26703,-0.25033,-0.01088,0.29169,-0.36914,0.08646,0.25159,-0.35493,0.16003,0.21380,-0.32384,0.20671
V,-0.00000,0.00000,0.00000,-0.03401,-0.24521,0.09420,0.02607,-0.39957,0.12097,0.11763,-0.46858,0.13460,0.19228,-0.48314,0.14920,0.06659,-0.49950,0.00972,0.13602,-0.74039,0.00496,0.17999,-0.87703,0.00032,0.21904,-0.97572,-0.00236,0.15078,-0.43289,-0.01808,0.28511,-0.66144,-0.02662,0.36117,-0.80314,-0.02741,0.42024,-0.89225,-0.02962,0.22094,-0.33972,-0.02722,0.29012,-0.47587,0.02929,0.23844,-0.44679,0.09242,0.19815,-0.40022,0.12892,0.26659,-0.24530,-0.03178,0.29673,-0.35840,0.04720,0.25816,-0.34210,0.11369,0.22028,-0.30651,0.15863
V,-0.00000,0.00000,0.00000,-0.03172,-0.24540,0.09223,0.02964,-0.39823,0.11918,0.12100,-0.46109,0.13199,0.19652,-0.46769,0.14519,0.06640,-0.50157,0.01481,0.13812,-0.74091,0.00796,0.18524,-0.87564,0.00339,0.22584,-0.97417,0.00184,0.15209,-0.43682,-0.01597,0.29036,-0.66688,-0.02791,0.36715,-0.80887,-0.02953,0.42630,-0.90157,-0.03028,0.22364,-0.34498,-0.02943,0.29689,-0.47898,0.01393,0.24625,-0.44743,0.06935,0.20636,-0.40027,0.10483,0.27008,-0.24858,-0.03777,0.30310,-0.36065,0.03038,0.26608,-0.33845,0.09349,0.22935,-0.30005,0.13837
V,-0.00000,0.00000,0.00000,-0.03206,-0.24575,0.05726,0.03675,-0.40371,0.06829,0.13031,-0.45650,0.06758,0.20911,-0.44857,0.06292,0.06486,-0.49434,-0.00862,0.13701,-0.73753,-0.02446,0.18644,-0.87026,-0.03175,0.22854,-0.97115,-0.03225,0.15650,-0.43370,-0.03505,0.28912,-0.66262,-0.04494,0.36783,-0.80302,-0.04433,0.43167,-0.90203,-0.04241,0.22890,-0.34277,-0.04971,0.29887,-0.47341,-0.03228,0.24843,-0.44120,-0.00059,0.20886,-0.38650,0.02451,0.27586,-0.24171,-0.06051,0.30643,-0.35597,-0.02119,0.26943,-0.33469,0.02643,0.23421,-0.29168,0.06341
V,-0.00000,0.00000,0.00000,-0.03391,-0.24518,0.04596,0.03584,-0.40743,0.05189,0.12951,-0.46040,0.04852,0.20984,-0.44979,0.04071,0.06622,-0.49323,-0.02181,0.13921,-0.73909,-0.03577,0.18537,-0.87235,-0.03945,0.22495,-0.97437,-0.03729,0.15928,-0.43231,-0.04450,0.28785,-0.66370,-0.05297,0.36505,-0.80393,-0.05037,0.42676,-0.90146,-0.04649,0.23113,-0.33952,-0.05595,0.29306,-0.47054,-0.04079,0.24210,-0.43878,-0.01151,0.20334,-0.38249,0.01251,0.27623,-0.23762,-0.06404,0.30153,-0.35502,-0.02759,0.26298,-0.33521,0.01829,0.22883,-0.28957,0.05414
V,-0.00000,0.00000,0.00000,-0.03502,-0.24787,0.06058,0.03445,-0.40822,0.07563,0.12751,-0.46720,0.08175,0.20661,-0.46745,0.08523,0.06899,-0.49695,-0.01207,0.14416,-0.74112,-0.01668,0.19096,-0.87329,-0.01598,0.23189,-0.97274,-0.01259,0.16084,-0.43233,-0.03232,0.29412,-0.66224,-0.03505,0.36846,-0.79997,-0.02897,0.42855,-0.89512,-0.02408,0.23115,-0.33917,-0.03867,0.29378,-0.47319,-0.00558,0.24109,-0.44531,0.03333,0.20163,-0.39295,0.05964,0.27481,-0.23899,-0.04101,0.30006,-0.35647,0.01308,0.26143,-0.34285,0.06440,0.22446,-0.30242,0.10135
V,-0.00000,0.00000,0.00000,-0.03982,-0.24829,0.06872,0.02599,-0.40671,0.09146,0.11904,-0.47410,0.10530,0.19689,-0.48279,0.11837,0.06952,-0.49802,0.00121,0.14432,-0.74349,0.00441,0.19117,-0.87544,0.01172,0.23105,-0.97294,0.01986,0.16333,-0.42944,-0.01622,0.29823,-0.66444,-0.01485,0.37203,-0.80381,-0.00550,0.42964,-0.89791,0.00271,0.23254,-0.33599,-0.01869,0.28799,-0.47562,0.02363,0.23448,-0.44603,0.06665,0.19615,-0.39361,0.09565,0.27449,-0.23769,-0.01654,0.29384,-0.35419,0.04999,0.25554,-0.33830,0.10561,0.21911,-0.29706,0.14499
V,-0.00000,0.00000,0.00000,-0.03969,-0.24544,0.07165,0.02851,-0.40322,0.09588,0.12208,-0.46760,0.10997,0.19953,-0.47197,0.12269,0.06927,-0.49906,0.00572,0.14484,-0.74411,0.00886,0.19220,-0.87455,0.01564,0.23285,-0.97251,0.02335,0.16284,-0.43101,-0.01409,0.29659,-0.66328,-0.01259,0.36953,-0.80059,-0.00351,0.42787,-0.89389,0.00444,0.23227,-0.33688,-0.01911,0.29280,-0.46989,0.02179,0.23942,-0.44047,0.06345,0.20039,-0.38937,0.09162,0.27475,-0.23717,-0.01935,0.29587,-0.34863,0.04522,0.25801,-0.33244,0.09926,0.22137,-0.29320,0.13759
V,-0.00000,0.00000,0.00000,-0.03875,-0.24641,0.06041,0.02972,-0.40653,0.07917,0.12308,-0.46999,0.08880,0.19999,-0.47369,0.09655,0.06720,-0.49417,-0.00562,0.14357,-0.74322,-0.00858,0.19323,-0.87465,-0.00433,0.23607,-0.97174,0.00248,0.16218,-0.42836,-0.02402,0.29622,-0.66247,-0.02664,0.37101,-0.79950,-0.01939,0.43106,-0.89346,-0.01190,0.23229,-0.33515,-0.02901,0.29220,-0.46858,0.00286,0.23854,-0.44146,0.03998,0.19900,-0.39062,0.06729,0.27596,-0.23463,-0.02983,0.29948,-0.34874,0.02601,0.26168,-0.33410,0.07700,0.22498,-0.29377,0.11459
V,-0.00000,0.00000,0.00000,-0.03608,-0.24395,0.07571,0.03139,-0.40380,0.09975,0.12609,-0.47132,0.11311,0.20271,-0.47751,0.12588,0.06872,-0.49859,0.00308,0.14452,-0.74345,0.00325,0.19197,-0.87574,0.00849,0.23244,-0.97261,0.01468,0.15943,-0.43244,-0.01875,0.29553,-0.66382,-0.02338,0.37054,-0.80277,-0.01707,0.42878,-0.89545,-0.01092,0.22963,-0.33933,-0.02471,0.29218,-0.46928,0.01862,0.23934,-0.43891,0.06776,0.20080,-0.38936,0.10022,0.27411,-0.24049,-0.02620,0.30056,-0.34986,0.04298,0.26288,-0.33225,0.10226,0.22667,-0.29233,0.14383
V,-0.00000,0.00000,0.00000,-0.03190,-0.24121,0.07146,0.03702,-0.39962,0.09220,0.13158,-0.45487,0.10221,0.20975,-0.45304,0.11009,0.06856,-0.49510,0.00151,0.14217,-0.74086,0.00101,0.18859,-0.87467,0.00514,0.22864,-0.97351,0.01133,0.16026,-0.43180,-0.02129,0.29318,-0.66447,-0.02301,0.36724,-0.80391,-0.01660,0.42647,-0.89856,-0.01039,0.23164,-0.34243,-0.02917,0.29332,-0.46732,0.01042,0.24051,-0.43340,0.05272,0.20291,-0.38175,0.08124,0.27773,-0.24644,-0.03247,0.30267,-0.35489,0.03201,0.26491,-0.33545,0.08846,0.22910,-0.29445,0.12840
V,-0.00000,0.00000,0.00000,-0.03421,-0.23922,0.05912,0.03478,-0.39883,0.07570,0.13168,-0.45415,0.08264,0.21164,-0.44841,0.08651,0.06760,-0.49210,-0.00257,0.14203,-0.74094,-0.00364,0.18853,-0.87404,0.00219,0.22833,-0.97358,0.01089,0.16171,-0.43102,-0.02276,0.29291,-0.66402,-0.02269,0.36657,-0.80293,-0.01425,0.42550,-0.89883,-0.00546,0.23279,-0.34247,-0.03018,0.29153,-0.46425,-0.00059,0.23941,-0.42995,0.03248,0.20195,-0.37584,0.05790,0.27911,-0.24558,-0.03330,0.30438,-0.35361,0.02037,0.26626,-0.33289,0.07059,0.22950,-0.28981,0.10793
V,-0.00000,0.00000,0.00000,-0.01270,-0.24558,0.13043,0.04895,-0.38949,0.16217,0.13716,-0.44990,0.17205,0.21648,-0.45993,0.18408,0.07280,-0.51453,0.03643,0.15169,-0.74073,0.03458,0.19632,-0.87274,0.03345,0.23631,-0.97168,0.03126,0.14324,-0.44799,-0.01793,0.28570,-0.66715,-0.04462,0.36748,-0.81012,-0.05676,0.42501,-0.90301,-0.06646,0.21472,-0.35163,-0.04940,0.31452,-0.46290,0.00060,0.27305,-0.40688,0.07548,0.23606,-0.36491,0.11907,0.26605,-0.25387,-0.07398,0.32718,-0.34902,0.00842,0.29089,-0.30715,0.08828,0.25650,-0.26974,0.14107
V,-0.00000,0.00000,0.00000,0.16056,-0.11244,-0.01414,0.23838,-0.24769,-0.05087,0.29995,-0.34502,-0.09561,0.36247,-0.41789,-0.13792,0.07802,-0.50683,-0.07174,0.16522,-0.70832,-0.13158,0.22522,-0.83724,-0.16424,0.27351,-0.94343,-0.18117,0.05842,-0.47555,-0.10208,0.22467,-0.67562,-0.17912,0.32357,-0.81317,-0.21673,0.39666,-0.91797,-0.23400,0.06479,-0.40758,-0.12964,0.29375,-0.41644,-0.20943,0.32114,-0.29503,-0.20510,0.29965,-0.21135,-0.17948,0.09909,-0.31735,-0.15834,0.28346,-0.30770,-0.20725,0.32056,-0.21657,-0.19379,0.31425,-0.14947,-0.17020
V,-0.00000,0.00000,0.00000,0.11908,-0.09010,-0.03968,0.19268,-0.24278,-0.07145,0.19587,-0.38740,-0.11168,0.14359,-0.48319,-0.14872,0.11497,-0.44864,-0.02968,0.17726,-0.63412,-0.09099,0.22407,-0.75365,-0.12865,0.25765,-0.85798,-0.15000,0.03897,-0.46624,-0.05226,0.08120,-0.69932,-0.12390,0.11826,-0.85640,-0.16710,0.14274,-0.98976,-0.18412,-0.03954,-0.43976,-0.08151,0.05725,-0.52776,-0.18147,0.12423,-0.40526,-0.19552,0.15629,-0.30135,-0.17341,-0.10866,-0.38213,-0.11275,-0.00490,-0.45203,-0.18181,0.05355,-0.35380,-0.17502,0.07875,-0.25697,-0.15073
V,-0.00000,0.00000,0.00000,0.14401,-0.10649,-0.01214,0.19504,-0.26622,-0.01999,0.16470,-0.43339,-0.04654,0.12070,-0.55120,-0.07184,0.16160,-0.42644,0.04559,0.23467,-0.62627,0.01144,0.27450,-0.74901,-0.01431,0.30109,-0.86203,-0.03201,0.08271,-0.45430,0.01047,0.10930,-0.70231,-0.03951,0.13087,-0.86000,-0.08150,0.13592,-0.99072,-0.10396,0.00693,-0.43336,-0.03332,0.05816,-0.57532,-0.11347,0.10174,-0.43462,-0.12736,0.11187,-0.31485,-0.11117,-0.06964,-0.39246,-0.07894,-0.01441,-0.51064,-0.13414,0.03356,-0.41904,-0.12872,0.05381,-0.32205,-0.11100
V,-0.00000,0.00000,0.00000,0.14955,-0.10229,-0.00976,0.19373,-0.26534,-0.00770,0.16568,-0.44339,-0.02579,0.13903,-0.57426,-0.04230,0.17287,-0.42940,0.08094,0.25021,-0.62239,0.05632,0.29149,-0.74690,0.03239,0.31655,-0.86334,0.01377,0.09282,-0.46209,0.04572,0.12615,-0.70110,0.00146,0.15123,-0.86018,-0.04763,0.15600,-0.98776,-0.07715,0.01510,-0.44530,-0.00059,0.06174,-0.59588,-0.08277,0.10415,-0.46092,-0.11064,0.11462,-0.34030,-0.10465,-0.06420,-0.41298,-0.04821,-0.01198,-0.53091,-0.11062,0.03108,-0.43226,-0.11767,0.04752,-0.32972,-0.10904
V,-0.00000,0.00000,0.00000,0.14490,-0.09752,-0.01356,0.18933,-0.26819,-0.01212,0.15482,-0.44433,-0.02828,0.12669,-0.56616,-0.04310,0.17689,-0.43689,0.06359,0.25187,-0.63701,0.03757,0.29036,-0.76150,0.01347,0.31532,-0.87395,-0.00500,0.09414,-0.46713,0.03220,0.12047,-0.70285,-0.01210,0.14253,-0.86089,-0.06025,0.14815,-0.98897,-0.08968,0.01583,-0.44779,-0.00925,0.05228,-0.59454,-0.08774,0.09443,-0.46247,-0.11587,0.10633,-0.34442,-0.11225,-0.06215,-0.41301,-0.05230,-0.01650,-0.51781,-0.11345,0.02757,-0.42467,-0.12211,0.04472,-0.32892,-0.11540
V,-0.00000,0.00000,0.00000,0.14353,-0.10753,-0.01506,0.18131,-0.25458,-0.01474,0.14773,-0.41913,-0.03273,0.12406,-0.53966,-0.04786,0.17097,-0.43615,0.07917,0.24509,-0.63705,0.05135,0.28238,-0.76368,0.02203,0.30562,-0.87759,0.00063,0.08840,-0.46323,0.04830,0.11558,-0.69909,0.00216,0.13495,-0.85986,-0.05209,0.14025,-0.99012,-0.08473,0.01010,-0.44616,0.00577,0.05028,-0.58733,-0.07571,0.09130,-0.45441,-0.10966,0.10434,-0.33467,-0.10762,-0.06733,-0.41636,-0.03864,-0.02128,-0.51127,-0.10005,0.02546,-0.42366,-0.11118,0.04695,-0.33350,-0.10476
V,-0.00000,0.00000,0.00000,0.14052,-0.10594,-0.01293,0.17891,-0.26051,-0.01375,0.13895,-0.42530,-0.03170,0.10374,-0.54337,-0.04705,0.16700,-0.43373,0.06727,0.23935,-0.63341,0.03886,0.27627,-0.76070,0.01332,0.29757,-0.87466,-0.00359,0.08553,-0.46290,0.03719,0.11204,-0.70198,-0.00700,0.13186,-0.86198,-0.05246,0.13364,-0.99103,-0.07679,0.00569,-0.44686,-0.00312,0.04299,-0.57977,-0.08131,0.08213,-0.44264,-0.10398,0.09073,-0.32460,-0.09273,-0.07367,-0.41598,-0.04492,-0.02938,-0.51267,-0.10038,0.01471,-0.41965,-0.10103,0.03198,-0.32897,-0.08611
V,-0.00000,0.00000,0.00000,0.14580,-0.08966,-0.01732,0.19703,-0.25227,-0.02335,0.16208,-0.41924,-0.04587,0.12603,-0.53106,-0.06701,0.17776,-0.43030,0.04052,0.25332,-0.62796,0.00509,0.29112,-0.75310,-0.02104,0.31660,-0.86375,-0.03878,0.09587,-0.46376,0.00853,0.12251,-0.70322,-0.04384,0.14337,-0.86159,-0.08774,0.14876,-0.98887,-0.11035,0.01649,-0.44559,-0.03262,0.05673,-0.57124,-0.11475,0.09893,-0.43379,-0.13335,0.11187,-0.31884,-0.12028,-0.06182,-0.40437,-0.07586,-0.01363,-0.49187,-0.13597,0.03572,-0.39938,-0.13716,0.06016,-0.31133,-0.12321
V,-0.00000,0.00000,0.00000,0.13488,-0.08610,-0.03622,0.20682,-0.24391,-0.06858,0.22818,-0.37980,-0.10611,0.22477,-0.47561,-0.14065,0.11307,-0.48206,-0.05955,0.17819,-0.67334,-0.11768,0.22496,-0.78844,-0.15206,0.25500,-0.88872,-0.17168,0.03426,-0.48412,-0.08249,0.09343,-0.71463,-0.14964,0.13476,-0.86404,-0.19188,0.16087,-0.98698,-0.21230,-0.02814,-0.43574,-0.10837,0.12399,-0.48728,-0.19232,0.21918,-0.38083,-0.20818,0.26750,-0.28982,-0.19681,-0.05414,-0.35297,-0.13638,0.09306,-0.37907,-0.19454,0.17792,-0.30276,-0.19305,0.22694,-0.22962,-0.17857
V,-0.00000,0.00000,0.00000,0.01461,-0.23457,0.09798,0.08906,-0.38169,0.11838,0.19651,-0.44376,0.12319,0.28832,-0.44929,0.12842,0.09705,-0.50500,0.00447,0.22374,-0.70779,-0.01484,0.29698,-0.83438,-0.02609,0.35562,-0.92560,-0.03162,0.16036,-0.43174,-0.04212,0.33292,-0.63960,-0.07343,0.44325,-0.76764,-0.09213,0.52489,-0.85117,-0.10401,0.22707,-0.33779,-0.07006,0.38065,-0.44856,-0.04688,0.39579,-0.42065,0.00411,0.38911,-0.39983,0.03774,0.27880,-0.24026,-0.09198,0.38542,-0.31802,-0.03617,0.38163,-0.29288,0.02851,0.36037,-0.26969,0.07564
V,-0.00000,0.00000,0.00000,-0.03572,-0.24286,0.02342,0.03587,-0.41250,0.02813,0.13116,-0.45388,0.02512,0.20892,-0.42265,0.01821,0.07937,-0.51232,-0.01557,0.14470,-0.74803,-0.02849,0.18687,-0.87785,-0.03226,0.22653,-0.97400,-0.02860,0.17540,-0.45904,-0.03024,0.27173,-0.66855,-0.03465,0.34198,-0.79486,-0.03963,0.40113,-0.87506,-0.04028,0.25008,-0.37208,-0.03786,0.28648,-0.44197,-0.02938,0.23962,-0.40508,-0.02472,0.20176,-0.34751,-0.01573,0.30292,-0.27752,-0.04402,0.30732,-0.33239,-0.01689,0.26763,-0.30960,0.00904,0.23428,-0.26472,0.03152
V,-0.00000,0.00000,0.00000,-0.06014,-0.22305,0.00193,-0.01191,-0.40214,-0.00032,0.08195,-0.46058,-0.00481,0.16117,-0.44917,-0.01149,0.05340,-0.51378,-0.02976,0.08360,-0.75696,-0.04262,0.10843,-0.89059,-0.04633,0.13621,-0.99068,-0.04233,0.15282,-0.47008,-0.03460,0.21028,-0.68627,-0.03707,0.25675,-0.82037,-0.03907,0.29589,-0.90718,-0.03645,0.22730,-0.39273,-0.03477,0.21874,-0.48395,-0.03061,0.17535,-0.44172,-0.02721,0.14543,-0.37368,-0.01672,0.27779,-0.30693,-0.03491,0.25346,-0.36813,-0.01241,0.21724,-0.34301,0.01158,0.19354,-0.29158,0.03468
V,-0.00000,0.00000,0.00000,-0.05435,-0.21920,0.00773,-0.00539,-0.39432,0.00871,0.08866,-0.45413,0.00687,0.16890,-0.44238,0.00279,0.06342,-0.49891,-0.02876,0.09226,-0.75115,-0.04016,0.12318,-0.88663,-0.04044,0.15620,-0.98772,-0.03381,0.16551,-0.45223,-0.03535,0.23364,-0.67830,-0.03751,0.28553,-0.81533,-0.03726,0.32818,-0.90517,-0.03257,0.23927,-0.37399,-0.03602,0.23027,-0.47067,-0.03186,0.18562,-0.43061,-0.02646,0.15777,-0.36600,-0.01418,0.28713,-0.28935,-0.03586,0.26149,-0.35565,-0.01389,0.22528,-0.32493,0.01228,0.20139,-0.27225,0.03750
V,-0.00000,0.00000,0.00000,-0.04754,-0.22024,0.01645,0.00379,-0.39420,0.02118,0.10049,-0.44303,0.02131,0.17850,-0.41811,0.01888,0.07266,-0.51020,-0.01456,0.11419,-0.75438,-0.02219,0.14512,-0.88739,-0.02039,0.17735,-0.98415,-0.01206,0.17372,-0.46060,-0.02475,0.25574,-0.68231,-0.02320,0.31172,-0.81696,-0.02442,0.35779,-0.90667,-0.02032,0.24599,-0.37480,-0.02839,0.24703,-0.44022,-0.01937,0.20296,-0.39284,-0.01562,0.17408,-0.32998,-0.00434,0.29479,-0.27900,-0.03060,0.27780,-0.31803,-0.00142,0.24247,-0.28535,0.02644,0.21687,-0.23640,0.05232
V,-0.00000,0.00000,0.00000,-0.04625,-0.23365,0.01856,0.01158,-0.40488,0.02470,0.10472,-0.45805,0.02585,0.18355,-0.43837,0.02458,0.07477,-0.51139,-0.01176,0.12068,-0.75422,-0.01701,0.15291,-0.88520,-0.01429,0.18590,-0.98257,-0.00612,0.17448,-0.46123,-0.02144,0.25918,-0.68054,-0.01898,0.31930,-0.81424,-0.01999,0.36785,-0.90314,-0.01645,0.24635,-0.37661,-0.02443,0.25159,-0.45958,-0.01281,0.20878,-0.41580,-0.00824,0.17981,-0.35299,0.00235,0.29380,-0.28381,-0.02584,0.27538,-0.33732,0.00524,0.24031,-0.30673,0.03263,0.21489,-0.25769,0.05726
V,-0.00000,0.00000,0.00000,-0.02254,-0.24485,0.03912,0.05309,-0.40370,0.04655,0.14601,-0.44487,0.04262,0.22604,-0.42129,0.03441,0.08287,-0.51052,0.00287,0.14539,-0.74746,-0.00605,0.18654,-0.87681,-0.00826,0.22412,-0.97456,-0.00456,0.17747,-0.45132,-0.01984,0.28898,-0.66423,-0.02296,0.36218,-0.79499,-0.02722,0.42039,-0.88780,-0.02787,0.25095,-0.35812,-0.03434,0.30473,-0.45661,-0.02165,0.25688,-0.41249,-0.00709,0.22078,-0.35480,0.00803,0.29949,-0.25567,-0.04627,0.31567,-0.32914,-0.01219,0.27785,-0.30325,0.02475,0.24567,-0.26116,0.05462
V,-0.00000,0.00000,0.00000,0.01261,-0.22293,0.03028,0.11743,-0.38109,0.01659,0.27074,-0.43135,-0.00533,0.37989,-0.43127,-0.02766,0.07145,-0.50862,-0.04936,0.18537,-0.72639,-0.08579,0.25217,-0.84915,-0.09587,0.30468,-0.94633,-0.09786,0.12174,-0.46187,-0.08197,0.30711,-0.65964,-0.11939,0.41575,-0.78088,-0.12876,0.48925,-0.87214,-0.13311,0.17352,-0.38313,-0.10575,0.36576,-0.42720,-0.13367,0.36736,-0.33191,-0.11781,0.33545,-0.26348,-0.09828,0.22512,-0.28305,-0.12624,0.35943,-0.27478,-0.13571,0.36403,-0.19978,-0.11681,0.34469,-0.14930,-0.09743
V,-0.00000,0.00000,0.00000,0.10886,-0.10455,-0.02528,0.16907,-0.26290,-0.05024,0.18599,-0.39734,-0.08594,0.17212,-0.49914,-0.11979,0.08628,-0.49003,-0.02543,0.14866,-0.67378,-0.07932,0.20055,-0.78761,-0.11374,0.24091,-0.89015,-0.13386,0.00397,-0.49815,-0.05419,0.05601,-0.70948,-0.11678,0.09562,-0.86208,-0.16010,0.12687,-0.99192,-0.18077,-0.07530,-0.45923,-0.08716,0.05582,-0.51465,-0.17234,0.14064,-0.40525,-0.19069,0.18788,-0.30749,-0.17816,-0.13263,-0.38651,-0.12131,-0.00013,-0.42764,-0.17881,0.07336,-0.34454,-0.17491,0.11288,-0.25802,-0.15720
V,-0.00000,0.00000,0.00000,0.14222,-0.13907,-0.00289,0.18540,-0.30578,-0.00699,0.15372,-0.47176,-0.03156,0.11624,-0.60795,-0.05437,0.12992,-0.44504,0.06960,0.18913,-0.64356,0.04309,0.22550,-0.76346,0.01979,0.24710,-0.87757,0.00202,0.05637,-0.46348,0.03120,0.07414,-0.71238,-0.01012,0.09432,-0.86575,-0.05156,0.09577,-0.99540,-0.07621,-0.01555,-0.43660,-0.01617,0.03416,-0.60555,-0.08861,0.09740,-0.47437,-0.10136,0.12192,-0.35368,-0.08727,-0.08869,-0.39038,-0.06493,-0.02887,-0.52403,-0.11535,0.02873,-0.44325,-0.10982,0.05605,-0.34999,-0.09366
V,-0.00000,0.00000,0.00000,0.14641,-0.12642,-0.00285,0.17918,-0.30260,0.00293,0.13625,-0.47642,-0.01347,0.10291,-0.60225,-0.02976,0.13729,-0.45747,0.09134,0.20199,-0.64450,0.06986,0.23778,-0.77041,0.04824,0.25925,-0.88654,0.03013,0.05678,-0.48283,0.05126,0.07905,-0.71475,0.00943,0.09971,-0.87024,-0.03609,0.10346,-0.99463,-0.06292,-0.02132,-0.45809,-0.00048,0.02510,-0.61595,-0.08952,0.08218,-0.48427,-0.12257,0.10429,-0.35950,-0.11816,-0.10078,-0.41405,-0.05235,-0.03929,-0.52934,-0.12477,0.01462,-0.43524,-0.13866,0.03852,-0.33222,-0.13366
V,-0.00000,0.00000,0.00000,0.13883,-0.10588,-0.02864,0.17461,-0.27486,-0.03239,0.12696,-0.44004,-0.05147,0.09425,-0.56592,-0.06828,0.15405,-0.45682,0.06347,0.21526,-0.65396,0.03590,0.24485,-0.78158,0.01075,0.26137,-0.89751,-0.00743,0.06910,-0.47838,0.03610,0.08469,-0.71080,-0.01080,0.09890,-0.87303,-0.05825,0.09790,-0.99520,-0.08393,-0.01052,-0.45050,-0.00459,0.02561,-0.56918,-0.09562,0.07310,-0.42962,-0.12930,0.08759,-0.31147,-0.12371,-0.08444,-0.40875,-0.04784,-0.03030,-0.48586,-0.12128,0.01693,-0.38006,-0.13534,0.03245,-0.28519,-0.12877
V,-0.00000,0.00000,0.00000,0.13373,-0.10682,-0.02472,0.17338,-0.26342,-0.03777,0.13421,-0.42288,-0.06525,0.09915,-0.54060,-0.09041,0.14491,-0.44431,0.02868,0.20712,-0.64675,-0.01181,0.23903,-0.77401,-0.04172,0.25807,-0.88612,-0.06107,0.06485,-0.46667,0.00096,0.07731,-0.70881,-0.05387,0.09078,-0.86758,-0.09967,0.08983,-0.99596,-0.12431,-0.00970,-0.44109,-0.03584,0.02236,-0.57375,-0.11690,0.07011,-0.44320,-0.13416,0.08793,-0.32895,-0.12100,-0.08335,-0.39423,-0.07537,-0.04129,-0.49208,-0.13149,0.00981,-0.40695,-0.12931,0.03660,-0.31952,-0.11368
V,-0.00000,0.00000,0.00000,0.13680,-0.10065,-0.02313,0.17598,-0.26607,-0.03103,0.13083,-0.42892,-0.05214,0.09434,-0.54227,-0.07131,0.14486,-0.44602,0.03375,0.20959,-0.65475,0.00251,0.24237,-0.77951,-0.02031,0.26301,-0.89038,-0.03508,0.06511,-0.46880,0.00986,0.07232,-0.71625,-0.03529,0.08334,-0.87009,-0.07378,0.08077,-0.99673,-0.09328,-0.00850,-0.44250,-0.02277,0.02275,-0.58319,-0.09898,0.06878,-0.44557,-0.11423,0.08391,-0.32918,-0.09947,-0.08278,-0.39437,-0.05757,-0.04427,-0.49368,-0.11191,-0.00011,-0.40353,-0.10896,0.01741,-0.31634,-0.09226
V,-0.00000,0.00000,0.00000,0.13716,-0.10545,-0.02138,0.17266,-0.26513,-0.02864,0.12823,-0.42564,-0.05046,0.09663,-0.54018,-0.07039,0.14916,-0.44188,0.03904,0.21170,-0.65323,0.00719,0.24443,-0.78020,-0.01745,0.26669,-0.89402,-0.03385,0.06734,-0.46389,0.01233,0.07485,-0.71043,-0.03369,0.08370,-0.86878,-0.07521,0.08058,-0.99675,-0.09762,-0.00687,-0.43753,-0.02356,0.02298,-0.57510,-0.09929,0.06635,-0.44138,-0.11709,0.08084,-0.32580,-0.10514,-0.07980,-0.39202,-0.06188,-0.04395,-0.49426,-0.11550,-0.00023,-0.40622,-0.11370,0.01979,-0.31785,-0.09886
V,-0.00000,0.00000,0.00000,0.12612,-0.09630,-0.03791,0.16538,-0.26194,-0.05458,0.11728,-0.42029,-0.08035,0.08209,-0.53174,-0.10328,0.14817,-0.44062,0.00399,0.20607,-0.64832,-0.03757,0.23657,-0.77682,-0.06458,0.25757,-0.88772,-0.07993,0.06645,-0.46128,-0.01250,0.07138,-0.70939,-0.06544,0.07618,-0.86757,-0.10248,0.07020,-0.99753,-0.11862,-0.01005,-0.43483,-0.03751,0.01411,-0.55933,-0.11543,0.05637,-0.42184,-0.12291,0.07303,-0.30848,-0.10145,-0.08248,-0.38456,-0.06609,-0.04811,-0.47955,-0.11842,-0.00727,-0.38580,-0.10736,0.01315,-0.29804,-0.08376
V,-0.00000,0.00000,0.00000,0.12228,-0.08646,-0.03845,0.17073,-0.24267,-0.05928,0.12484,-0.39753,-0.08876,0.07776,-0.50674,-0.11555,0.14354,-0.44750,-0.00592,0.19942,-0.65666,-0.05028,0.22668,-0.78581,-0.07870,0.24482,-0.89631,-0.09499,0.06440,-0.46571,-0.02311,0.06202,-0.71173,-0.07744,0.05824,-0.86912,-0.11362,0.04719,-0.99889,-0.12900,-0.01035,-0.43702,-0.04839,0.01261,-0.55090,-0.12643,0.05563,-0.41270,-0.13559,0.07301,-0.30443,-0.11616,-0.08318,-0.38213,-0.07709,-0.04819,-0.45997,-0.12946,-0.00064,-0.36402,-0.12057,0.02599,-0.28264,-0.09923
V,-0.00000,0.00000,0.00000,0.13689,-0.11132,-0.03656,0.20404,-0.26332,-0.07283,0.22128,-0.38278,-0.11503,0.23880,-0.47906,-0.15467,0.11456,-0.50706,-0.06481,0.18910,-0.71146,-0.12666,0.23861,-0.83667,-0.16272,0.26665,-0.94912,-0.18283,0.01897,-0.50518,-0.08854,0.07380,-0.72418,-0.15892,0.09220,-0.87516,-0.20126,0.09560,-0.99542,-0.22069,-0.05478,-0.44816,-0.11520,0.10982,-0.49368,-0.20062,0.21139,-0.39461,-0.21467,0.26609,-0.30631,-0.20146,-0.08957,-0.35324,-0.14408,0.06302,-0.37382,-0.20049,0.14551,-0.30577,-0.19483,0.19417,-0.23855,-0.17690
V,-0.00000,0.00000,0.00000,0.06380,-0.18552,0.01321,0.17607,-0.33751,-0.03168,0.33074,-0.39218,-0.08518,0.42864,-0.40992,-0.13716,0.08754,-0.49058,-0.10342,0.20856,-0.70318,-0.17703,0.27827,-0.83461,-0.21789,0.33296,-0.94194,-0.24382,0.10525,-0.42899,-0.14686,0.26416,-0.64550,-0.23502,0.35916,-0.78962,-0.27613,0.42433,-0.90551,-0.30258,0.14052,-0.34195,-0.18089,0.35479,-0.42339,-0.23918,0.38342,-0.32196,-0.20805,0.36161,-0.25360,-0.17567,0.18684,-0.24825,-0.21455,0.35839,-0.30519,-0.23431,0.37449,-0.23402,-0.19862,0.35089,-0.18347,-0.16767
V,-0.00000,0.00000,0.00000,-0.00556,-0.23868,0.13598,0.04484,-0.37881,0.15380,0.13887,-0.45187,0.15297,0.22582,-0.47864,0.15453,0.03937,-0.50763,-0.01894,0.10450,-0.73634,-0.03302,0.14834,-0.87692,-0.04038,0.18910,-0.97828,-0.04864,0.10680,-0.43989,-0.07671,0.23147,-0.67874,-0.12729,0.32005,-0.82735,-0.15780,0.38485,-0.92298,-0.18388,0.18133,-0.35549,-0.10282,0.29515,-0.49331,-0.05359,0.26905,-0.43235,0.03288,0.23471,-0.39071,0.07707,0.24075,-0.27517,-0.12106,0.32174,-0.37042,-0.03371,0.28970,-0.32068,0.05556,0.25803,-0.28350,0.11086
V,-0.00000,0.00000,0.00000,-0.03434,-0.21430,0.08666,0.00903,-0.36596,0.10203,0.10089,-0.44636,0.09988,0.18561,-0.45704,0.09632,0.00690,-0.49427,0.00343,0.07996,-0.73510,-0.01775,0.11879,-0.87902,-0.02790,0.14969,-0.98873,-0.03311,0.07791,-0.45338,-0.04423,0.20155,-0.69324,-0.07287,0.27710,-0.83894,-0.08786,0.32744,-0.94149,-0.09893,0.15318,-0.38303,-0.07644,0.29089,-0.50084,-0.06535,0.27990,-0.42740,-0.02414,0.24639,-0.37430,0.00405,0.21798,-0.29915,-0.10339,0.30891,-0.37133,-0.06998,0.28885,-0.31619,-0.02132,0.25327,-0.27596,0.01517
V,-0.00000,0.00000,0.00000,0.01980,-0.18827,0.04203,0.09706,-0.34908,0.02257,0.23332,-0.42368,-0.01109,0.33068,-0.46525,-0.04454,-0.00007,-0.48825,-0.03943,0.08725,-0.71642,-0.08209,0.13532,-0.84842,-0.10047,0.17172,-0.95652,-0.10960,0.02628,-0.44986,-0.08718,0.16661,-0.69166,-0.13607,0.24893,-0.84070,-0.15799,0.30628,-0.95194,-0.17175,0.07067,-0.38638,-0.12610,0.26619,-0.47096,-0.15978,0.29318,-0.37499,-0.14397,0.27565,-0.30669,-0.12537,0.12947,-0.31538,-0.16178,0.28036,-0.36191,-0.17087,0.30859,-0.29644,-0.14845,0.30361,-0.24569,-0.12879
V,-0.00000,0.00000,0.00000,0.14556,-0.15704,0.01386,0.19313,-0.28874,-0.01240,0.23881,-0.40485,-0.05635,0.27828,-0.51685,-0.09764,0.00312,-0.50866,-0.00727,0.08687,-0.71148,-0.05036,0.13533,-0.83685,-0.07878,0.17147,-0.94886,-0.09640,-0.02104,-0.48696,-0.05327,0.12704,-0.71247,-0.10785,0.19300,-0.85692,-0.13786,0.23096,-0.97296,-0.15488,-0.01171,-0.43289,-0.09935,0.21384,-0.50625,-0.15723,0.25685,-0.37975,-0.14612,0.24640,-0.27751,-0.12296,0.03028,-0.36544,-0.14703,0.20421,-0.41091,-0.18186,0.25777,-0.33938,-0.16889,0.27073,-0.27249,-0.15067
V,-0.00000,0.00000,0.00000,0.13846,-0.17749,0.03969,0.18068,-0.30056,0.01547,0.22249,-0.41243,-0.03562,0.25242,-0.52836,-0.08706,-0.00918,-0.51997,0.02121,0.08802,-0.71270,-0.02174,0.14043,-0.84627,-0.05272,0.17470,-0.96114,-0.07394,-0.04237,-0.49980,-0.04306,0.09830,-0.71809,-0.09669,0.16880,-0.86210,-0.12842,0.20544,-0.97867,-0.14791,-0.04208,-0.44717,-0.10699,0.18142,-0.52705,-0.16344,0.24463,-0.39206,-0.14806,0.25184,-0.27729,-0.12341,-0.00807,-0.38232,-0.17149,0.16618,-0.42712,-0.20307,0.22878,-0.34650,-0.18581,0.25156,-0.26845,-0.16551
V,-0.00000,0.00000,0.00000,0.13406,-0.17431,0.04442,0.17593,-0.29585,0.02165,0.21708,-0.40468,-0.03008,0.25191,-0.51967,-0.08190,0.00560,-0.51322,0.02760,0.08894,-0.70674,-0.01646,0.13492,-0.84242,-0.04704,0.16250,-0.95548,-0.06685,-0.03143,-0.49314,-0.04117,0.09293,-0.71786,-0.09956,0.15381,-0.86660,-0.13381,0.18366,-0.98299,-0.15262,-0.03727,-0.44115,-0.10928,0.17862,-0.51475,-0.17011,0.24247,-0.37672,-0.15354,0.25085,-0.26194,-0.12561,-0.00998,-0.37699,-0.17760,0.16157,-0.41538,-0.21051,0.22564,-0.33272,-0.19087,0.25145,-0.25478,-0.16761
V,-0.00000,0.00000,0.00000,0.13664,-0.16885,0.02250,0.17763,-0.29490,-0.00340,0.21532,-0.40776,-0.05220,0.24851,-0.52405,-0.09991,0.01222,-0.51726,0.01004,0.09264,-0.70546,-0.03405,0.13298,-0.83697,-0.06470,0.15421,-0.95157,-0.08378,-0.02863,-0.50086,-0.04248,0.09653,-0.71714,-0.09900,0.14986,-0.86863,-0.13230,0.17437,-0.98468,-0.15073,-0.03889,-0.45072,-0.09556,0.17567,-0.52004,-0.15548,0.24099,-0.38443,-0.14277,0.25222,-0.26506,-0.11703,-0.01530,-0.38531,-0.15028,0.15943,-0.41777,-0.18324,0.22338,-0.33834,-0.16767,0.24956,-0.25998,-0.14701
V,-0.00000,0.00000,0.00000,0.13300,-0.16371,0.01035,0.17804,-0.29766,-0.01500,0.21658,-0.41158,-0.05933,0.25067,-0.52597,-0.10221,0.01435,-0.52282,0.00060,0.09933,-0.70952,-0.04357,0.14223,-0.83826,-0.07432,0.16381,-0.95167,-0.09259,-0.02575,-0.50666,-0.04345,0.10376,-0.71902,-0.09746,0.15649,-0.86754,-0.12969,0.18132,-0.98342,-0.14659,-0.03854,-0.45606,-0.08901,0.17741,-0.52177,-0.15173,0.24017,-0.39118,-0.14568,0.25109,-0.27361,-0.12267,-0.01561,-0.38674,-0.13641,0.15980,-0.42343,-0.17282,0.22468,-0.35003,-0.16096,0.25212,-0.27359,-0.14181
V,-0.00000,0.00000,0.00000,0.13890,-0.16524,0.01373,0.18669,-0.29716,-0.01417,0.22722,-0.41304,-0.06225,0.26284,-0.53275,-0.10916,0.02110,-0.53855,0.00010,0.10987,-0.72678,-0.04646,0.15463,-0.85922,-0.08012,0.17866,-0.97675,-0.10083,-0.01588,-0.51970,-0.04694,0.12541,-0.71959,-0.09912,0.18125,-0.86147,-0.12836,0.20607,-0.97854,-0.14513,-0.02611,-0.46578,-0.09593,0.19135,-0.52739,-0.15865,0.24950,-0.38592,-0.15056,0.25481,-0.25761,-0.12753,-0.00334,-0.39189,-0.14668,0.17202,-0.42810,-0.18706,0.23779,-0.35010,-0.17692,0.26545,-0.26745,-0.15913
V,-0.00000,0.00000,0.00000,0.13604,-0.15749,0.00271,0.18234,-0.29234,-0.02550,0.21802,-0.41196,-0.07045,0.24874,-0.53006,-0.11291,0.01915,-0.52617,-0.00542,0.10811,-0.71668,-0.04792,0.15369,-0.84315,-0.07526,0.17724,-0.95559,-0.09061,-0.02055,-0.51153,-0.04391,0.11353,-0.72141,-0.09627,0.16963,-0.86675,-0.12566,0.19560,-0.98068,-0.14056,-0.03246,-0.46169,-0.08453,0.18211,-0.52344,-0.14832,0.24660,-0.38827,-0.14449,0.25864,-0.26704,-0.12278,-0.00960,-0.39163,-0.12700,0.16504,-0.42164,-0.16691,0.22966,-0.34191,-0.15907,0.25796,-0.26138,-0.14234
V,-0.00000,0.00000,0.00000,0.13086,-0.14138,-0.02343,0.18243,-0.29626,-0.05735,0.20690,-0.42446,-0.10321,0.19643,-0.51843,-0.14505,0.02276,-0.52346,-0.02501,0.10405,-0.71053,-0.08560,0.15035,-0.84098,-0.12695,0.17442,-0.95267,-0.15194,-0.04308,-0.50958,-0.05646,0.06632,-0.72182,-0.13070,0.11931,-0.86837,-0.17613,0.14772,-0.98903,-0.19762,-0.08403,-0.45831,-0.09230,0.11262,-0.53440,-0.17791,0.18501,-0.41239,-0.17954,0.20733,-0.30794,-0.15492,-0.08463,-0.38170,-0.13143,0.07988,-0.43832,-0.18279,0.15610,-0.37324,-0.17167,0.19845,-0.30363,-0.14871
V,-0.00000,0.00000,0.00000,0.13267,-0.08865,-0.03606,0.19686,-0.27115,-0.05527,0.16984,-0.43570,-0.08373,0.10934,-0.53339,-0.10906,0.14551,-0.44135,-0.00954,0.20822,-0.62696,-0.06031,0.25114,-0.74704,-0.09212,0.28124,-0.85283,-0.11049,0.06942,-0.46846,-0.02969,0.10103,-0.70388,-0.09130,0.12749,-0.85884,-0.12884,0.13750,-0.99050,-0.14325,-0.01116,-0.44840,-0.05696,0.04897,-0.55485,-0.14542,0.09768,-0.41880,-0.14889,0.11657,-0.30471,-0.12085,-0.08836,-0.40007,-0.08703,-0.01576,-0.49397,-0.14596,0.03369,-0.39220,-0.13014,0.05516,-0.29170,-0.10055
V,-0.00000,0.00000,0.00000,0.12649,-0.04540,-0.07142,0.19065,-0.21894,-0.10343,0.13811,-0.38757,-0.13311,0.07476,-0.50212,-0.15831,0.20846,-0.40968,-0.05595,0.27041,-0.61254,-0.10953,0.30340,-0.74667,-0.13767,0.32536,-0.85553,-0.15068,0.11674,-0.44374,-0.05804,0.14578,-0.69116,-0.11999,0.16118,-0.85167,-0.15063,0.16571,-0.98617,-0.15791,0.02458,-0.42322,-0.06899,0.03598,-0.52486,-0.16247,0.04977,-0.37345,-0.16484,0.05146,-0.26540,-0.13311,-0.05979,-0.37078,-0.08437,-0.03560,-0.45750,-0.15075,-0.01963,-0.35206,-0.13608,-0.01478,-0.27059,-0.10465
V,-0.00000,0.00000,0.00000,0.09478,-0.00760,-0.11563,0.14522,-0.11973,-0.18658,0.08743,-0.28800,-0.24469,0.04529,-0.43374,-0.29410,0.22551,-0.36184,-0.13915,0.27355,-0.56398,-0.22895,0.30546,-0.69236,-0.28180,0.33173,-0.81158,-0.31387,0.14268,-0.44063,-0.13011,0.17352,-0.67983,-0.22704,0.17759,-0.83486,-0.27469,0.18293,-0.98313,-0.29568,0.05469,-0.45009,-0.13055,0.01288,-0.50443,-0.23383,0.00679,-0.36055,-0.23184,0.02046,-0.27715,-0.20550,-0.02952,-0.41476,-0.14134,-0.05522,-0.42895,-0.21338,-0.05015,-0.31971,-0.20277,-0.02851,-0.25917,-0.17894
V,-0.00000,0.00000,0.00000,0.03962,0.00347,-0.16920,0.04601,-0.12280,-0.23961,-0.03208,-0.29911,-0.27944,-0.08869,-0.44601,-0.30684,0.16836,-0.33092,-0.18377,0.18760,-0.53729,-0.27641,0.19731,-0.68199,-0.32651,0.20567,-0.80674,-0.35243,0.10741,-0.41963,-0.13949,0.10782,-0.67972,-0.24224,0.09237,-0.84798,-0.29095,0.08696,-0.99621,-0.30696,0.04681,-0.44785,-0.10866,-0.05925,-0.51234,-0.23493,-0.09012,-0.34486,-0.25106,-0.06946,-0.24415,-0.22411,-0.01423,-0.42723,-0.08973,-0.09346,-0.47220,-0.18247,-0.11844,-0.35015,-0.18475,-0.08799,-0.25365,-0.16202
V,-0.00000,0.00000,0.00000,0.04446,0.00896,-0.17062,0.05652,-0.10596,-0.25143,-0.02546,-0.29021,-0.30254,-0.08184,-0.44682,-0.34049,0.18353,-0.31263,-0.19995,0.20436,-0.53214,-0.30236,0.21601,-0.67777,-0.35693,0.22588,-0.80668,-0.38621,0.12305,-0.40881,-0.15753,0.13157,-0.66652,-0.27722,0.12000,-0.83761,-0.33141,0.11554,-0.99330,-0.35159,0.05327,-0.43952,-0.12682,-0.05526,-0.50752,-0.26081,-0.08216,-0.33406,-0.26743,-0.06050,-0.23073,-0.23480,-0.01495,-0.42196,-0.10861,-0.09836,-0.45571,-0.20931,-0.11690,-0.32752,-0.21087,-0.07973,-0.23938,-0.18743
V,-0.00000,0.00000,0.00000,0.14374,0.03154,-0.11844,0.21557,-0.06775,-0.20451,0.13602,-0.22417,-0.27579,0.05900,-0.35236,-0.33767,0.26333,-0.29596,-0.18432,0.32820,-0.49032,-0.29804,0.33665,-0.61899,-0.36718,0.32127,-0.72821,-0.40843,0.16365,-0.40307,-0.17475,0.17761,-0.64538,-0.29522,0.16226,-0.82228,-0.35367,0.14310,-0.98971,-0.38111,0.06184,-0.43508,-0.17195,0.02855,-0.46083,-0.27976,0.03527,-0.30578,-0.27007,0.05815,-0.20678,-0.23978,-0.04018,-0.42156,-0.17989,-0.05094,-0.39927,-0.24971,-0.03545,-0.29648,-0.23304,-0.00312,-0.23550,-0.20513
V,-0.00000,0.00000,0.00000,0.19047,0.06324,-0.07011,0.34521,0.02675,-0.13925,0.40378,-0.06193,-0.21023,0.38339,-0.14088,-0.28098,0.34492,-0.32300,-0.16069,0.52372,-0.48428,-0.27675,0.64813,-0.58378,-0.35130,0.74539,-0.66662,-0.39872,0.24024,-0.43298,-0.18781,0.39869,-0.58737,-0.30597,0.52555,-0.67759,-0.36681,0.63437,-0.76130,-0.39455,0.11733,-0.45833,-0.21655,0.24314,-0.30751,-0.31748,0.22508,-0.16260,-0.29924,0.19268,-0.09422,-0.26164,0.00375,-0.41681,-0.25375,0.11700,-0.26247,-0.31182,0.12039,-0.15100,-0.27490,0.09723,-0.09302,-0.23067
V,-0.00000,0.00000,0.00000,0.18337,-0.02353,-0.00812,0.29138,-0.10645,-0.05409,0.37174,-0.17606,-0.11528,0.44620,-0.26147,-0.17450,0.22100,-0.45823,-0.07137,0.37900,-0.59031,-0.15355,0.49427,-0.69312,-0.20785,0.58340,-0.77922,-0.24224,0.16163,-0.46974,-0.12404,0.37064,-0.60273,-0.22082,0.50646,-0.70790,-0.27354,0.60446,-0.79664,-0.30168,0.11617,-0.41866,-0.17549,0.35468,-0.32006,-0.26519,0.37412,-0.14436,-0.24224,0.34797,-0.02226,-0.20456,0.09948,-0.31806,-0.23130,0.28251,-0.22825,-0.28742,0.33238,-0.10930,-0.26290,0.34589,-0.01457,-0.23090
V,-0.00000,0.00000,0.00000,0.07178,-0.18382,0.02368,0.20728,-0.30645,-0.00983,0.37643,-0.30175,-0.05750,0.47765,-0.29214,-0.10330,0.15781,-0.48462,-0.05717,0.31364,-0.64272,-0.11588,0.40963,-0.73502,-0.14085,0.48780,-0.81248,-0.15474,0.16694,-0.43513,-0.11050,0.35251,-0.60780,-0.18663,0.47308,-0.72813,-0.21958,0.56526,-0.82492,-0.23670,0.19145,-0.34248,-0.15742,0.41295,-0.31916,-0.21587,0.40224,-0.20400,-0.19422,0.35739,-0.15262,-0.16473,0.22518,-0.23127,-0.20320,0.39407,-0.20077,-0.22609,0.39143,-0.11633,-0.19830,0.35774,-0.07291,-0.17161
V,-0.00000,0.00000,0.00000,0.00042,-0.23816,0.11482,0.06849,-0.38404,0.12942,0.17997,-0.44114,0.12550,0.26912,-0.45593,0.12410,0.08759,-0.50240,-0.01560,0.19333,-0.71800,-0.03778,0.25906,-0.84273,-0.04250,0.30891,-0.93630,-0.04488,0.14755,-0.43204,-0.07332,0.29660,-0.65804,-0.12669,0.38956,-0.79690,-0.14534,0.45278,-0.89162,-0.15497,0.21160,-0.33377,-0.10629,0.34704,-0.44677,-0.08258,0.32647,-0.39937,-0.00544,0.29559,-0.36327,0.04512,0.25677,-0.23035,-0.13293,0.34714,-0.30847,-0.07164,0.31638,-0.27955,0.00725,0.28466,-0.25124,0.06393
V,-0.00000,0.00000,0.00000,-0.02723,-0.24030,0.04295,0.04697,-0.40206,0.04422,0.14827,-0.46238,0.03543,0.23147,-0.47008,0.02395,0.07055,-0.48899,-0.02491,0.14704,-0.72713,-0.05060,0.19944,-0.85363,-0.06592,0.24511,-0.95333,-0.07305,0.16002,-0.42156,-0.05217,0.27207,-0.65691,-0.07160,0.34519,-0.80479,-0.08125,0.40553,-0.91408,-0.08877,0.23560,-0.32833,-0.06900,0.30720,-0.49444,-0.06360,0.25814,-0.46012,-0.03339,0.21929,-0.40187,-0.01022,0.28368,-0.23315,-0.08358,0.31833,-0.35081,-0.05914,0.28025,-0.32895,-0.01771,0.24701,-0.28728,0.01501
V,-0.00000,0.00000,0.00000,-0.07631,-0.20703,0.00239,-0.04856,-0.38836,0.00444,0.03961,-0.46511,0.00710,0.12080,-0.45603,0.00919,0.05932,-0.48043,-0.03797,0.10453,-0.72758,-0.04998,0.13606,-0.85445,-0.04621,0.17107,-0.94116,-0.03463,0.15790,-0.43851,-0.04139,0.22359,-0.69820,-0.05029,0.26862,-0.85362,-0.04917,0.31099,-0.95041,-0.03979,0.22751,-0.36730,-0.03875,0.21484,-0.48850,-0.03926,0.16915,-0.46004,-0.03080,0.13960,-0.40288,-0.01317,0.27204,-0.28796,-0.03519,0.24387,-0.37271,-0.01085,0.20646,-0.35366,0.01968,0.18224,-0.30570,0.04882
V,-0.00000,0.00000,0.00000,-0.10439,-0.19544,0.01338,-0.11333,-0.38275,0.03477,-0.05786,-0.47988,0.05838,-0.00970,-0.48658,0.08320,0.02930,-0.51588,-0.00930,0.03120,-0.76671,-0.00334,0.03253,-0.89466,0.00869,0.04301,-0.98434,0.02483,0.13496,-0.47992,-0.00340,0.15551,-0.74201,0.01202,0.16825,-0.88943,0.02569,0.18808,-0.98215,0.03974,0.20467,-0.41246,0.00827,0.14961,-0.52165,0.02936,0.09858,-0.47894,0.03816,0.07149,-0.41010,0.05158,0.24948,-0.33592,0.02109,0.20018,-0.41207,0.05438,0.16207,-0.38183,0.07833,0.13621,-0.32637,0.10079
V,-0.00000,0.00000,0.00000,-0.11466,-0.19070,-0.00644,-0.13183,-0.38929,0.00492,-0.06421,-0.50025,0.01879,0.01315,-0.50755,0.03323,0.01212,-0.51997,-0.01114,0.01396,-0.77476,-0.00558,0.01335,-0.90123,0.00550,0.02358,-0.99972,0.02026,0.11880,-0.48957,-0.00225,0.12566,-0.73835,0.01168,0.12897,-0.87798,0.01924,0.13906,-0.96173,0.02931,0.19037,-0.42748,0.00929,0.12003,-0.51362,0.01920,0.07158,-0.45845,0.01741,0.04942,-0.38339,0.02579,0.23884,-0.35832,0.02071,0.17080,-0.41790,0.04413,0.13205,-0.37877,0.06080,0.11276,-0.32009,0.07887
V,-0.00000,0.00000,0.00000,-0.10639,-0.18769,-0.02373,-0.12112,-0.38861,-0.02640,-0.04197,-0.50485,-0.02464,0.03714,-0.52666,-0.02265,0.01618,-0.49441,-0.04831,0.02109,-0.75229,-0.06788,0.01688,-0.89074,-0.07123,0.02122,-0.99977,-0.06369,0.11731,-0.46804,-0.03923,0.12474,-0.72879,-0.04885,0.12700,-0.88603,-0.04815,0.13408,-0.98495,-0.03972,0.18623,-0.41151,-0.02874,0.11715,-0.49765,-0.03987,0.06958,-0.44692,-0.04088,0.04511,-0.37623,-0.02739,0.23181,-0.34290,-0.01969,0.16645,-0.39867,-0.01048,0.12780,-0.36015,0.00702,0.11096,-0.30209,0.02810
V,-0.00000,0.00000,0.00000,-0.06396,-0.20613,-0.03994,-0.03118,-0.41665,-0.05615,0.05609,-0.53016,-0.06462,0.13775,-0.56519,-0.07338,0.08822,-0.48267,-0.09339,0.13492,-0.73640,-0.13240,0.14879,-0.87260,-0.14903,0.15776,-0.97451,-0.15052,0.18807,-0.42348,-0.08406,0.26303,-0.67530,-0.11516,0.29925,-0.83486,-0.12871,0.32461,-0.94585,-0.13161,0.26205,-0.33578,-0.07295,0.26510,-0.47584,-0.10643,0.19894,-0.45458,-0.11533,0.14429,-0.40227,-0.10665,0.30563,-0.24119,-0.06264,0.29579,-0.34819,-0.07804,0.24082,-0.34075,-0.06982,0.19443,-0.29823,-0.05350
V,-0.00000,0.00000,0.00000,-0.01781,-0.25765,-0.07131,0.06304,-0.47550,-0.11411,0.20365,-0.57565,-0.13713,0.31367,-0.59648,-0.15728,0.17542,-0.35659,-0.20064,0.30501,-0.61132,-0.27032,0.37906,-0.75678,-0.29923,0.44415,-0.87444,-0.30980,0.28057,-0.24568,-0.18089,0.44582,-0.50074,-0.23956,0.55341,-0.66198,-0.25007,0.63871,-0.76945,-0.25356,0.34862,-0.14871,-0.15570,0.43609,-0.36016,-0.19636,0.38044,-0.42463,-0.18170,0.32043,-0.42361,-0.16105,0.38401,-0.07588,-0.13535,0.44919,-0.24882,-0.14970,0.41232,-0.30378,-0.12943,0.36505,-0.30151,-0.10814
V,-0.00000,0.00000,0.00000,-0.02639,-0.27689,-0.15143,0.08282,-0.53449,-0.25675,0.27280,-0.64047,-0.31178,0.41783,-0.67364,-0.35662,0.11149,-0.28659,-0.45590,0.24959,-0.54484,-0.59854,0.34116,-0.71081,-0.67593,0.43449,-0.84080,-0.72948,0.23847,-0.15475,-0.39633,0.40889,-0.42822,-0.54615,0.55035,-0.61971,-0.60229,0.66784,-0.74430,-0.65017,0.33386,-0.06635,-0.31770,0.43948,-0.40345,-0.37393,0.37857,-0.48954,-0.30275,0.31640,-0.49142,-0.26013,0.40223,-0.03066,-0.25322,0.44546,-0.31444,-0.28024,0.39003,-0.39492,-0.24309,0.33861,-0.41141,-0.21686
V,-0.00000,0.00000,0.00000,-0.04211,-0.27351,-0.20448,0.06278,-0.52250,-0.35843,0.24699,-0.62259,-0.43988,0.39529,-0.64292,-0.50407,0.06379,-0.25225,-0.62254,0.18392,-0.50879,-0.82550,0.26586,-0.70536,-0.94842,0.36543,-0.87266,-1.03952,0.19684,-0.12261,-0.54457,0.36947,-0.42233,-0.77380,0.51012,-0.63264,-0.87736,0.63254,-0.77453,-0.96677,0.30596,-0.03756,-0.43837,0.43415,-0.42899,-0.52867,0.36206,-0.50138,-0.43087,0.29145,-0.48053,-0.37782,0.39912,-0.00764,-0.35062,0.45752,-0.32339,-0.39381,0.38412,-0.41208,-0.34059,0.32919,-0.41991,-0.30879
V,-0.00000,0.00000,0.00000,-0.05169,-0.27518,-0.19307,0.06212,-0.56493,-0.32445,0.26469,-0.68573,-0.39626,0.41511,-0.69287,-0.45279,0.04702,-0.22503,-0.52330,0.16995,-0.50135,-0.68569,0.25789,-0.69688,-0.76532,0.35930,-0.86274,-0.82110,0.19494,-0.07117,-0.45800,0.37022,-0.39075,-0.64531,0.51720,-0.61754,-0.71655,0.63275,-0.77436,-0.77508,0.31913,0.02024,-0.37503,0.46139,-0.41995,-0.48125,0.38296,-0.54706,-0.42367,0.30542,-0.55616,-0.38436,0.42326,0.04485,-0.30613,0.48960,-0.31807,-0.36987,0.40899,-0.42267,-0.34380,0.34386,-0.44196,-0.32450
V,-0.00000,0.00000,0.00000,-0.05812,-0.26668,-0.16173,0.03996,-0.57017,-0.26200,0.21068,-0.75932,-0.31968,0.34827,-0.85396,-0.36408,0.04121,-0.25058,-0.38445,0.15463,-0.53816,-0.50877,0.24267,-0.71488,-0.55839,0.31951,-0.84828,-0.58574,0.19536,-0.10013,-0.33269,0.37492,-0.42980,-0.46184,0.51330,-0.65382,-0.49099,0.60457,-0.79655,-0.51288,0.32067,-0.00428,-0.27512,0.48313,-0.45368,-0.36598,0.41433,-0.60275,-0.32904,0.32290,-0.62027,-0.29480,0.41317,0.02485,-0.22900,0.50256,-0.34591,-0.29094,0.44218,-0.47292,-0.27993,0.37057,-0.50302,-0.26538
V,-0.00000,0.00000,0.00000,-0.03609,-0.24126,-0.06137,0.06694,-0.48899,-0.11782,0.23944,-0.58549,-0.15750,0.39359,-0.61174,-0.20212,-0.03301,-0.44342,-0.23543,0.02659,-0.67780,-0.33306,0.08764,-0.84278,-0.38039,0.14532,-0.98938,-0.40501,0.05931,-0.29632,-0.23939,0.18596,-0.55193,-0.31758,0.28868,-0.71936,-0.33466,0.37157,-0.84205,-0.35000,0.15407,-0.14629,-0.23743,0.31716,-0.38791,-0.31600,0.33863,-0.45343,-0.29918,0.32873,-0.44408,-0.27539,0.24351,-0.00864,-0.23558,0.38148,-0.23800,-0.28983,0.39215,-0.29836,-0.26968,0.37456,-0.28505,-0.24725
V,-0.00000,0.00000,0.00000,0.00619,-0.28385,-0.03960,0.13896,-0.48646,-0.11824,0.31099,-0.52329,-0.19032,0.42882,-0.45618,-0.27353,-0.00424,-0.48811,-0.23263,0.04697,-0.70916,-0.33596,0.09439,-0.85994,-0.39682,0.12871,-0.99168,-0.43904,0.04197,-0.35684,-0.25874,0.19156,-0.51918,-0.35885,0.29579,-0.63090,-0.39175,0.36218,-0.71793,-0.41923,0.11556,-0.20051,-0.27695,0.35900,-0.32596,-0.35937,0.41170,-0.32530,-0.35681,0.40487,-0.30529,-0.34868,0.19544,-0.04623,-0.29429,0.40899,-0.14345,-0.35536,0.47097,-0.17413,-0.35699,0.48233,-0.18332,-0.35339
V,-0.00000,0.00000,0.00000,0.11083,-0.07138,-0.04581,0.18532,-0.22378,-0.08946,0.18931,-0.34618,-0.13632,0.15125,-0.42474,-0.18377,0.04126,-0.44352,-0.10075,0.04734,-0.64984,-0.17362,0.06156,-0.80319,-0.21789,0.06426,-0.92751,-0.24373,-0.06422,-0.44374,-0.12204,-0.06785,-0.67048,-0.19885,-0.07044,-0.84949,-0.24461,-0.07913,-0.99686,-0.26243,-0.15234,-0.37942,-0.14224,-0.02140,-0.36642,-0.22227,0.07794,-0.23672,-0.21716,0.13710,-0.12323,-0.18679,-0.20637,-0.27563,-0.16638,-0.06450,-0.25203,-0.21733,0.01362,-0.18070,-0.19366,0.05705,-0.11068,-0.15799
V,-0.00000,0.00000,0.00000,0.10696,-0.05333,-0.05638,0.16942,-0.18703,-0.09939,0.12441,-0.30081,-0.14445,0.06383,-0.37122,-0.18686,0.10899,-0.42194,-0.07941,0.16068,-0.62369,-0.15083,0.18948,-0.76135,-0.19386,0.20624,-0.87536,-0.21793,0.01672,-0.43326,-0.09481,0.02263,-0.68316,-0.17205,0.01929,-0.85471,-0.21436,0.00564,-0.99998,-0.22903,-0.07090,-0.39009,-0.11470,-0.01158,-0.44900,-0.20681,0.03666,-0.31607,-0.20735,0.05403,-0.20689,-0.17663,-0.14876,-0.31526,-0.13858,-0.08230,-0.36414,-0.19740,-0.03553,-0.28079,-0.17747,-0.01981,-0.20587,-0.14343
V,-0.00000,0.00000,0.00000,0.09935,-0.06324,-0.07325,0.14450,-0.19033,-0.12500,0.07090,-0.29170,-0.17642,0.00488,-0.37537,-0.22297,0.14009,-0.44430,-0.09605,0.19506,-0.65584,-0.16910,0.22181,-0.79009,-0.21034,0.24166,-0.90805,-0.23305,0.04700,-0.46351,-0.10675,0.04410,-0.71007,-0.18621,0.02954,-0.86584,-0.22620,0.01133,-0.99994,-0.23980,-0.04015,-0.42404,-0.12405,-0.04285,-0.45292,-0.21678,-0.01445,-0.29991,-0.21649,0.00297,-0.20005,-0.18712,-0.11727,-0.34999,-0.14783,-0.11570,-0.38236,-0.20630,-0.08174,-0.27599,-0.18557,-0.05662,-0.19670,-0.15287
V,-0.00000,0.00000,0.00000,0.10268,-0.05884,-0.08140,0.14555,-0.18792,-0.13259,0.07345,-0.30572,-0.18103,0.01638,-0.40304,-0.22321,0.16229,-0.42469,-0.09633,0.22025,-0.63428,-0.16770,0.24627,-0.76676,-0.20481,0.26552,-0.88124,-0.22224,0.06985,-0.45244,-0.09891,0.06866,-0.69801,-0.18100,0.05484,-0.86233,-0.21888,0.04008,-0.99920,-0.22763,-0.01690,-0.42495,-0.10928,-0.02525,-0.45949,-0.21201,-0.00488,-0.30108,-0.21445,0.01044,-0.19048,-0.18049,-0.09600,-0.36677,-0.12563,-0.10025,-0.40715,-0.19257,-0.07530,-0.29641,-0.17512,-0.05131,-0.20728,-0.14045
V,-0.00000,0.00000,0.00000,0.10773,-0.05425,-0.07353,0.15641,-0.19129,-0.11931,0.09406,-0.31856,-0.16408,0.03983,-0.41657,-0.20417,0.17922,-0.42688,-0.08180,0.24167,-0.62867,-0.15122,0.27257,-0.76167,-0.18997,0.29453,-0.87400,-0.20997,0.08770,-0.45302,-0.09115,0.10663,-0.70177,-0.16822,0.11404,-0.85787,-0.20593,0.11336,-0.99355,-0.21640,-0.00404,-0.42082,-0.10817,-0.00536,-0.48662,-0.20527,0.01805,-0.32730,-0.20484,0.03036,-0.22263,-0.17233,-0.08760,-0.35209,-0.13095,-0.08413,-0.40514,-0.19477,-0.05674,-0.29656,-0.17553,-0.03734,-0.22060,-0.14173
V,-0.00000,0.00000,0.00000,0.12416,-0.02430,-0.09851,0.19473,-0.13369,-0.16505,0.12799,-0.25746,-0.22309,0.06442,-0.37328,-0.27551,0.20026,-0.41464,-0.13884,0.25769,-0.63173,-0.21721,0.28776,-0.76604,-0.26179,0.30947,-0.88829,-0.28852,0.09498,-0.46874,-0.13528,0.10997,-0.70683,-0.21096,0.11319,-0.85912,-0.24613,0.11120,-0.99380,-0.26113,-0.00550,-0.44878,-0.13879,0.01118,-0.46968,-0.22291,0.02235,-0.32504,-0.22227,0.02276,-0.23142,-0.19995,-0.10058,-0.38664,-0.15094,-0.06643,-0.36931,-0.21068,-0.04072,-0.26799,-0.19905,-0.02929,-0.20260,-0.17575
V,-0.00000,0.00000,0.00000,0.17830,-0.06020,-0.08296,0.29551,-0.17132,-0.15002,0.22018,-0.25896,-0.21180,0.10090,-0.36759,-0.27628,0.23924,-0.49575,-0.10852,0.26743,-0.65101,-0.17266,0.27050,-0.73754,-0.21620,0.26256,-0.83706,-0.25402,0.09507,-0.55490,-0.12332,0.02594,-0.75339,-0.18534,-0.02393,-0.85970,-0.22403,-0.05615,-0.99842,-0.25222,-0.02085,-0.53462,-0.14934,-0.06604,-0.68264,-0.23213,-0.05818,-0.81316,-0.27845,-0.03287,-0.98103,-0.31022,-0.11955,-0.46752,-0.17857,-0.09964,-0.47490,-0.25501,-0.03829,-0.46966,-0.27900,0.02767,-0.50009,-0.29528
V,-0.00000,0.00000,0.00000,0.28167,0.09065,-0.18675,0.50983,0.17416,-0.36182,0.55392,0.23017,-0.52500,0.55862,0.21310,-0.68261,0.63121,-0.73511,-0.36301,0.70654,-0.56048,-0.63803,0.72356,-0.23413,-0.83606,0.74198,0.06332,-0.94370,0.33569,-0.94197,-0.39464,0.19848,-0.32596,-0.64928,0.23600,0.13169,-0.75672,0.31465,0.42215,-0.80072,0.03256,-0.92917,-0.44086,-0.11408,-0.15990,-0.66908,-0.05420,0.28589,-0.66691,0.02933,0.55112,-0.62507,-0.23067,-0.80493,-0.50634,-0.31808,-0.16357,-0.66619,-0.22732,0.22062,-0.63256,-0.13071,0.43894,-0.56660
V,-0.00000,0.00000,0.00000,0.28774,0.09865,-0.01703,0.46020,0.35800,-0.11138,0.50954,0.63635,-0.21064,0.49671,0.78678,-0.32794,0.51801,0.11559,-0.24287,0.62419,0.28000,-0.38739,0.65734,0.49849,-0.47326,0.64987,0.68812,-0.52379,0.34040,0.13218,-0.31093,0.36636,0.74077,-0.43884,0.36037,0.91009,-0.46542,0.33366,0.94269,-0.48861,0.13424,0.21402,-0.37140,0.16094,0.84985,-0.48780,0.15118,0.81428,-0.44892,0.13982,0.66059,-0.41265,-0.05694,0.32489,-0.42805,-0.02143,0.85956,-0.52582,-0.01623,0.81567,-0.48818,-0.00418,0.65072,-0.44655
V,-0.00000,0.00000,0.00000,0.18248,0.07796,-0.03285,0.26342,0.31152,-0.11058,0.22256,0.55789,-0.18063,0.15404,0.71508,-0.26659,0.32434,0.21314,-0.26259,0.40993,0.44829,-0.36273,0.48529,0.62353,-0.41589,0.53378,0.75401,-0.45028,0.19872,0.20629,-0.29195,0.23427,0.58055,-0.39342,0.28552,0.80910,-0.42515,0.31296,0.94977,-0.45150,0.04812,0.24204,-0.30740,0.05454,0.70050,-0.38529,0.05860,0.71187,-0.35194,0.05151,0.61979,-0.32045,-0.09473,0.30193,-0.32104,-0.06721,0.67203,-0.38487,-0.03567,0.66975,-0.36170,-0.00880,0.57155,-0.33479
V,-0.00000,0.00000,0.00000,0.18754,0.07958,-0.05909,0.30642,0.32535,-0.14783,0.29267,0.61044,-0.22168,0.25840,0.80340,-0.30303,0.40225,0.13298,-0.29641,0.54505,0.38650,-0.40413,0.63548,0.57023,-0.45239,0.70127,0.71290,-0.48241,0.27720,0.12174,-0.31483,0.34047,0.44789,-0.44002,0.40349,0.69221,-0.47694,0.44525,0.84579,-0.50101,0.12391,0.16157,-0.31990,0.16673,0.61202,-0.42012,0.16377,0.69323,-0.37750,0.14917,0.65219,-0.33018,-0.02023,0.22889,-0.32448,0.02873,0.61376,-0.40052,0.06697,0.69374,-0.37706,0.09338,0.66859,-0.34358
V,-0.00000,0.00000,0.00000,0.26658,0.06981,-0.04352,0.44716,0.19926,-0.13319,0.47952,0.40064,-0.22114,0.43256,0.55778,-0.31956,0.51014,-0.17414,-0.24605,0.72363,-0.05111,-0.36309,0.86522,0.07435,-0.42490,0.98231,0.18728,-0.46612,0.38015,-0.21246,-0.29412,0.55620,0.06334,-0.42455,0.61199,0.24873,-0.45877,0.63785,0.36267,-0.47399,0.22051,-0.14991,-0.33523,0.32492,0.30530,-0.45448,0.32287,0.51409,-0.44838,0.30546,0.60191,-0.42493,0.06803,-0.03521,-0.37598,0.15736,0.30427,-0.45808,0.20191,0.47023,-0.44835,0.23258,0.55044,-0.42954
V,-0.00000,0.00000,0.00000,0.21479,0.04719,-0.14748,0.39683,0.12454,-0.31695,0.42560,0.28317,-0.47428,0.39201,0.37506,-0.64027,0.47134,-0.26598,-0.40116,0.70349,-0.19365,-0.61389,0.86681,-0.10445,-0.76448,0.99935,-0.03617,-0.87009,0.31148,-0.33327,-0.43827,0.45935,-0.19296,-0.68813,0.54146,-0.14082,-0.80945,0.61178,-0.13441,-0.88059,0.13438,-0.30752,-0.47447,0.28276,0.10854,-0.66021,0.29148,0.35185,-0.66417,0.28025,0.46808,-0.64942,-0.01255,-0.20865,-0.52466,0.10489,0.15447,-0.63929,0.16019,0.35144,-0.62684,0.19011,0.43317,-0.61069
V,-0.00000,0.00000,0.00000,0.17165,0.06283,-0.12020,0.33589,0.13256,-0.23538,0.38156,0.21516,-0.34487,0.37476,0.23879,-0.45453,0.47131,-0.27755,-0.23439,0.69588,-0.29081,-0.39781,0.85702,-0.22769,-0.51277,0.98556,-0.16935,-0.58882,0.31170,-0.41635,-0.26908,0.45314,-0.39216,-0.47113,0.45503,-0.30698,-0.56335,0.44401,-0.25635,-0.59294,0.12002,-0.43912,-0.30968,0.22220,-0.03869,-0.46577,0.23168,0.24109,-0.46910,0.23128,0.38419,-0.43945,-0.04981,-0.35816,-0.36327,0.04069,0.00754,-0.45212,0.09238,0.22414,-0.42804,0.12619,0.33028,-0.39318
V,-0.00000,0.00000,0.00000,0.15484,0.01574,-0.05579,0.29442,0.01068,-0.12975,0.34807,0.03694,-0.21221,0.34632,0.08941,-0.30002,0.39226,-0.32248,-0.14635,0.53046,-0.47735,-0.25628,0.63281,-0.58576,-0.33176,0.71460,-0.69954,-0.38493,0.26857,-0.43769,-0.19334,0.36896,-0.51169,-0.34581,0.41767,-0.44846,-0.41758,0.45092,-0.38556,-0.43839,0.11657,-0.47057,-0.23957,0.19189,-0.21335,-0.37663,0.20200,0.05229,-0.38634,0.19485,0.23455,-0.35803,-0.03411,-0.42909,-0.29022,0.03055,-0.16067,-0.37237,0.06434,0.03829,-0.35697,0.08507,0.16093,-0.32548
V,-0.00000,0.00000,0.00000,0.16614,0.03509,-0.04919,0.27972,-0.07243,-0.09743,0.27775,-0.21467,-0.14297,0.24855,-0.32770,-0.18704,0.24999,-0.33453,-0.13590,0.38270,-0.52365,-0.21103,0.47818,-0.63934,-0.25797,0.55252,-0.72795,-0.28909,0.14874,-0.42394,-0.15339,0.25857,-0.64230,-0.23605,0.35383,-0.78700,-0.28667,0.42496,-0.90521,-0.31319,0.03657,-0.44322,-0.16600,0.14210,-0.44449,-0.23763,0.16263,-0.31050,-0.22118,0.15286,-0.21195,-0.19070,-0.07061,-0.41091,-0.18259,0.04007,-0.40589,-0.23195,0.07799,-0.32192,-0.20015,0.08093,-0.25651,-0.16070
V,-0.00000,0.00000,0.00000,0.13025,-0.03555,-0.03162,0.20897,-0.17918,-0.05326,0.21691,-0.31684,-0.08280,0.25079,-0.42389,-0.10962,0.19033,-0.41833,-0.03374,0.29350,-0.59168,-0.09470,0.36660,-0.70935,-0.13155,0.42011,-0.80474,-0.15182,0.10345,-0.45815,-0.06034,0.19112,-0.67596,-0.13176,0.25991,-0.82533,-0.17961,0.30810,-0.95135,-0.19970,0.00995,-0.44850,-0.09103,0.12237,-0.48403,-0.17954,0.15279,-0.34094,-0.18509,0.15070,-0.23866,-0.15931,-0.07766,-0.40268,-0.12418,0.03496,-0.41135,-0.18160,0.06666,-0.32126,-0.16774,0.06200,-0.25479,-0.13883
V,-0.00000,0.00000,0.00000,0.15260,-0.08137,-0.01061,0.23428,-0.23798,-0.02018,0.25301,-0.40061,-0.04461,0.28018,-0.53214,-0.06691,0.19004,-0.42580,0.02284,0.28490,-0.58978,-0.02305,0.35228,-0.69084,-0.05550,0.40652,-0.78736,-0.07630,0.12396,-0.46176,-0.01138,0.20969,-0.68473,-0.06810,0.27352,-0.82386,-0.10944,0.31733,-0.94832,-0.12998,0.04546,-0.45651,-0.05198,0.15613,-0.55908,-0.13250,0.21343,-0.41752,-0.14065,0.23333,-0.30327,-0.12121,-0.03276,-0.42268,-0.09403,0.08645,-0.48855,-0.14901,0.14899,-0.39139,-0.13976,0.17628,-0.30425,-0.11850
V,-0.00000,0.00000,0.00000,0.15360,-0.12495,0.00730,0.22099,-0.29919,0.00722,0.23251,-0.46622,-0.01235,0.23694,-0.59827,-0.03079,0.17381,-0.44751,0.05412,0.25304,-0.62157,0.02442,0.30495,-0.71836,0.00217,0.34244,-0.81275,-0.01304,0.10873,-0.48101,0.01495,0.18316,-0.70249,-0.02779,0.24165,-0.84221,-0.06780,0.28372,-0.95891,-0.09095,0.03166,-0.48047,-0.03076,0.13596,-0.60120,-0.10059,0.21401,-0.48769,-0.12529,0.25450,-0.37856,-0.12203,-0.04312,-0.45885,-0.07586,0.07120,-0.55086,-0.12449,0.14900,-0.48011,-0.12869,0.19677,-0.39880,-0.12169
V,-0.00000,0.00000,0.00000,0.14672,-0.14527,-0.00573,0.18072,-0.31831,-0.02808,0.20697,-0.45269,-0.06317,0.22413,-0.57903,-0.09474,0.00025,-0.50660,-0.02071,0.07413,-0.72505,-0.06026,0.12809,-0.85895,-0.07974,0.17071,-0.97016,-0.09020,-0.04864,-0.50160,-0.05568,0.04386,-0.74032,-0.11476,0.11295,-0.88091,-0.14797,0.16999,-0.98545,-0.16227,-0.06997,-0.46600,-0.09165,0.13892,-0.56459,-0.16508,0.23454,-0.44792,-0.16929,0.27754,-0.34238,-0.15103,-0.05049,-0.40844,-0.12839,0.11394,-0.48295,-0.17553,0.19953,-0.41147,-0.17117,0.24851,-0.33370,-0.15641
V,-0.00000,0.00000,0.00000,-0.00677,-0.22510,0.03500,0.05929,-0.39451,0.00522,0.19162,-0.45901,-0.03699,0.29219,-0.45081,-0.08603,0.03319,-0.47186,-0.08184,0.10845,-0.71680,-0.13767,0.14702,-0.86534,-0.16989,0.18443,-0.98285,-0.19132,0.09674,-0.40909,-0.12928,0.22555,-0.65544,-0.18802,0.31546,-0.80596,-0.21628,0.38909,-0.91398,-0.23779,0.16729,-0.31356,-0.16392,0.31380,-0.44742,-0.18704,0.27595,-0.38693,-0.14595,0.22970,-0.33701,-0.11513,0.22735,-0.20727,-0.19709,0.33071,-0.31987,-0.19550,0.29437,-0.27927,-0.14788,0.25332,-0.24230,-0.11110
V,-0.00000,0.00000,0.00000,-0.06414,-0.21439,-0.00630,-0.02335,-0.39428,-0.01651,0.08656,-0.46199,-0.02518,0.17719,-0.46371,-0.03366,0.06545,-0.47840,-0.06251,0.10945,-0.74053,-0.08899,0.14449,-0.88088,-0.09612,0.17871,-0.98390,-0.09302,0.16733,-0.41639,-0.06655,0.24527,-0.66592,-0.08873,0.30255,-0.82334,-0.09406,0.35265,-0.93256,-0.09110,0.23880,-0.33401,-0.06392,0.24695,-0.47466,-0.07222,0.19880,-0.45015,-0.05509,0.16692,-0.39027,-0.03278,0.28271,-0.24777,-0.06169,0.26570,-0.35411,-0.04419,0.22636,-0.34007,-0.00889,0.20108,-0.29399,0.02352
V,-0.00000,0.00000,0.00000,-0.08046,-0.20859,-0.01269,-0.06730,-0.40887,-0.02333,0.01488,-0.51409,-0.02632,0.09603,-0.52244,-0.03088,0.05187,-0.46813,-0.09167,0.07700,-0.74348,-0.11423,0.09048,-0.88546,-0.11884,0.10874,-0.99407,-0.11303,0.15318,-0.42236,-0.08210,0.19166,-0.70079,-0.09072,0.21826,-0.86243,-0.08584,0.24521,-0.96540,-0.07796,0.22295,-0.35854,-0.06379,0.18249,-0.50510,-0.05362,0.13732,-0.46892,-0.03357,0.11141,-0.40044,-0.01471,0.26537,-0.29264,-0.04622,0.21412,-0.39985,-0.01838,0.17471,-0.37068,0.01558,0.15180,-0.31238,0.04429
V,-0.00000,0.00000,0.00000,-0.06831,-0.21572,-0.01233,-0.03486,-0.40275,-0.03125,0.06638,-0.47125,-0.04674,0.15786,-0.46043,-0.06421,0.03356,-0.44585,-0.09047,0.06373,-0.71530,-0.12797,0.08595,-0.85486,-0.13897,0.10947,-0.96207,-0.13647,0.13637,-0.39730,-0.09555,0.20693,-0.67444,-0.12533,0.25208,-0.84085,-0.12849,0.29339,-0.95599,-0.12290,0.21344,-0.32766,-0.09345,0.21933,-0.48589,-0.11037,0.17113,-0.45661,-0.09008,0.14063,-0.39151,-0.06420,0.26141,-0.25492,-0.09171,0.24066,-0.37099,-0.08039,0.19916,-0.35412,-0.04194,0.17712,-0.30385,-0.00710
V,-0.00000,0.00000,0.00000,-0.00257,-0.22727,0.01231,0.07955,-0.40668,-0.02012,0.20529,-0.45404,-0.05760,0.30465,-0.43791,-0.10167,0.04233,-0.47437,-0.10730,0.12449,-0.71566,-0.16831,0.16837,-0.85631,-0.20081,0.20332,-0.97911,-0.21872,0.09636,-0.39840,-0.14057,0.24277,-0.63466,-0.19404,0.33041,-0.77666,-0.21401,0.39895,-0.89387,-0.22910,0.15132,-0.29758,-0.16369,0.31401,-0.45261,-0.20799,0.29287,-0.39160,-0.18300,0.25040,-0.32786,-0.15503,0.20055,-0.18968,-0.18406,0.32717,-0.31625,-0.20576,0.30539,-0.28468,-0.17153,0.26413,-0.23731,-0.13922
V,-0.00000,0.00000,0.00000,0.14963,-0.13143,-0.04660,0.21883,-0.25336,-0.10506,0.25122,-0.34242,-0.16681,0.27461,-0.43232,-0.22917,0.07192,-0.50166,-0.12207,0.14721,-0.71474,-0.20693,0.19998,-0.85477,-0.26040,0.23067,-0.97303,-0.29230,-0.00138,-0.46210,-0.14892,0.10930,-0.68074,-0.25627,0.17175,-0.82557,-0.31607,0.20837,-0.94762,-0.34398,-0.04705,-0.37949,-0.17373,0.15400,-0.42512,-0.27785,0.24431,-0.33718,-0.28035,0.27732,-0.27095,-0.25647,-0.04715,-0.26967,-0.20143,0.12197,-0.28102,-0.26116,0.19308,-0.21839,-0.24160,0.21448,-0.16395,-0.21177
V,-0.00000,0.00000,0.00000,0.11916,-0.06869,-0.05861,0.18813,-0.22178,-0.10016,0.12185,-0.34007,-0.14299,0.03504,-0.39889,-0.18307,0.11990,-0.43573,-0.08071,0.19011,-0.63020,-0.14692,0.22906,-0.76371,-0.18536,0.25199,-0.87762,-0.20828,0.02330,-0.45347,-0.09313,0.02947,-0.69155,-0.16393,0.02839,-0.85718,-0.20233,0.01501,-0.99989,-0.21668,-0.06545,-0.41246,-0.11047,-0.00496,-0.44514,-0.19723,0.05762,-0.30801,-0.19961,0.08611,-0.20191,-0.17293,-0.14625,-0.33744,-0.13262,-0.08130,-0.36043,-0.19164,-0.02759,-0.26579,-0.17741,-0.00621,-0.18396,-0.14908
V,-0.00000,0.00000,0.00000,0.11030,-0.05719,-0.07323,0.17178,-0.19429,-0.12617,0.10361,-0.30867,-0.17933,0.03161,-0.39345,-0.22896,0.14071,-0.44098,-0.10184,0.20386,-0.63609,-0.17912,0.24044,-0.76954,-0.22481,0.26400,-0.88604,-0.25285,0.04297,-0.45676,-0.11419,0.03896,-0.69130,-0.20395,0.02886,-0.85818,-0.25183,0.01199,-0.99993,-0.27145,-0.04827,-0.41571,-0.13244,-0.02494,-0.45304,-0.23723,0.02272,-0.29620,-0.24192,0.04906,-0.18174,-0.21499,-0.13073,-0.34507,-0.15654,-0.09057,-0.35171,-0.23131,-0.04434,-0.23653,-0.22030,-0.01756,-0.14888,-0.19257
V,-0.00000,0.00000,0.00000,0.11099,-0.05851,-0.06233,0.17711,-0.19463,-0.11189,0.10917,-0.29962,-0.16321,0.03113,-0.38388,-0.21203,0.14282,-0.44063,-0.09861,0.20912,-0.64413,-0.16695,0.24722,-0.77512,-0.20400,0.27318,-0.89186,-0.22568,0.03974,-0.46448,-0.11229,0.03797,-0.69999,-0.18803,0.03031,-0.86266,-0.22799,0.01778,-0.99984,-0.24392,-0.05412,-0.43162,-0.13004,-0.01420,-0.43485,-0.21582,0.03826,-0.28670,-0.21858,0.06826,-0.17863,-0.19529,-0.13748,-0.36820,-0.15323,-0.09080,-0.35466,-0.20893,-0.04516,-0.24562,-0.19381,-0.01996,-0.16087,-0.16733
V,-0.00000,0.00000,0.00000,0.14665,-0.07751,-0.03976,0.23935,-0.19028,-0.08924,0.26479,-0.27450,-0.14517,0.25213,-0.33462,-0.19955,0.18091,-0.43255,-0.10737,0.24833,-0.65994,-0.18869,0.30454,-0.80259,-0.23501,0.34053,-0.92717,-0.26306,0.07795,-0.46311,-0.13801,0.13490,-0.68284,-0.22257,0.15487,-0.84284,-0.26742,0.16305,-0.98662,-0.28782,-0.02133,-0.42502,-0.16874,0.12508,-0.38473,-0.25019,0.19335,-0.27326,-0.24466,0.22445,-0.20001,-0.22095,-0.09291,-0.34273,-0.20436,0.05242,-0.27865,-0.25252,0.12079,-0.20227,-0.22906,0.15120,-0.14502,-0.19927
V,-0.00000,0.00000,0.00000,0.09114,-0.17181,0.01928,0.22232,-0.31542,-0.01421,0.37234,-0.34322,-0.05781,0.47491,-0.34094,-0.10472,0.18550,-0.48551,-0.08222,0.33839,-0.65850,-0.14604,0.42667,-0.77558,-0.18548,0.49462,-0.86911,-0.21204,0.17400,-0.41480,-0.12924,0.36321,-0.55614,-0.20446,0.48677,-0.65716,-0.24490,0.57955,-0.73577,-0.27133,0.17615,-0.30815,-0.16714,0.41019,-0.30810,-0.21722,0.42425,-0.22236,-0.19606,0.39395,-0.17779,-0.17313,0.18960,-0.18781,-0.20398,0.38599,-0.18363,-0.22448,0.39452,-0.13559,-0.19318,0.35861,-0.11089,-0.16525
V,-0.00000,0.00000,0.00000,0.06578,-0.24178,0.04094,0.19136,-0.36206,0.02308,0.33545,-0.36574,-0.00140,0.44120,-0.32588,-0.03027,0.22306,-0.44630,-0.08976,0.38839,-0.62432,-0.14644,0.48861,-0.73594,-0.18503,0.57190,-0.82033,-0.20949,0.26679,-0.32518,-0.12146,0.49471,-0.44137,-0.16934,0.63764,-0.51717,-0.18990,0.74924,-0.56963,-0.21010,0.30765,-0.19619,-0.13901,0.52923,-0.29106,-0.15024,0.51214,-0.28986,-0.11287,0.46664,-0.26443,-0.08769,0.33473,-0.08050,-0.15400,0.47556,-0.17163,-0.14732,0.45115,-0.18917,-0.10861,0.40214,-0.18602,-0.07763
V,-0.00000,0.00000,0.00000,0.02396,-0.25442,-0.00382,0.14360,-0.38117,-0.00926,0.26379,-0.37420,-0.01752,0.34491,-0.32107,-0.02699,0.24737,-0.45842,-0.03981,0.39351,-0.65092,-0.06431,0.47735,-0.75934,-0.07518,0.55257,-0.83347,-0.07624,0.32055,-0.34835,-0.04451,0.49095,-0.47985,-0.06034,0.59641,-0.55598,-0.06715,0.67340,-0.59436,-0.06614,0.35678,-0.22341,-0.04550,0.38752,-0.28105,-0.05467,0.32381,-0.27280,-0.05418,0.26668,-0.23859,-0.04240,0.37231,-0.10261,-0.04700,0.36309,-0.16664,-0.03693,0.31062,-0.16074,-0.01855,0.26486,-0.13043,0.00253
V,-0.00000,0.00000,0.00000,0.00700,-0.26072,0.03062,0.10264,-0.39602,0.03596,0.21544,-0.41298,0.03393,0.29381,-0.37819,0.03075,0.19489,-0.48631,-0.01203,0.32635,-0.69741,-0.02209,0.40422,-0.80793,-0.02276,0.46760,-0.88394,-0.01861,0.27954,-0.38790,-0.02643,0.45569,-0.54037,-0.03096,0.56096,-0.62614,-0.02970,0.63677,-0.67689,-0.02604,0.32883,-0.26994,-0.03242,0.39500,-0.37077,-0.01677,0.33784,-0.36508,0.00680,0.28899,-0.32877,0.02726,0.35224,-0.15476,-0.03715,0.37552,-0.24848,-0.00385,0.32978,-0.24233,0.03494,0.28872,-0.20822,0.06711
V,-0.00000,0.00000,0.00000,0.04339,-0.23988,0.04647,0.15700,-0.37909,0.04320,0.28836,-0.40410,0.03038,0.38642,-0.37887,0.01261,0.19763,-0.48632,-0.05032,0.34258,-0.65989,-0.10035,0.43241,-0.77198,-0.13162,0.50554,-0.86280,-0.14908,0.24582,-0.40065,-0.08708,0.45518,-0.53945,-0.12848,0.59218,-0.62829,-0.15062,0.69379,-0.69233,-0.16776,0.28468,-0.28551,-0.11262,0.48127,-0.32762,-0.13333,0.49602,-0.28374,-0.11608,0.47555,-0.24540,-0.09921,0.31249,-0.16172,-0.13390,0.46132,-0.18587,-0.13438,0.46007,-0.16783,-0.10597,0.43057,-0.15674,-0.08058
V,-0.00000,0.00000,0.00000,0.15170,-0.11414,-0.02796,0.25611,-0.25547,-0.07795,0.33124,-0.32499,-0.13058,0.39559,-0.37580,-0.18697,0.14199,-0.49445,-0.13401,0.27944,-0.67301,-0.21654,0.36654,-0.78857,-0.26803,0.43179,-0.90198,-0.29645,0.09165,-0.46998,-0.15832,0.26125,-0.65259,-0.23177,0.36292,-0.78160,-0.26500,0.44304,-0.89140,-0.28284,0.06218,-0.39307,-0.17846,0.28616,-0.35348,-0.25003,0.32147,-0.24409,-0.24681,0.30817,-0.17166,-0.22735,0.05796,-0.27560,-0.20012,0.23084,-0.23496,-0.24639,0.26430,-0.15855,-0.23107,0.25255,-0.10746,-0.20867
V,-0.00000,0.00000,0.00000,0.12201,-0.07233,-0.03747,0.19711,-0.22302,-0.06466,0.17112,-0.36543,-0.09966,0.12058,-0.46618,-0.13132,0.15672,-0.42625,-0.02741,0.25013,-0.60970,-0.08349,0.30495,-0.73332,-0.11646,0.34191,-0.84264,-0.13444,0.07342,-0.45342,-0.04847,0.11621,-0.68713,-0.11287,0.13968,-0.84795,-0.14991,0.14983,-0.98871,-0.16229,-0.01338,-0.43094,-0.07583,0.06923,-0.49157,-0.16638,0.11094,-0.34391,-0.17171,0.12139,-0.23023,-0.14377,-0.09621,-0.37674,-0.10574,-0.01010,-0.42039,-0.16546,0.03875,-0.31385,-0.15115,0.05489,-0.22382,-0.12180
V,-0.00000,0.00000,0.00000,0.11236,-0.06625,-0.04039,0.18324,-0.21948,-0.06489,0.14549,-0.36736,-0.09593,0.08684,-0.46018,-0.12451,0.16006,-0.43667,-0.02984,0.23154,-0.62935,-0.07847,0.27206,-0.75464,-0.10695,0.29995,-0.86166,-0.12347,0.07506,-0.45624,-0.04843,0.09680,-0.69881,-0.10598,0.10866,-0.86079,-0.14057,0.10904,-0.99404,-0.15332,-0.01229,-0.42453,-0.07321,0.03380,-0.49998,-0.15579,0.07519,-0.35539,-0.16302,0.08952,-0.24488,-0.14003,-0.09602,-0.36326,-0.10077,-0.03776,-0.41348,-0.15755,0.00808,-0.30617,-0.14581,0.02657,-0.22036,-0.12061
V,-0.00000,0.00000,0.00000,0.10559,-0.08607,-0.03527,0.17428,-0.22982,-0.06967,0.15278,-0.35778,-0.11131,0.09995,-0.44274,-0.15122,0.10279,-0.45922,-0.05596,0.18087,-0.64995,-0.11251,0.23101,-0.77475,-0.14481,0.26287,-0.88395,-0.16496,0.01085,-0.47512,-0.08026,0.04618,-0.70253,-0.14770,0.06366,-0.86175,-0.19014,0.07056,-0.99751,-0.20939,-0.07593,-0.43823,-0.10745,0.03183,-0.47103,-0.19384,0.10748,-0.34090,-0.20729,0.14636,-0.23499,-0.19129,-0.14483,-0.36975,-0.13645,-0.02926,-0.38288,-0.19437,0.04022,-0.29013,-0.18738,0.07523,-0.20728,-0.16754
V,-0.00000,0.00000,0.00000,0.17046,-0.14387,-0.00473,0.25744,-0.30226,-0.03579,0.31650,-0.41681,-0.07469,0.37775,-0.49876,-0.11460,0.13354,-0.49685,-0.08770,0.24546,-0.70330,-0.15751,0.32407,-0.82272,-0.19371,0.38303,-0.92374,-0.21293,0.09617,-0.46521,-0.12611,0.25604,-0.67117,-0.21321,0.36331,-0.78866,-0.25324,0.44350,-0.88475,-0.26894,0.07708,-0.38679,-0.16026,0.30979,-0.38323,-0.24700,0.41206,-0.29090,-0.25470,0.46406,-0.22021,-0.23863,0.08874,-0.27551,-0.19370,0.27552,-0.23607,-0.24333,0.35317,-0.17113,-0.23509,0.39193,-0.12133,-0.21702
V,-0.00000,0.00000,0.00000,0.09239,-0.20421,0.02610,0.23608,-0.33007,-0.01934,0.39796,-0.31634,-0.07671,0.49429,-0.28828,-0.13884,0.20688,-0.49765,-0.11589,0.38555,-0.64233,-0.19139,0.48511,-0.73984,-0.23759,0.56202,-0.82712,-0.27068,0.18520,-0.40141,-0.17426,0.39606,-0.52369,-0.26390,0.53416,-0.62877,-0.30876,0.63662,-0.72094,-0.34180,0.18260,-0.26677,-0.22100,0.43161,-0.26811,-0.27682,0.43240,-0.18100,-0.24289,0.38858,-0.15562,-0.21339,0.19098,-0.12941,-0.26594,0.40556,-0.10662,-0.28849,0.42313,-0.05967,-0.25086,0.39319,-0.05036,-0.22011
V,-0.00000,0.00000,0.00000,0.04078,-0.25692,0.06831,0.16410,-0.39718,0.07665,0.29458,-0.43269,0.07416,0.38719,-0.40381,0.06676,0.20535,-0.45874,-0.03436,0.36264,-0.64046,-0.06555,0.45144,-0.75825,-0.09727,0.52431,-0.85153,-0.12076,0.26035,-0.33735,-0.07017,0.45545,-0.50861,-0.08207,0.57608,-0.63090,-0.09868,0.67384,-0.70955,-0.12349,0.30535,-0.20485,-0.09092,0.47991,-0.34751,-0.06488,0.43288,-0.35975,-0.03100,0.36979,-0.32976,-0.01825,0.33460,-0.08644,-0.10767,0.46959,-0.20540,-0.07800,0.43983,-0.22742,-0.04147,0.38619,-0.21964,-0.01855
V,-0.00000,0.00000,0.00000,-0.00503,-0.25398,0.01683,0.08926,-0.41000,0.02552,0.20184,-0.42754,0.02645,0.27869,-0.38270,0.02471,0.19896,-0.48877,-0.00408,0.30823,-0.70279,-0.01865,0.37009,-0.82505,-0.02197,0.42196,-0.90661,-0.01502,0.28528,-0.39983,-0.01636,0.42773,-0.57513,-0.02069,0.51421,-0.68913,-0.02292,0.57694,-0.75932,-0.01773,0.33321,-0.28174,-0.02457,0.34960,-0.32313,-0.02582,0.28909,-0.30152,-0.02676,0.23386,-0.26054,-0.01534,0.35723,-0.15836,-0.03130,0.34005,-0.19281,-0.01270,0.28584,-0.17752,0.01099,0.23849,-0.14186,0.03629
V,-0.00000,0.00000,0.00000,-0.01970,-0.24959,0.03622,0.06304,-0.40967,0.05875,0.17023,-0.45390,0.07357,0.24792,-0.42465,0.08684,0.17859,-0.51267,0.03265,0.26497,-0.73337,0.04940,0.30937,-0.85266,0.06330,0.35323,-0.93554,0.07813,0.27089,-0.43916,0.02237,0.37389,-0.63745,0.04574,0.44605,-0.74709,0.05367,0.50559,-0.81131,0.06224,0.32597,-0.33521,0.01856,0.32302,-0.42657,0.04953,0.26607,-0.39872,0.05684,0.22460,-0.34719,0.06675,0.35627,-0.22571,0.01702,0.33997,-0.30295,0.06369,0.29255,-0.28867,0.09497,0.25052,-0.24870,0.12103
V,-0.00000,0.00000,0.00000,0.04095,-0.24649,0.05717,0.14646,-0.38344,0.06557,0.25759,-0.41122,0.05981,0.34685,-0.37405,0.04982,0.20749,-0.48003,-0.00738,0.34427,-0.67362,-0.02688,0.42945,-0.78300,-0.03229,0.49804,-0.86430,-0.03152,0.28156,-0.40433,-0.04419,0.47033,-0.56962,-0.06276,0.59589,-0.66653,-0.06479,0.68322,-0.73021,-0.06366,0.33244,-0.29300,-0.07041,0.50334,-0.36006,-0.06649,0.49858,-0.33232,-0.04013,0.46366,-0.30226,-0.01779,0.35817,-0.16676,-0.09282,0.47917,-0.21249,-0.06785,0.48026,-0.20279,-0.02896,0.45300,-0.19041,0.00287
V,-0.00000,0.00000,0.00000,0.17002,-0.10356,-0.02274,0.29775,-0.23718,-0.06680,0.39585,-0.30207,-0.11509,0.47044,-0.34088,-0.16553,0.20098,-0.48826,-0.11282,0.36704,-0.63823,-0.19300,0.47892,-0.73379,-0.24224,0.56794,-0.82307,-0.26928,0.14722,-0.46360,-0.14028,0.33684,-0.61481,-0.21815,0.46083,-0.72216,-0.25433,0.56060,-0.81354,-0.27244,0.10927,-0.38513,-0.16428,0.33350,-0.30628,-0.24008,0.36025,-0.19430,-0.23733,0.34292,-0.13153,-0.21583,0.09083,-0.26583,-0.18940,0.26491,-0.19107,-0.23539,0.29575,-0.10501,-0.21927,0.28343,-0.06115,-0.19541
V,-0.00000,0.00000,0.00000,0.13233,-0.09803,-0.01741,0.20145,-0.25306,-0.03742,0.18390,-0.38811,-0.07075,0.14002,-0.47405,-0.10367,0.14494,-0.45067,-0.01017,0.23175,-0.62243,-0.06371,0.29258,-0.73514,-0.10127,0.33891,-0.83500,-0.12496,0.06614,-0.47632,-0.04376,0.13271,-0.69163,-0.10742,0.18307,-0.84470,-0.15427,0.21984,-0.97554,-0.17653,-0.02311,-0.45692,-0.08137,0.07664,-0.51683,-0.16470,0.13295,-0.38619,-0.17679,0.15878,-0.27544,-0.15889,-0.10795,-0.40495,-0.12031,-0.00396,-0.44628,-0.17490,0.05594,-0.35213,-0.16293,0.08322,-0.26218,-0.13865
V,-0.00000,0.00000,0.00000,0.11273,-0.08656,-0.03345,0.17727,-0.23846,-0.05887,0.14692,-0.37754,-0.09392,0.09754,-0.47033,-0.12695,0.13211,-0.44450,-0.02303,0.20999,-0.63680,-0.07643,0.25431,-0.76008,-0.10841,0.28387,-0.86646,-0.12579,0.05350,-0.46363,-0.04681,0.09683,-0.70502,-0.11086,0.12142,-0.86120,-0.14950,0.13377,-0.99101,-0.16333,-0.03158,-0.43862,-0.07663,0.03464,-0.51538,-0.16539,0.07905,-0.37051,-0.17433,0.09794,-0.25648,-0.15019,-0.11564,-0.38634,-0.10850,-0.04705,-0.44731,-0.16412,0.00800,-0.34592,-0.15003,0.03773,-0.25711,-0.12279
V,-0.00000,0.00000,0.00000,0.11427,-0.09443,-0.03861,0.17424,-0.23426,-0.06939,0.13552,-0.35770,-0.10918,0.08499,-0.45317,-0.14635,0.10832,-0.45994,-0.02549,0.17843,-0.65620,-0.08012,0.21831,-0.78323,-0.11345,0.23991,-0.89538,-0.13135,0.02333,-0.47138,-0.04773,0.04580,-0.70765,-0.11461,0.05478,-0.86716,-0.15662,0.05003,-0.99875,-0.17196,-0.06109,-0.43567,-0.07662,0.00511,-0.48796,-0.16735,0.05714,-0.34413,-0.17864,0.07797,-0.23180,-0.15483,-0.14046,-0.37459,-0.10819,-0.07261,-0.42921,-0.16547,-0.01776,-0.32924,-0.15250,0.00964,-0.24268,-0.12472
V,-0.00000,0.00000,0.00000,0.12386,-0.13055,-0.02280,0.17646,-0.27747,-0.05962,0.18907,-0.38761,-0.10533,0.21523,-0.48222,-0.15289,0.07414,-0.51583,-0.07983,0.12535,-0.72659,-0.15765,0.17684,-0.86356,-0.20782,0.21486,-0.97665,-0.23524,0.00713,-0.50080,-0.11181,0.13327,-0.67270,-0.19948,0.22316,-0.80239,-0.24940,0.29452,-0.90839,-0.27112,-0.04308,-0.43484,-0.14304,0.16048,-0.41097,-0.22857,0.26094,-0.31583,-0.23658,0.32265,-0.23088,-0.21944,-0.06062,-0.32930,-0.17695,0.11872,-0.26895,-0.22434,0.19846,-0.20506,-0.21224,0.24301,-0.14440,-0.18878
V,-0.00000,0.00000,0.00000,0.17367,-0.18561,0.00768,0.35470,-0.30958,-0.02020,0.51013,-0.30455,-0.05966,0.62525,-0.29849,-0.10469,0.32632,-0.56846,-0.04837,0.55625,-0.65025,-0.12095,0.69030,-0.65314,-0.17371,0.76182,-0.64779,-0.20532,0.28525,-0.49671,-0.09177,0.55894,-0.51614,-0.15398,0.68762,-0.46872,-0.18810,0.75370,-0.43568,-0.21296,0.25234,-0.37344,-0.13631,0.50571,-0.30133,-0.19508,0.58736,-0.22724,-0.20393,0.61855,-0.20610,-0.20648,0.22848,-0.21901,-0.17944,0.44083,-0.16067,-0.22295,0.49512,-0.11668,-0.21935,0.50594,-0.10178,-0.21174
V,-0.00000,0.00000,0.00000,0.15069,-0.16829,0.09726,0.35506,-0.23591,0.12571,0.52878,-0.23013,0.13445,0.64608,-0.20032,0.13788,0.42629,-0.38606,0.04165,0.65035,-0.42142,0.04141,0.78034,-0.44140,0.03335,0.88288,-0.46959,0.02290,0.42043,-0.28413,-0.01608,0.68436,-0.24925,-0.00943,0.84136,-0.23319,-0.01111,0.95315,-0.22470,-0.02488,0.40720,-0.15401,-0.06280,0.64177,-0.07894,-0.04364,0.64625,-0.03105,-0.01756,0.61029,-0.00403,-0.01006,0.39109,-0.02152,-0.10320,0.56514,0.03741,-0.08638,0.56873,0.06597,-0.05964,0.53496,0.07458,-0.04326
V,-0.00000,0.00000,0.00000,0.09577,-0.27706,0.08416,0.26458,-0.39010,0.11766,0.40184,-0.38040,0.13374,0.49047,-0.30229,0.14628,0.35668,-0.49850,0.04047,0.59093,-0.69174,0.02513,0.72853,-0.67204,0.02686,0.79483,-0.60683,0.04127,0.41296,-0.38290,0.00203,0.69736,-0.43644,0.00186,0.82511,-0.38952,0.01512,0.88711,-0.34826,0.02989,0.43790,-0.23775,-0.02877,0.64943,-0.18497,-0.00393,0.67349,-0.12453,0.01963,0.66195,-0.10269,0.03433,0.43518,-0.08707,-0.05355,0.55580,-0.04349,-0.00918,0.54889,-0.01459,0.03172,0.51693,-0.01293,0.06178
V,-0.00000,0.00000,0.00000,0.03622,-0.26651,0.03131,0.15333,-0.40790,0.03970,0.26135,-0.41577,0.03677,0.33758,-0.34952,0.02996,0.21355,-0.50742,-0.00452,0.36615,-0.69179,-0.01901,0.44397,-0.79384,-0.01781,0.50524,-0.86298,-0.00736,0.29441,-0.41668,-0.02643,0.48881,-0.56959,-0.03428,0.59598,-0.66760,-0.03944,0.67527,-0.73120,-0.03546,0.34417,-0.29653,-0.04179,0.38168,-0.30447,-0.04424,0.31275,-0.27317,-0.04908,0.25202,-0.23601,-0.03963,0.37683,-0.16921,-0.05426,0.36921,-0.18403,-0.03371,0.31106,-0.17137,-0.01208,0.26098,-0.14131,0.01092
V,-0.00000,0.00000,0.00000,0.05720,-0.23146,0.02320,0.18697,-0.40363,0.00878,0.34569,-0.45751,-0.01535,0.44675,-0.47616,-0.04026,0.12208,-0.51009,-0.04331,0.25223,-0.69675,-0.08953,0.33142,-0.80677,-0.10827,0.39213,-0.89444,-0.11814,0.15326,-0.45808,-0.07985,0.32806,-0.64490,-0.13503,0.43738,-0.76096,-0.15716,0.51821,-0.85525,-0.17000,0.19471,-0.36812,-0.10986,0.40411,-0.41762,-0.15376,0.38649,-0.33299,-0.12949,0.34107,-0.28593,-0.10074,0.23950,-0.25922,-0.13769,0.40718,-0.27763,-0.15662,0.39056,-0.22150,-0.12967,0.35076,-0.18732,-0.10329
V,-0.00000,0.00000,0.00000,0.10966,-0.13068,-0.02730,0.16541,-0.30039,-0.05375,0.19477,-0.42574,-0.08729,0.22876,-0.51982,-0.12045,0.06295,-0.49380,-0.05197,0.11845,-0.69428,-0.11206,0.16120,-0.82272,-0.14875,0.18703,-0.93235,-0.17202,-0.02616,-0.47994,-0.08076,0.02096,-0.71057,-0.15635,0.04625,-0.87074,-0.20908,0.06158,-0.99810,-0.23624,-0.09904,-0.42059,-0.11128,0.05107,-0.50408,-0.20289,0.16172,-0.43848,-0.22826,0.23221,-0.37312,-0.22340,-0.13883,-0.33621,-0.14223,0.01495,-0.37501,-0.20864,0.09664,-0.32379,-0.21330,0.14382,-0.27267,-0.20270
V,0.00000,0.00000,0.00000,-0.13288,-0.10340,-0.04210,-0.16832,-0.25460,-0.06972,-0.10852,-0.38188,-0.09280,-0.05766,-0.47671,-0.11227,-0.08727,-0.46343,-0.06807,-0.12130,-0.69124,-0.10249,-0.13970,-0.82670,-0.12024,-0.14831,-0.93804,-0.12810,0.01400,-0.46633,-0.06548,0.01643,-0.71638,-0.10153,0.02275,-0.87543,-0.12220,0.04164,-0.99913,-0.12899,0.09393,-0.41891,-0.06233,0.03675,-0.50739,-0.10022,-0.00421,-0.43345,-0.09707,-0.01305,-0.35991,-0.07899,0.15159,-0.35531,-0.06217,0.08472,-0.42038,-0.08161,0.04521,-0.36093,-0.06007,0.04074,-0.29616,-0.03297
V,-0.00000,0.00000,0.00000,0.10061,-0.08283,-0.07935,0.14105,-0.21332,-0.14179,0.05592,-0.31098,-0.19841,-0.04098,-0.39966,-0.24941,0.05132,-0.49053,-0.13146,0.06576,-0.75231,-0.20107,0.05607,-0.88586,-0.23443,0.02626,-0.99282,-0.25168,-0.07829,-0.49296,-0.12807,-0.13091,-0.72052,-0.19279,-0.18460,-0.86304,-0.22556,-0.23792,-0.97128,-0.23907,-0.17308,-0.43211,-0.12788,-0.11716,-0.40879,-0.18418,-0.03422,-0.29360,-0.18384,0.01425,-0.20581,-0.16843,-0.23936,-0.33865,-0.13586,-0.15607,-0.25542,-0.17259,-0.08134,-0.17399,-0.16323,-0.03943,-0.10998,-0.14421
V,-0.00000,0.00000,0.00000,0.22407,-0.21891,-0.10779,0.42037,-0.43562,-0.20848,0.60774,-0.55849,-0.29671,0.75172,-0.65948,-0.39207,0.14111,-0.73710,-0.29245,0.46719,-0.71064,-0.42965,0.68522,-0.59110,-0.51242,0.86655,-0.48107,-0.55216,-0.04758,-0.55892,-0.31478,0.33557,-0.37952,-0.43898,0.59444,-0.24244,-0.48909,0.80186,-0.13586,-0.51512,-0.17500,-0.31185,-0.33317,0.16885,-0.03385,-0.45623,0.27537,0.15379,-0.45483,0.33533,0.28541,-0.43521,-0.24198,-0.06033,-0.35718,0.01735,0.15071,-0.46092,0.09848,0.29028,-0.43159,0.13557,0.39344,-0.38523
V,-0.00000,0.00000,0.00000,0.09822,-0.16426,-0.13746,0.25219,-0.27930,-0.25326,0.40883,-0.32631,-0.33976,0.51397,-0.34602,-0.42837,0.29670,-0.15977,-0.35560,0.61650,-0.21713,-0.48560,0.80171,-0.23796,-0.54649,0.94831,-0.24248,-0.57634,0.30525,0.05198,-0.32767,0.64411,0.08708,-0.44794,0.84660,0.10957,-0.48749,0.99096,0.13418,-0.51136,0.28877,0.22578,-0.29332,0.53201,0.33038,-0.38078,0.62787,0.35312,-0.39481,0.67982,0.37621,-0.39874,0.25789,0.35464,-0.26473,0.43511,0.46727,-0.31117,0.48500,0.47168,-0.30297,0.49195,0.47138,-0.29533
V,-0.00000,0.00000,0.00000,-0.08267,-0.22082,-0.01629,-0.03235,-0.40653,-0.01960,0.06884,-0.48043,-0.02666,0.15493,-0.48922,-0.03470,0.09444,-0.57261,-0.01102,0.13428,-0.79260,-0.03180,0.16050,-0.91029,-0.04523,0.18246,-0.98321,-0.04726,0.21157,-0.49770,-0.01760,0.28850,-0.70217,-0.02906,0.33336,-0.83645,-0.04094,0.36365,-0.92756,-0.04285,0.29492,-0.37329,-0.02591,0.26568,-0.45521,-0.05113,0.20353,-0.39404,-0.06093,0.15776,-0.32131,-0.05146,0.34834,-0.23264,-0.03475,0.30828,-0.28011,-0.04560,0.25740,-0.24125,-0.03405,0.22170,-0.18920,-0.01327
V,-0.00000,0.00000,0.00000,-0.05783,-0.22442,0.01258,-0.01144,-0.40111,0.00781,0.08474,-0.49632,-0.00070,0.17391,-0.52252,-0.01248,-0.00203,-0.47014,-0.03651,0.05344,-0.70220,-0.06221,0.08565,-0.83625,-0.07699,0.11484,-0.94206,-0.08278,0.09592,-0.43959,-0.05133,0.17115,-0.67878,-0.06456,0.21991,-0.83943,-0.06947,0.26037,-0.96551,-0.07379,0.18360,-0.37330,-0.06051,0.26305,-0.54574,-0.06710,0.24671,-0.51252,-0.05225,0.22153,-0.44728,-0.03771,0.25008,-0.28988,-0.06861,0.27683,-0.41190,-0.06437,0.25360,-0.39172,-0.03995,0.23131,-0.34490,-0.01778
V,-0.00000,0.00000,0.00000,0.09387,-0.19137,-0.02283,0.12933,-0.36514,-0.06172,0.16411,-0.47527,-0.10642,0.20139,-0.56211,-0.15190,-0.07374,-0.52333,-0.08962,-0.06336,-0.74307,-0.15886,-0.04756,-0.88189,-0.19829,-0.03445,-0.99941,-0.22024,-0.11925,-0.46920,-0.12293,-0.03771,-0.71514,-0.20028,0.02750,-0.86685,-0.24119,0.08577,-0.98137,-0.26082,-0.13063,-0.38197,-0.15568,0.06684,-0.49862,-0.24382,0.17949,-0.48858,-0.26465,0.25110,-0.47056,-0.25852,-0.10333,-0.27744,-0.18794,0.06732,-0.36325,-0.24907,0.16785,-0.35849,-0.25319,0.23708,-0.34582,-0.24363
V,-0.00000,0.00000,0.00000,0.08604,-0.13468,-0.04181,0.10335,-0.31570,-0.07236,0.04613,-0.43371,-0.10989,-0.01772,-0.50554,-0.14417,-0.02598,-0.49510,-0.03805,-0.03340,-0.70038,-0.10066,-0.04193,-0.83347,-0.14043,-0.05784,-0.94223,-0.16326,-0.10345,-0.46180,-0.06046,-0.15173,-0.69839,-0.13132,-0.17952,-0.85264,-0.17423,-0.21359,-0.97692,-0.19108,-0.16720,-0.38227,-0.08901,-0.12040,-0.50297,-0.18086,-0.02974,-0.41571,-0.18760,0.01798,-0.33212,-0.16251,-0.21172,-0.27876,-0.12064,-0.15164,-0.38798,-0.18102,-0.07513,-0.33463,-0.16770,-0.03635,-0.26700,-0.13972
V,-0.00000,0.00000,0.00000,0.09015,-0.10361,-0.06599,0.11936,-0.25793,-0.11343,0.04781,-0.35457,-0.16143,-0.01801,-0.43754,-0.20478,0.00835,-0.50785,-0.08225,-0.00046,-0.73249,-0.15269,-0.01242,-0.87060,-0.19537,-0.03253,-0.98252,-0.21986,-0.08142,-0.47871,-0.09290,-0.14466,-0.71147,-0.16806,-0.19354,-0.85798,-0.21098,-0.24558,-0.96938,-0.22878,-0.15144,-0.39955,-0.10992,-0.13029,-0.45549,-0.19432,-0.05748,-0.35235,-0.19981,-0.01897,-0.26996,-0.17867,-0.20551,-0.29291,-0.13304,-0.16482,-0.32415,-0.19115,-0.10143,-0.25434,-0.18082,-0.06772,-0.19718,-0.15655
V,-0.00000,0.00000,0.00000,0.08757,-0.10109,-0.07416,0.11571,-0.24431,-0.13355,0.04762,-0.31868,-0.19469,-0.02312,-0.39541,-0.25216,-0.00006,-0.49972,-0.10696,-0.00828,-0.73178,-0.18834,-0.01855,-0.87649,-0.23714,-0.03934,-0.99923,-0.26647,-0.09277,-0.46317,-0.12225,-0.15943,-0.68480,-0.21471,-0.21930,-0.83128,-0.26721,-0.28137,-0.95145,-0.28967,-0.16445,-0.37921,-0.14311,-0.12000,-0.40860,-0.24583,-0.03031,-0.27842,-0.25194,0.01897,-0.17935,-0.22731,-0.21913,-0.27483,-0.17057,-0.15260,-0.27658,-0.24188,-0.07373,-0.18831,-0.23068,-0.03104,-0.11683,-0.20339
V,-0.00000,0.00000,0.00000,0.07613,-0.09882,-0.06618,0.10485,-0.24653,-0.11942,0.04419,-0.32506,-0.17464,-0.02619,-0.40039,-0.22597,-0.00396,-0.50565,-0.09395,-0.01026,-0.73425,-0.16802,-0.02337,-0.87799,-0.21315,-0.04559,-0.99896,-0.24026,-0.09614,-0.46690,-0.10942,-0.16215,-0.68157,-0.19336,-0.21902,-0.82435,-0.24017,-0.27671,-0.94462,-0.25924,-0.16815,-0.38142,-0.13000,-0.13105,-0.42479,-0.22705,-0.03967,-0.29264,-0.22949,0.01294,-0.19128,-0.20245,-0.22397,-0.27404,-0.15619,-0.16236,-0.29414,-0.22394,-0.07991,-0.20979,-0.20994,-0.03119,-0.13987,-0.18056
V,-0.00000,0.00000,0.00000,0.07766,-0.09834,-0.06801,0.10964,-0.24880,-0.12065,0.04900,-0.32930,-0.17484,-0.01979,-0.41034,-0.22498,0.00383,-0.51265,-0.09296,0.00260,-0.73855,-0.16663,-0.00709,-0.87972,-0.21205,-0.02881,-0.99958,-0.23990,-0.08846,-0.47533,-0.10710,-0.14753,-0.68960,-0.19294,-0.20158,-0.83148,-0.24259,-0.25989,-0.95086,-0.26380,-0.16180,-0.39107,-0.12647,-0.12497,-0.42996,-0.22592,-0.03230,-0.29511,-0.23085,0.02027,-0.19336,-0.20525,-0.21868,-0.28616,-0.15144,-0.15278,-0.30210,-0.22208,-0.07089,-0.21502,-0.21103,-0.02393,-0.14547,-0.18351
V,-0.00000,0.00000,0.00000,0.08782,-0.09918,-0.06715,0.12724,-0.24761,-0.12189,0.06911,-0.33275,-0.17879,-0.00107,-0.41497,-0.23204,0.01942,-0.50583,-0.09915,0.02676,-0.73297,-0.17567,0.02870,-0.87588,-0.22103,0.01763,-0.99796,-0.24824,-0.07564,-0.47746,-0.11454,-0.12650,-0.70452,-0.19968,-0.17637,-0.85302,-0.24688,-0.23177,-0.97277,-0.26653,-0.15241,-0.39726,-0.13516,-0.09468,-0.42531,-0.23267,-0.00548,-0.29429,-0.23715,0.04230,-0.19297,-0.21205,-0.21193,-0.29496,-0.16169,-0.13032,-0.29869,-0.23078,-0.04922,-0.21479,-0.22030,-0.00281,-0.14538,-0.19380
V,-0.00000,0.00000,0.00000,0.10361,-0.09789,-0.07120,0.15027,-0.22031,-0.13830,0.10972,-0.29527,-0.20955,0.05256,-0.39022,-0.27725,0.05267,-0.49509,-0.11578,0.06725,-0.72442,-0.20916,0.07919,-0.87061,-0.26465,0.07118,-0.99746,-0.29727,-0.05216,-0.47708,-0.13922,-0.08924,-0.70179,-0.24592,-0.13106,-0.85673,-0.30491,-0.17823,-0.98134,-0.32983,-0.13920,-0.40598,-0.16819,-0.05316,-0.40097,-0.28664,0.03331,-0.25057,-0.29477,0.07935,-0.13890,-0.26850,-0.20241,-0.31502,-0.20337,-0.09786,-0.27683,-0.28252,-0.01515,-0.17285,-0.27157,0.03007,-0.09336,-0.24330
V,-0.00000,0.00000,0.00000,0.10311,-0.08173,-0.06552,0.17286,-0.19495,-0.12591,0.14832,-0.26775,-0.18922,0.08339,-0.34587,-0.24769,0.08126,-0.50650,-0.10686,0.11275,-0.73282,-0.18054,0.13079,-0.86846,-0.21958,0.12953,-0.99158,-0.24276,-0.03131,-0.50104,-0.12365,-0.05902,-0.70163,-0.20633,-0.10047,-0.84498,-0.25181,-0.14700,-0.96790,-0.27112,-0.12172,-0.43472,-0.14458,-0.03667,-0.38300,-0.23707,0.04889,-0.23532,-0.24440,0.09757,-0.12821,-0.22316,-0.18790,-0.33685,-0.17162,-0.08783,-0.26654,-0.23381,-0.01013,-0.16775,-0.22686,0.03808,-0.09338,-0.20466
V,-0.00000,0.00000,0.00000,0.11348,-0.08474,-0.05257,0.19182,-0.19690,-0.10483,0.17406,-0.26116,-0.16142,0.11948,-0.33233,-0.21432,0.11024,-0.50238,-0.10218,0.16052,-0.72519,-0.17230,0.19205,-0.85745,-0.20812,0.20352,-0.97907,-0.22929,-0.00308,-0.51067,-0.12250,-0.01769,-0.71386,-0.19752,-0.05102,-0.85732,-0.23834,-0.09116,-0.98016,-0.25544,-0.09781,-0.45093,-0.14508,-0.00223,-0.36425,-0.22521,0.07791,-0.21454,-0.22972,0.12206,-0.10601,-0.20995,-0.16698,-0.35241,-0.17310,-0.05721,-0.24431,-0.22469,0.02014,-0.14129,-0.21374,0.06919,-0.06422,-0.19069
V,-0.00000,0.00000,0.00000,0.12738,-0.06141,-0.05284,0.21835,-0.15008,-0.11327,0.22641,-0.20792,-0.17968,0.18862,-0.27765,-0.24364,0.16257,-0.48370,-0.11656,0.23238,-0.69750,-0.20002,0.27490,-0.83091,-0.24471,0.29746,-0.95473,-0.27148,0.04364,-0.50806,-0.14438,0.04629,-0.72558,-0.24059,0.02181,-0.85830,-0.29015,-0.00644,-0.96588,-0.30829,-0.06441,-0.45361,-0.17313,0.04469,-0.34443,-0.27227,0.13289,-0.16427,-0.27326,0.18708,-0.03694,-0.24572,-0.14672,-0.35141,-0.20668,-0.02889,-0.22471,-0.26604,0.05801,-0.10828,-0.24789,0.12089,-0.02408,-0.21787
V,-0.00000,0.00000,0.00000,0.14829,-0.05914,-0.04173,0.25185,-0.13487,-0.09653,0.30659,-0.17885,-0.16206,0.34546,-0.23222,-0.22603,0.23196,-0.46178,-0.10382,0.32203,-0.67150,-0.19254,0.37617,-0.79937,-0.24631,0.40480,-0.91441,-0.27697,0.13216,-0.49647,-0.14047,0.28578,-0.64822,-0.24429,0.40065,-0.76719,-0.30679,0.48858,-0.86094,-0.33451,0.03203,-0.45061,-0.17700,0.22094,-0.27807,-0.27607,0.28306,-0.09744,-0.28069,0.30705,0.03106,-0.25632,-0.04533,-0.34579,-0.21860,0.12644,-0.16338,-0.27343,0.20253,-0.04726,-0.25473,0.24689,0.04100,-0.22420
V,-0.00000,0.00000,0.00000,0.21555,-0.02271,-0.03463,0.35344,-0.08528,-0.09085,0.44761,-0.07988,-0.15392,0.52752,-0.05029,-0.21882,0.34453,-0.39604,-0.12344,0.51054,-0.52988,-0.21817,0.63700,-0.61003,-0.27574,0.73342,-0.67977,-0.31071,0.26633,-0.39724,-0.15771,0.46147,-0.48199,-0.28387,0.59642,-0.55270,-0.35383,0.70137,-0.61568,-0.38635,0.19193,-0.33481,-0.18787,0.40599,-0.13806,-0.29875,0.44262,0.02268,-0.29803,0.43981,0.11142,-0.26893,0.14292,-0.21605,-0.22097,0.31954,-0.02422,-0.27631,0.35592,0.08677,-0.25312,0.35376,0.13857,-0.22113
V,-0.00000,0.00000,0.00000,0.22977,0.01715,0.00372,0.39533,-0.03778,-0.03658,0.51425,-0.05642,-0.09230,0.60487,-0.08244,-0.14793,0.42492,-0.34195,-0.07778,0.63686,-0.39255,-0.16311,0.78182,-0.42624,-0.21876,0.88972,-0.45651,-0.25532,0.37016,-0.36292,-0.12779,0.61301,-0.35956,-0.24425,0.78143,-0.37860,-0.31162,0.90627,-0.39795,-0.34817,0.30978,-0.31333,-0.17124,0.53394,-0.05479,-0.25716,0.50922,0.10599,-0.23043,0.46269,0.16832,-0.19245,0.25375,-0.21169,-0.21720,0.42918,0.03481,-0.25924,0.41583,0.15638,-0.22305,0.37459,0.19286,-0.18401
V,-0.00000,0.00000,0.00000,0.23255,0.01788,0.08209,0.38479,-0.00059,0.05918,0.50827,0.02952,0.00555,0.61652,0.05756,-0.04514,0.43220,-0.31737,-0.01892,0.65293,-0.35357,-0.07929,0.78681,-0.37358,-0.11283,0.88942,-0.39228,-0.13710,0.38758,-0.32261,-0.10690,0.64498,-0.32530,-0.21594,0.81584,-0.34152,-0.27261,0.93339,-0.35887,-0.30416,0.34063,-0.25952,-0.18046,0.56609,-0.03973,-0.24006,0.53384,0.11097,-0.18714,0.48524,0.16157,-0.13770,0.29420,-0.15270,-0.25143,0.47347,0.04727,-0.25759,0.47801,0.17130,-0.19983,0.45628,0.21904,-0.15253
V,-0.00000,0.00000,0.00000,0.24104,0.05210,0.09309,0.38486,0.03157,0.07378,0.50837,0.05570,0.01792,0.61467,0.06674,-0.03603,0.43180,-0.31214,0.01557,0.64564,-0.35213,-0.03626,0.77683,-0.37688,-0.06681,0.87647,-0.39498,-0.08978,0.38721,-0.32645,-0.08041,0.64680,-0.33165,-0.18198,0.81797,-0.34722,-0.23928,0.93222,-0.36189,-0.27100,0.34141,-0.26641,-0.16318,0.56040,-0.05301,-0.21887,0.52867,0.10292,-0.16953,0.48142,0.16602,-0.12227,0.29972,-0.15922,-0.24303,0.46623,0.03931,-0.24436,0.47038,0.16141,-0.18746,0.45179,0.21820,-0.14130
V,-0.00000,0.00000,0.00000,0.24255,0.04350,0.10798,0.38883,0.02932,0.08759,0.51250,0.06142,0.02852,0.62027,0.07583,-0.02786,0.43111,-0.31746,0.01083,0.63927,-0.35861,-0.04019,0.76560,-0.37836,-0.06901,0.86299,-0.39480,-0.09209,0.38580,-0.32459,-0.09237,0.64028,-0.32695,-0.20501,0.81683,-0.34417,-0.26999,0.93362,-0.35825,-0.30749,0.34117,-0.25894,-0.17817,0.55486,-0.05680,-0.23430,0.53056,0.10376,-0.18019,0.49151,0.17421,-0.13082,0.30171,-0.15428,-0.25947,0.47010,0.03031,-0.25499,0.48105,0.15338,-0.19263,0.47016,0.21572,-0.14392
V,-0.00000,0.00000,0.00000,0.25199,0.03272,0.08803,0.39298,0.01389,0.04926,0.50632,0.03846,-0.02780,0.61137,0.04128,-0.10297,0.42801,-0.34666,-0.01635,0.61460,-0.43906,-0.08224,0.72920,-0.47769,-0.12198,0.81830,-0.50722,-0.15192,0.36425,-0.35457,-0.12361,0.59881,-0.38509,-0.25141,0.76800,-0.42393,-0.32595,0.88841,-0.45905,-0.36861,0.30204,-0.29117,-0.21570,0.52111,-0.09993,-0.29376,0.50601,0.06620,-0.24410,0.47512,0.14343,-0.19439,0.24829,-0.19414,-0.30452,0.42713,-0.01862,-0.32352,0.44607,0.10695,-0.26462,0.43883,0.17368,-0.21432
V,-0.00000,0.00000,0.00000,0.20916,-0.00072,-0.03000,0.35495,-0.05342,-0.08684,0.44619,-0.06008,-0.15486,0.50712,-0.10149,-0.22587,0.36292,-0.41001,-0.11689,0.52365,-0.54837,-0.21515,0.62946,-0.63166,-0.27934,0.70790,-0.70631,-0.31680,0.27549,-0.43866,-0.15600,0.46744,-0.52468,-0.27899,0.60209,-0.58733,-0.35475,0.70653,-0.63231,-0.39244,0.19314,-0.40795,-0.19145,0.40899,-0.22176,-0.30603,0.42625,-0.04219,-0.31218,0.41154,0.06955,-0.28780,0.13428,-0.31552,-0.22850,0.31592,-0.12708,-0.29609,0.35751,0.00377,-0.28078,0.36952,0.08076,-0.25226
V,-0.00000,0.00000,0.00000,0.16902,-0.03063,-0.03268,0.28276,-0.12028,-0.07276,0.35285,-0.19565,-0.12094,0.40906,-0.26210,-0.16855,0.25903,-0.42046,-0.07911,0.39326,-0.56968,-0.15318,0.48389,-0.66690,-0.19710,0.55166,-0.76011,-0.22133,0.17518,-0.46795,-0.10829,0.31627,-0.64657,-0.19576,0.39683,-0.77842,-0.24710,0.45986,-0.88799,-0.26861,0.09232,-0.45814,-0.13794,0.28261,-0.36923,-0.23882,0.32669,-0.20052,-0.25269,0.33622,-0.07474,-0.23339,0.03576,-0.39245,-0.16919,0.19959,-0.27613,-0.23437,0.24635,-0.15561,-0.22840,0.26656,-0.06513,-0.20637
V,-0.00000,0.00000,0.00000,0.13366,-0.06606,-0.03876,0.21542,-0.17808,-0.08176,0.23688,-0.28987,-0.13236,0.21582,-0.38121,-0.18190,0.17072,-0.43975,-0.07805,0.26261,-0.63305,-0.14959,0.33445,-0.74886,-0.19104,0.39002,-0.85328,-0.21415,0.07774,-0.47565,-0.10505,0.15543,-0.69630,-0.18643,0.20628,-0.84513,-0.23402,0.24679,-0.96907,-0.25325,-0.01269,-0.45955,-0.13356,0.13120,-0.43106,-0.22847,0.18322,-0.28247,-0.23950,0.20221,-0.16559,-0.21876,-0.07574,-0.40665,-0.16453,0.06058,-0.35737,-0.22170,0.11706,-0.25398,-0.20927,0.14107,-0.16796,-0.18372
V,-0.00000,0.00000,0.00000,0.11002,-0.06003,-0.04611,0.17882,-0.18973,-0.08780,0.16736,-0.30694,-0.13538,0.12617,-0.39584,-0.18061,0.12012,-0.43289,-0.06982,0.18151,-0.62677,-0.13756,0.22173,-0.75571,-0.17674,0.24480,-0.86678,-0.19908,0.03231,-0.45051,-0.09198,0.07243,-0.69217,-0.17228,0.08681,-0.85656,-0.21865,0.08918,-0.99602,-0.23631,-0.05508,-0.41601,-0.11748,0.04650,-0.44624,-0.21593,0.10216,-0.29496,-0.22197,0.12585,-0.17708,-0.19477,-0.12623,-0.35288,-0.14564,-0.02393,-0.36255,-0.20874,0.03328,-0.26024,-0.19394,0.06158,-0.17590,-0.16441
V,-0.00000,0.00000,0.00000,0.10768,-0.08110,-0.04591,0.16090,-0.22654,-0.08046,0.12896,-0.34851,-0.12159,0.08923,-0.44869,-0.15900,0.10656,-0.45999,-0.04160,0.15606,-0.66196,-0.09863,0.18507,-0.79275,-0.13358,0.19982,-0.90438,-0.15349,0.01994,-0.46243,-0.06136,0.03158,-0.69848,-0.12989,0.03446,-0.86261,-0.17164,0.02651,-0.99965,-0.18823,-0.06367,-0.41740,-0.08745,0.00051,-0.48496,-0.17861,0.05908,-0.34204,-0.18594,0.08454,-0.23071,-0.16108,-0.13853,-0.34721,-0.11671,-0.06331,-0.40119,-0.17710,-0.00392,-0.30638,-0.16445,0.02636,-0.22716,-0.13741
V,-0.00000,0.00000,0.00000,0.10440,-0.07741,-0.04736,0.15313,-0.23002,-0.08048,0.09991,-0.34727,-0.11787,0.05421,-0.42564,-0.15296,0.10624,-0.46514,-0.05606,0.14123,-0.67703,-0.11737,0.15785,-0.81169,-0.15466,0.16469,-0.92570,-0.17498,0.01865,-0.46794,-0.07265,0.01325,-0.70801,-0.14072,0.00527,-0.86801,-0.17905,-0.01073,-0.99994,-0.19252,-0.06601,-0.42218,-0.09447,-0.03389,-0.49019,-0.17985,0.01399,-0.35039,-0.18321,0.03412,-0.24136,-0.15709,-0.14500,-0.34772,-0.11990,-0.10038,-0.38758,-0.17690,-0.05355,-0.28850,-0.16132,-0.03384,-0.21273,-0.13203
V,-0.00000,0.00000,0.00000,0.09594,-0.09019,-0.05586,0.13026,-0.23014,-0.09564,0.07136,-0.32971,-0.13816,0.02225,-0.41685,-0.17701,0.08906,-0.47541,-0.06485,0.11604,-0.69185,-0.12794,0.12958,-0.82489,-0.16569,0.13558,-0.94061,-0.18592,0.00120,-0.47530,-0.07863,-0.01830,-0.70815,-0.14959,-0.03669,-0.86605,-0.19025,-0.06010,-0.99819,-0.20507,-0.07838,-0.42465,-0.09812,-0.05415,-0.47374,-0.18338,-0.00820,-0.33278,-0.18707,0.01352,-0.23119,-0.16164,-0.14891,-0.34727,-0.12221,-0.11455,-0.38077,-0.17645,-0.06838,-0.28076,-0.15893,-0.04466,-0.20767,-0.12870
V,-0.00000,0.00000,0.00000,0.09685,-0.08645,-0.06558,0.13824,-0.22695,-0.11080,0.07757,-0.33418,-0.15713,0.02088,-0.42693,-0.19909,0.09753,-0.47911,-0.07509,0.12451,-0.69735,-0.14272,0.13685,-0.82916,-0.18262,0.14097,-0.94335,-0.20432,0.00864,-0.47734,-0.08584,-0.01102,-0.71277,-0.16265,-0.03053,-0.86749,-0.20484,-0.05558,-0.99845,-0.22013,-0.07147,-0.42483,-0.10330,-0.05342,-0.47869,-0.19616,-0.00469,-0.33124,-0.20000,0.02072,-0.22924,-0.17327,-0.14325,-0.34597,-0.12600,-0.11619,-0.38086,-0.18808,-0.06823,-0.27657,-0.17301,-0.04110,-0.20300,-0.14337
V,-0.00000,0.00000,0.00000,0.10197,-0.09575,-0.05941,0.14440,-0.23402,-0.09931,0.08293,-0.34466,-0.14246,0.02678,-0.43491,-0.18164,0.11028,-0.48422,-0.05610,0.14375,-0.70038,-0.12081,0.15688,-0.83447,-0.16049,0.16114,-0.95077,-0.18210,0.02067,-0.47989,-0.06865,-0.00070,-0.71349,-0.14184,-0.01649,-0.86851,-0.18302,-0.03789,-0.99928,-0.19791,-0.06067,-0.42825,-0.08895,-0.04301,-0.49161,-0.18219,0.00620,-0.34194,-0.18904,0.02846,-0.23602,-0.16351,-0.13745,-0.35123,-0.11397,-0.10558,-0.38530,-0.17605,-0.05498,-0.27845,-0.16362,-0.02900,-0.20429,-0.13576
V,-0.00000,0.00000,0.00000,0.10307,-0.08935,-0.06048,0.14486,-0.22357,-0.10040,0.08562,-0.33226,-0.14269,0.03422,-0.42334,-0.18120,0.11541,-0.47307,-0.06018,0.15363,-0.68586,-0.12584,0.17000,-0.82092,-0.16554,0.17670,-0.93754,-0.18701,0.02494,-0.47286,-0.07203,0.00701,-0.70760,-0.14603,-0.00508,-0.86678,-0.18781,-0.02315,-0.99973,-0.20246,-0.05746,-0.42300,-0.09133,-0.03500,-0.47658,-0.18461,0.00943,-0.32665,-0.19205,0.02796,-0.22232,-0.16648,-0.13467,-0.34814,-0.11531,-0.09853,-0.37125,-0.17849,-0.05232,-0.26271,-0.16654,-0.03033,-0.18961,-0.13829
V,-0.00000,0.00000,0.00000,0.10421,-0.08011,-0.06151,0.14817,-0.21194,-0.10265,0.08916,-0.32126,-0.14540,0.03914,-0.41140,-0.18450,0.11789,-0.46688,-0.06666,0.16051,-0.68149,-0.13297,0.17950,-0.81799,-0.17293,0.18795,-0.93630,-0.19487,0.02630,-0.46747,-0.07764,0.01054,-0.70355,-0.15169,-0.00356,-0.86372,-0.19297,-0.02384,-0.99972,-0.20779,-0.05712,-0.41920,-0.09561,-0.03715,-0.47498,-0.18769,0.00576,-0.32487,-0.19418,0.02387,-0.21958,-0.16874,-0.13578,-0.34542,-0.11841,-0.10197,-0.36722,-0.18188,-0.05599,-0.25848,-0.17038,-0.03290,-0.18452,-0.14263
V,-0.00000,0.00000,0.00000,0.10190,-0.07921,-0.06177,0.14732,-0.21583,-0.10389,0.08939,-0.32810,-0.14753,0.03267,-0.41808,-0.18744,0.11634,-0.46480,-0.06853,0.15870,-0.67903,-0.13416,0.17875,-0.81313,-0.17236,0.18849,-0.92927,-0.19282,0.02580,-0.46810,-0.07939,0.01323,-0.70590,-0.15274,-0.00134,-0.86454,-0.19222,-0.02344,-0.99973,-0.20520,-0.05815,-0.42141,-0.09692,-0.03546,-0.47790,-0.18799,0.00705,-0.32645,-0.19229,0.02428,-0.22077,-0.16500,-0.13719,-0.34814,-0.11925,-0.09967,-0.37132,-0.18022,-0.05496,-0.26349,-0.16628,-0.03417,-0.19001,-0.13683
V,-0.00000,0.00000,0.00000,0.10423,-0.08413,-0.05974,0.14738,-0.22181,-0.09847,0.08916,-0.33411,-0.13903,0.03992,-0.42571,-0.17586,0.12013,-0.46844,-0.06220,0.15941,-0.68117,-0.12603,0.17790,-0.81468,-0.16324,0.18686,-0.93016,-0.18281,0.02941,-0.47251,-0.07305,0.01273,-0.70932,-0.14369,0.00005,-0.86676,-0.18215,-0.01923,-0.99982,-0.19476,-0.05352,-0.42649,-0.09088,-0.03533,-0.48323,-0.17958,0.00734,-0.33430,-0.18492,0.02472,-0.23130,-0.15912,-0.13200,-0.35323,-0.11347,-0.09651,-0.36886,-0.17288,-0.05264,-0.25998,-0.16034,-0.03265,-0.18835,-0.13239
V,-0.00000,0.00000,0.00000,0.10326,-0.07950,-0.05989,0.14741,-0.21603,-0.09903,0.08816,-0.32975,-0.14009,0.03536,-0.42177,-0.17758,0.11735,-0.46490,-0.06264,0.15545,-0.67860,-0.12537,0.17385,-0.81462,-0.16183,0.18200,-0.93190,-0.18140,0.02677,-0.47015,-0.07439,0.00850,-0.70675,-0.14679,-0.00657,-0.86649,-0.18660,-0.02865,-0.99959,-0.19989,-0.05566,-0.42249,-0.09270,-0.03528,-0.48134,-0.18403,0.00842,-0.33096,-0.18918,0.02608,-0.22627,-0.16250,-0.13235,-0.34721,-0.11551,-0.09348,-0.37181,-0.17793,-0.04873,-0.26056,-0.16472,-0.02788,-0.18558,-0.13562
V,-0.00000,0.00000,0.00000,0.10964,-0.07971,-0.05659,0.15883,-0.22819,-0.09388,0.09537,-0.34393,-0.13370,0.03286,-0.43096,-0.17062,0.12181,-0.46200,-0.06431,0.15862,-0.67586,-0.12581,0.17483,-0.81406,-0.16083,0.18447,-0.92943,-0.17938,0.02988,-0.47058,-0.07873,0.01936,-0.70822,-0.14835,0.00735,-0.86773,-0.18570,-0.00976,-0.99995,-0.19732,-0.05537,-0.42200,-0.09904,-0.03318,-0.47994,-0.18584,0.00934,-0.33462,-0.18701,0.02820,-0.23490,-0.15843,-0.13096,-0.33891,-0.12369,-0.09613,-0.37496,-0.18036,-0.05201,-0.27173,-0.16232,-0.02997,-0.20026,-0.13074
V,-0.00000,0.00000,0.00000,0.10524,-0.06807,-0.06516,0.15375,-0.21204,-0.10961,0.08894,-0.32606,-0.15484,0.02604,-0.41953,-0.19652,0.12107,-0.45685,-0.08282,0.15303,-0.67968,-0.15077,0.16284,-0.81968,-0.18700,0.16468,-0.93744,-0.20536,0.02620,-0.46413,-0.09408,0.00740,-0.70548,-0.17215,-0.01201,-0.86723,-0.21160,-0.03511,-0.99938,-0.22342,-0.05913,-0.41831,-0.11133,-0.04235,-0.46117,-0.20506,0.00256,-0.31093,-0.20827,0.02657,-0.20817,-0.17982,-0.13395,-0.34287,-0.13341,-0.10159,-0.35759,-0.19597,-0.05676,-0.24805,-0.18147,-0.03071,-0.17388,-0.15137
V,-0.00000,0.00000,0.00000,0.10062,-0.06907,-0.06650,0.15285,-0.20534,-0.11590,0.09221,-0.30795,-0.16582,0.02864,-0.39717,-0.21237,0.11418,-0.46050,-0.09235,0.14390,-0.67702,-0.16319,0.15564,-0.81453,-0.20331,0.15920,-0.93349,-0.22514,0.02082,-0.46565,-0.10352,-0.00106,-0.70903,-0.17900,-0.01937,-0.86810,-0.21736,-0.04298,-0.99908,-0.23056,-0.06398,-0.41588,-0.12021,-0.04484,-0.45578,-0.20667,0.00544,-0.31019,-0.20597,0.02924,-0.20826,-0.17821,-0.13816,-0.33685,-0.14255,-0.10223,-0.35449,-0.19937,-0.05430,-0.24703,-0.18196,-0.03013,-0.17050,-0.15165
V,-0.00000,0.00000,0.00000,0.10539,-0.07328,-0.05897,0.16411,-0.21107,-0.10252,0.12100,-0.31977,-0.14941,0.07405,-0.41495,-0.19277,0.12972,-0.47235,-0.07510,0.17097,-0.68098,-0.14103,0.18982,-0.81398,-0.17917,0.19683,-0.92947,-0.20078,0.03754,-0.47375,-0.08982,0.02577,-0.71145,-0.16385,0.01103,-0.86917,-0.20435,-0.00997,-0.99995,-0.22075,-0.04547,-0.42431,-0.11060,-0.01444,-0.47968,-0.20368,0.03882,-0.33321,-0.21130,0.06719,-0.22749,-0.18875,-0.11956,-0.34760,-0.13572,-0.07188,-0.36995,-0.19988,-0.02021,-0.26311,-0.19046,0.01074,-0.18229,-0.16610
V,-0.00000,0.00000,0.00000,0.10806,-0.06793,-0.05253,0.16826,-0.21147,-0.08965,0.13837,-0.33414,-0.13085,0.09686,-0.43645,-0.16743,0.15135,-0.46238,-0.05658,0.19921,-0.67408,-0.11407,0.22505,-0.80260,-0.14524,0.23791,-0.91211,-0.16131,0.06208,-0.47289,-0.07057,0.05965,-0.70757,-0.13909,0.05354,-0.86653,-0.17567,0.03908,-0.99924,-0.18890,-0.01978,-0.43564,-0.09062,0.01312,-0.49737,-0.17683,0.05581,-0.35103,-0.18174,0.07490,-0.24881,-0.15836,-0.09317,-0.37289,-0.11475,-0.04395,-0.39649,-0.17207,0.00151,-0.28858,-0.16066,0.02580,-0.21207,-0.13600
V,-0.00000,0.00000,0.00000,0.12184,-0.07071,-0.04315,0.18298,-0.22396,-0.07355,0.14878,-0.35225,-0.11024,0.09821,-0.44864,-0.14343,0.15911,-0.46599,-0.04258,0.21487,-0.67763,-0.09028,0.24241,-0.80382,-0.11392,0.25621,-0.91165,-0.12581,0.07139,-0.47721,-0.05893,0.07372,-0.71415,-0.11641,0.06555,-0.87162,-0.14811,0.04787,-0.99885,-0.15906,-0.00689,-0.43827,-0.08085,0.02801,-0.50252,-0.15916,0.07094,-0.36006,-0.16711,0.08951,-0.25584,-0.14696,-0.07376,-0.37207,-0.10597,-0.02606,-0.39556,-0.15965,0.01648,-0.29264,-0.15153,0.03985,-0.21391,-0.12987
V,-0.00000,0.00000,0.00000,0.11551,-0.06995,-0.04436,0.17405,-0.22120,-0.07334,0.13945,-0.35210,-0.10805,0.09417,-0.45253,-0.14002,0.15683,-0.46750,-0.04273,0.21123,-0.66772,-0.09112,0.24110,-0.79051,-0.11652,0.25764,-0.89847,-0.12922,0.06942,-0.47907,-0.05819,0.07207,-0.71473,-0.11754,0.06703,-0.87210,-0.15078,0.05236,-0.99863,-0.16246,-0.01001,-0.44027,-0.07922,0.01372,-0.50525,-0.16147,0.05172,-0.36380,-0.17204,0.06912,-0.25754,-0.15259,-0.07954,-0.37560,-0.10303,-0.04165,-0.41125,-0.15933,0.00028,-0.30491,-0.15103,0.02775,-0.22061,-0.12871
V,-0.00000,0.00000,0.00000,0.11632,-0.06418,-0.05004,0.17526,-0.20767,-0.08146,0.13548,-0.33939,-0.11719,0.09210,-0.44276,-0.14917,0.16724,-0.45983,-0.04772,0.22267,-0.65719,-0.09849,0.25336,-0.77867,-0.12508,0.27107,-0.88675,-0.13847,0.07831,-0.47907,-0.06093,0.08310,-0.70868,-0.12501,0.08004,-0.86794,-0.16100,0.06631,-0.99780,-0.17365,-0.00336,-0.44394,-0.07998,0.01843,-0.49106,-0.16585,0.05113,-0.34352,-0.17636,0.06390,-0.23655,-0.15549,-0.07566,-0.38262,-0.10248,-0.04029,-0.40001,-0.16175,-0.00321,-0.28736,-0.15433,0.02017,-0.20221,-0.13146
V,-0.00000,0.00000,0.00000,0.11893,-0.05894,-0.05553,0.18509,-0.19373,-0.09049,0.14365,-0.32401,-0.12842,0.09824,-0.43053,-0.16234,0.18358,-0.45432,-0.05663,0.24196,-0.65076,-0.11192,0.27454,-0.77322,-0.14246,0.29475,-0.88217,-0.15876,0.09329,-0.47670,-0.06857,0.10136,-0.70377,-0.13721,0.10142,-0.86375,-0.17652,0.09215,-0.99575,-0.19151,0.00964,-0.44440,-0.08668,0.02797,-0.48242,-0.17733,0.05739,-0.33453,-0.19103,0.07090,-0.22952,-0.17206,-0.06508,-0.38530,-0.10860,-0.03504,-0.39203,-0.17294,0.00052,-0.27671,-0.16858,0.02558,-0.19118,-0.14743
V,-0.00000,0.00000,0.00000,0.11632,-0.05806,-0.05509,0.18481,-0.19025,-0.09195,0.14580,-0.31629,-0.13285,0.10104,-0.41626,-0.17024,0.17997,-0.44906,-0.05875,0.24331,-0.64202,-0.11618,0.27772,-0.76676,-0.14842,0.29979,-0.87689,-0.16541,0.08958,-0.47364,-0.07172,0.10175,-0.70686,-0.13736,0.09950,-0.86495,-0.17289,0.08922,-0.99601,-0.18531,0.00202,-0.44330,-0.09125,0.02889,-0.48254,-0.17847,0.05686,-0.33258,-0.18814,0.06806,-0.22502,-0.16651,-0.07942,-0.38292,-0.11495,-0.04173,-0.39694,-0.17335,-0.00267,-0.28706,-0.16472,0.02339,-0.20199,-0.14128
V,-0.00000,0.00000,0.00000,0.12679,-0.05504,-0.05342,0.20036,-0.18976,-0.09186,0.16768,-0.32346,-0.13566,0.12918,-0.42696,-0.17660,0.19098,-0.43051,-0.05729,0.26357,-0.62527,-0.12071,0.30270,-0.75559,-0.15942,0.32569,-0.87127,-0.18184,0.09883,-0.46522,-0.07377,0.12610,-0.70182,-0.14335,0.12890,-0.85989,-0.18433,0.12200,-0.99253,-0.20184,0.00471,-0.44548,-0.09673,0.04714,-0.49521,-0.18444,0.08032,-0.35099,-0.19320,0.09529,-0.24315,-0.17282,-0.08223,-0.39213,-0.12417,-0.02988,-0.41629,-0.18300,0.01319,-0.30968,-0.17293,0.04033,-0.21993,-0.14936
V,-0.00000,0.00000,0.00000,0.12926,-0.06122,-0.04145,0.20488,-0.19966,-0.07296,0.19161,-0.34191,-0.11223,0.17077,-0.45181,-0.14864,0.19153,-0.42211,-0.04177,0.27660,-0.61179,-0.10072,0.32514,-0.73535,-0.13640,0.35662,-0.84377,-0.15545,0.10851,-0.45461,-0.06121,0.15453,-0.69300,-0.12836,0.17033,-0.85157,-0.16772,0.17272,-0.98497,-0.18322,0.02188,-0.44176,-0.08639,0.08880,-0.49664,-0.16955,0.11375,-0.35452,-0.17554,0.11561,-0.24674,-0.15252,-0.06012,-0.40294,-0.11520,0.01207,-0.44650,-0.16569,0.05239,-0.35008,-0.15081,0.07106,-0.26586,-0.12448
V,-0.00000,0.00000,0.00000,0.14322,-0.05243,-0.04199,0.22369,-0.19069,-0.06990,0.22243,-0.34646,-0.10552,0.20712,-0.47458,-0.13674,0.21539,-0.41512,-0.02056,0.30541,-0.60386,-0.06920,0.35925,-0.72022,-0.09991,0.39582,-0.82323,-0.11852,0.13417,-0.44801,-0.03872,0.18400,-0.68675,-0.10033,0.20933,-0.84425,-0.14099,0.21643,-0.97630,-0.16014,0.05150,-0.43391,-0.06409,0.11609,-0.52301,-0.14558,0.14948,-0.37731,-0.15373,0.15525,-0.26347,-0.13430,-0.02633,-0.39741,-0.09340,0.04588,-0.45331,-0.14928,0.08311,-0.35857,-0.14132,0.09660,-0.27486,-0.12045
V,-0.00000,0.00000,0.00000,0.13514,-0.05462,-0.03602,0.21143,-0.19834,-0.06254,0.21076,-0.35071,-0.09772,0.19858,-0.47375,-0.12864,0.20299,-0.41882,-0.02181,0.29129,-0.61164,-0.06925,0.34278,-0.72505,-0.09718,0.37869,-0.82292,-0.11293,0.12391,-0.44727,-0.04286,0.17129,-0.69273,-0.10256,0.19552,-0.84785,-0.14025,0.20286,-0.97921,-0.15673,0.04309,-0.42904,-0.07002,0.10766,-0.52602,-0.14925,0.13817,-0.38347,-0.15477,0.14222,-0.27128,-0.13319,-0.03419,-0.38723,-0.10035,0.03315,-0.45684,-0.15264,0.06945,-0.36861,-0.14107,0.08391,-0.28620,-0.11766
V,-0.00000,0.00000,0.00000,0.13931,-0.05621,-0.03700,0.21252,-0.20031,-0.06066,0.20451,-0.35202,-0.09296,0.18773,-0.47263,-0.12091,0.20537,-0.42284,-0.01124,0.29116,-0.61925,-0.05443,0.33924,-0.73707,-0.08041,0.37055,-0.83818,-0.09487,0.12442,-0.44982,-0.03048,0.16688,-0.69218,-0.08756,0.18585,-0.85001,-0.12610,0.18874,-0.98203,-0.14283,0.04322,-0.43127,-0.05689,0.10075,-0.52287,-0.13676,0.13235,-0.38474,-0.14949,0.13805,-0.27415,-0.13199,-0.03258,-0.39102,-0.08625,0.02836,-0.45589,-0.13946,0.06340,-0.37052,-0.13281,0.07738,-0.29187,-0.11271
V,-0.00000,0.00000,0.00000,0.13304,-0.06563,-0.03267,0.19899,-0.21611,-0.05408,0.18779,-0.36769,-0.08464,0.17714,-0.48524,-0.11223,0.18759,-0.42624,-0.01723,0.27177,-0.62555,-0.06328,0.31901,-0.75151,-0.09076,0.34942,-0.85749,-0.10546,0.10786,-0.45223,-0.03831,0.14508,-0.69699,-0.09601,0.16349,-0.85490,-0.13320,0.16519,-0.98626,-0.14861,0.02661,-0.43253,-0.06544,0.08031,-0.52645,-0.14433,0.11469,-0.38754,-0.15365,0.12224,-0.27672,-0.13381,-0.04998,-0.39006,-0.09511,0.00857,-0.46554,-0.14716,0.04934,-0.37617,-0.13689,0.06870,-0.29112,-0.11403
V,-0.00000,0.00000,0.00000,0.12927,-0.06964,-0.03727,0.19016,-0.22434,-0.06136,0.16541,-0.36962,-0.09297,0.14726,-0.48041,-0.12175,0.17071,-0.44512,-0.03193,0.24599,-0.65130,-0.08306,0.28422,-0.78702,-0.11326,0.30611,-0.89761,-0.12931,0.08454,-0.46324,-0.05215,0.11018,-0.70456,-0.11323,0.12509,-0.86271,-0.15009,0.12688,-0.99192,-0.16453,-0.00107,-0.43462,-0.07821,0.04749,-0.52228,-0.16081,0.08716,-0.38285,-0.16830,0.10180,-0.27243,-0.14607,-0.08134,-0.38043,-0.10695,-0.02526,-0.45239,-0.16297,0.02085,-0.36042,-0.15192,0.04671,-0.27618,-0.12721
V,-0.00000,0.00000,0.00000,0.12783,-0.06838,-0.04162,0.18728,-0.22005,-0.06727,0.15742,-0.36413,-0.09937,0.13677,-0.47260,-0.12889,0.15278,-0.44730,-0.03754,0.22140,-0.65389,-0.09115,0.25868,-0.79303,-0.12364,0.28179,-0.90812,-0.14123,0.06860,-0.46048,-0.05667,0.09826,-0.70359,-0.11759,0.11336,-0.86275,-0.15360,0.11497,-0.99337,-0.16701,-0.01616,-0.42592,-0.08183,0.03432,-0.51684,-0.16649,0.07735,-0.37809,-0.17246,0.09183,-0.26451,-0.14795,-0.09405,-0.36343,-0.11002,-0.03537,-0.43651,-0.16835,0.01573,-0.34902,-0.15671,0.04303,-0.26737,-0.13063
V,-0.00000,0.00000,0.00000,0.14226,-0.07817,-0.04001,0.19702,-0.23762,-0.05437,0.15393,-0.39669,-0.07636,0.12774,-0.51471,-0.09517,0.16120,-0.44379,0.00769,0.22618,-0.64342,-0.03499,0.26386,-0.78145,-0.06527,0.28874,-0.89930,-0.08296,0.07512,-0.46425,-0.00839,0.10467,-0.70189,-0.05960,0.13179,-0.85800,-0.09581,0.14180,-0.98990,-0.11040,-0.01039,-0.43610,-0.03405,0.04405,-0.54278,-0.11857,0.09189,-0.39913,-0.12798,0.10391,-0.28344,-0.10470,-0.09136,-0.38056,-0.06293,-0.02827,-0.44955,-0.12339,0.02338,-0.34584,-0.11562,0.04178,-0.25981,-0.09200
V,-0.00000,0.00000,0.00000,0.15907,-0.10634,-0.01821,0.19596,-0.25070,-0.00969,0.14627,-0.41694,-0.01636,0.11511,-0.54284,-0.02007,0.17493,-0.43059,0.09285,0.24239,-0.64046,0.07071,0.28095,-0.78776,0.04109,0.30580,-0.92026,0.01916,0.08591,-0.45105,0.06765,0.11436,-0.68834,0.03474,0.14215,-0.85310,-0.01186,0.15463,-0.98797,-0.04010,0.00063,-0.42820,0.02848,0.04130,-0.55802,-0.05164,0.08375,-0.41705,-0.08406,0.09020,-0.29863,-0.07929,-0.08231,-0.39478,-0.01263,-0.03720,-0.47968,-0.07490,0.00966,-0.37585,-0.08504,0.02514,-0.28899,-0.07741
V,-0.00000,0.00000,0.00000,0.13681,-0.06893,-0.04951,0.18695,-0.24141,-0.06405,0.12861,-0.40607,-0.08121,0.08745,-0.52371,-0.09460,0.17940,-0.45508,-0.00690,0.24125,-0.67383,-0.04728,0.27308,-0.82518,-0.07751,0.29335,-0.95601,-0.09589,0.08355,-0.48067,-0.01409,0.09603,-0.71011,-0.05787,0.11524,-0.86264,-0.09062,0.12380,-0.98972,-0.10447,-0.01073,-0.45387,-0.03042,0.01909,-0.54403,-0.10405,0.05291,-0.38747,-0.10802,0.05633,-0.27298,-0.08407,-0.10123,-0.40011,-0.05103,-0.06047,-0.46110,-0.10450,-0.02458,-0.34680,-0.09203,-0.01838,-0.26971,-0.06600
V,-0.00000,0.00000,0.00000,0.11110,-0.05028,-0.06519,0.16052,-0.21611,-0.09864,0.09446,-0.36482,-0.13132,0.04411,-0.47788,-0.16100,0.16429,-0.44025,-0.06534,0.21788,-0.64795,-0.12457,0.24336,-0.78971,-0.15935,0.26074,-0.90735,-0.17788,0.06878,-0.46267,-0.07357,0.07878,-0.69999,-0.13789,0.08847,-0.85882,-0.17245,0.09268,-0.99570,-0.18349,-0.02316,-0.42642,-0.08901,-0.00463,-0.50766,-0.17712,0.02055,-0.35413,-0.17630,0.02687,-0.24632,-0.14551,-0.10555,-0.35474,-0.10916,-0.07868,-0.42170,-0.17133,-0.05122,-0.31591,-0.15357,-0.04108,-0.23962,-0.12099
V,-0.00000,0.00000,0.00000,0.10796,-0.05402,-0.07901,0.15930,-0.20180,-0.11757,0.08770,-0.30896,-0.15192,0.02345,-0.38004,-0.18261,0.15984,-0.48099,-0.08237,0.21585,-0.69140,-0.14620,0.24468,-0.84203,-0.18761,0.26262,-0.96490,-0.21357,0.05810,-0.49058,-0.08674,0.05911,-0.70786,-0.15834,0.06319,-0.84585,-0.19659,0.06203,-0.96770,-0.21107,-0.03741,-0.43985,-0.09962,-0.04455,-0.51643,-0.19480,-0.01853,-0.35064,-0.19763,-0.00483,-0.24686,-0.17061,-0.11975,-0.35607,-0.11863,-0.12024,-0.41600,-0.19297,-0.08681,-0.30268,-0.18387,-0.06550,-0.23406,-0.15766
V,-0.00000,0.00000,0.00000,0.09455,-0.03602,-0.09636,0.14264,-0.14897,-0.15285,0.07112,-0.25528,-0.20208,0.00740,-0.33891,-0.24693,0.15238,-0.44917,-0.11710,0.19984,-0.66810,-0.19281,0.22500,-0.81031,-0.23684,0.24268,-0.93691,-0.26202,0.04839,-0.47618,-0.11666,0.05107,-0.70832,-0.19547,0.04192,-0.86318,-0.23485,0.03280,-0.99946,-0.24866,-0.04545,-0.43446,-0.12465,-0.06685,-0.46562,-0.22785,-0.05628,-0.30281,-0.23887,-0.04519,-0.18225,-0.21538,-0.12552,-0.35476,-0.14011,-0.13949,-0.33868,-0.22489,-0.11373,-0.21297,-0.22538,-0.09191,-0.11703,-0.20295
V,-0.00000,0.00000,0.00000,0.07586,-0.02059,-0.11846,0.10929,-0.11888,-0.18462,0.01699,-0.22784,-0.24066,-0.05542,-0.32504,-0.29017,0.14007,-0.41379,-0.14023,0.18235,-0.64894,-0.23039,0.20091,-0.80064,-0.28056,0.21149,-0.94016,-0.30735,0.04076,-0.45370,-0.13053,0.03514,-0.68013,-0.22890,0.01447,-0.85191,-0.27573,-0.00528,-0.99999,-0.29103,-0.04765,-0.42115,-0.13182,-0.10576,-0.39173,-0.26109,-0.10538,-0.21110,-0.27795,-0.09622,-0.07748,-0.24900,-0.12030,-0.34503,-0.14168,-0.16462,-0.31282,-0.24641,-0.15200,-0.17790,-0.25099,-0.12765,-0.06500,-0.22560
V,-0.00000,0.00000,0.00000,0.07717,-0.03533,-0.11904,0.10567,-0.14900,-0.18420,0.01020,-0.24944,-0.23899,-0.06583,-0.33514,-0.28700,0.12324,-0.42567,-0.14357,0.16468,-0.66396,-0.23499,0.18054,-0.81977,-0.28595,0.18861,-0.96014,-0.31381,0.02706,-0.45877,-0.13387,0.01066,-0.68718,-0.23407,-0.01651,-0.85487,-0.28039,-0.03790,-0.99928,-0.29497,-0.05600,-0.42607,-0.13542,-0.11684,-0.40085,-0.26188,-0.10874,-0.22184,-0.27323,-0.08711,-0.09496,-0.24181,-0.12599,-0.35136,-0.14642,-0.17525,-0.32109,-0.24631,-0.15571,-0.18764,-0.24721,-0.11886,-0.07974,-0.22058
FIST,-0.00000,0.00000,0.00000,0.08772,-0.38659,0.04049,0.28468,-0.64022,0.02788,0.47675,-0.63501,0.00307,0.61618,-0.50812,-0.02240,0.38230,-0.92404,0.01572,0.64883,-0.68475,-0.02610,0.58181,-0.54038,-0.07222,0.48658,-0.51299,-0.10567,0.50248,-0.78329,-0.03462,0.72948,-0.49574,-0.04623,0.64317,-0.37477,-0.05642,0.53027,-0.38036,-0.07206,0.59101,-0.56913,-0.08179,0.77885,-0.30102,-0.08223,0.67349,-0.19014,-0.06385,0.56227,-0.22547,-0.06607,0.65397,-0.32448,-0.12965,0.77326,-0.11085,-0.14262,0.65899,-0.02058,-0.12180,0.55837,-0.05855,-0.10396
FIST,-0.00000,0.00000,0.00000,-0.02401,-0.44195,0.03785,0.11465,-0.71031,0.04373,0.30512,-0.73727,0.04328,0.44966,-0.62846,0.03709,0.15352,-0.98815,0.02664,0.33795,-0.83719,0.01758,0.28974,-0.67423,-0.01449,0.21014,-0.58631,-0.03960,0.34054,-0.90095,0.00108,0.46638,-0.74250,0.03877,0.42848,-0.58554,0.02441,0.35362,-0.49626,-0.00195,0.49172,-0.72668,-0.01670,0.60339,-0.60168,0.02075,0.53520,-0.45864,0.03060,0.45098,-0.40152,0.01678,0.61509,-0.52095,-0.03140,0.70631,-0.40092,-0.01111,0.61925,-0.27697,0.02536,0.53773,-0.22318,0.05186
FIST,-0.00000,0.00000,0.00000,0.28077,0.00914,-0.04106,0.54877,-0.27229,-0.04222,0.62002,-0.61111,-0.05507,0.53085,-0.84747,-0.04726,0.34336,-0.67188,0.09596,0.50014,-0.82515,0.00058,0.48554,-0.59365,-0.04391,0.40992,-0.48805,-0.06331,0.20270,-0.78547,0.07703,0.39980,-0.88044,-0.03335,0.34891,-0.59841,-0.04358,0.24022,-0.55505,-0.01574,0.05729,-0.85350,0.03087,0.28217,-0.89663,-0.09974,0.23501,-0.59102,-0.06851,0.12729,-0.54008,-0.01065,-0.09506,-0.88648,-0.02111,0.16754,-0.85123,-0.13313,0.16573,-0.59592,-0.13199,0.08057,-0.51433,-0.09997
FIST,-0.00000,0.00000,0.00000,0.29644,-0.00784,-0.03972,0.53849,-0.28024,-0.03998,0.58289,-0.62106,-0.05858,0.50195,-0.86490,-0.06000,0.32058,-0.67028,0.10525,0.46384,-0.82225,-0.00956,0.44233,-0.57642,-0.06613,0.36013,-0.46781,-0.08773,0.18017,-0.74113,0.07661,0.35386,-0.88914,-0.06612,0.31987,-0.56102,-0.09022,0.21274,-0.46875,-0.05904,0.03217,-0.78438,0.01846,0.22344,-0.90658,-0.13975,0.19771,-0.56613,-0.09963,0.09271,-0.46829,-0.02013,-0.13853,-0.80079,-0.04550,0.08325,-0.84287,-0.15585,0.08570,-0.60011,-0.13547,-0.00764,-0.51493,-0.08523
FIST,-0.00000,0.00000,0.00000,0.29407,-0.01712,-0.06639,0.56595,-0.31023,-0.08008,0.57866,-0.66041,-0.09816,0.39977,-0.81808,-0.10919,0.30045,-0.74365,0.04030,0.45511,-0.89043,-0.04586,0.49535,-0.80240,-0.10547,0.48225,-0.74024,-0.14435,0.12017,-0.82171,0.02697,0.30628,-0.92618,-0.09124,0.30462,-0.64550,-0.12424,0.24095,-0.49993,-0.11215,-0.04729,-0.82322,-0.00818,0.15240,-0.87444,-0.14499,0.14814,-0.58300,-0.12619,0.08324,-0.44887,-0.07432,-0.21505,-0.76810,-0.04997,0.02072,-0.77167,-0.16555,0.03125,-0.53644,-0.16068,-0.03458,-0.42510,-0.12715
FIST,-0.00000,0.00000,0.00000,0.26286,-0.13039,-0.03298,0.56431,-0.15479,-0.09508,0.76101,-0.04494,-0.16569,0.81819,0.11120,-0.22570,0.76971,-0.48813,-0.06656,0.99879,0.04927,-0.18070,0.85717,0.11823,-0.25195,0.75525,-0.00721,-0.29288,0.70301,-0.37731,-0.11150,0.93747,0.20664,-0.20375,0.77205,0.19642,-0.22034,0.68100,0.04634,-0.23137,0.62098,-0.20976,-0.16643,0.83744,0.31888,-0.23627,0.67918,0.28669,-0.20659,0.58898,0.13691,-0.18699,0.52537,-0.00356,-0.22998,0.70813,0.37426,-0.27201,0.59425,0.35423,-0.24659,0.50641,0.24365,-0.22115
FIST,-0.00000,0.00000,0.00000,0.23556,-0.34613,0.14559,0.48316,-0.47666,0.18199,0.66848,-0.42519,0.18070,0.77251,-0.28742,0.17405,0.70102,-0.71314,0.14201,0.88517,-0.34915,0.14128,0.76834,-0.26025,0.11770,0.66229,-0.29130,0.09708,0.77206,-0.55420,0.05141,0.90799,-0.16881,0.08462,0.78867,-0.09568,0.08470,0.68262,-0.15548,0.06905,0.79097,-0.34411,-0.02881,0.90512,0.00414,0.02292,0.77008,0.05923,0.05129,0.68493,-0.02706,0.04227,0.77529,-0.11790,-0.10334,0.85425,0.16177,-0.07446,0.71924,0.19715,-0.03906,0.62906,0.13270,-0.01815
FIST,-0.00000,0.00000,0.00000,0.11351,-0.38624,0.06102,0.33539,-0.62021,0.05637,0.56226,-0.60459,0.03713,0.70696,-0.47056,0.02122,0.43664,-0.89964,0.01569,0.75308,-0.62822,-0.02676,0.67456,-0.49793,-0.05869,0.58116,-0.51687,-0.08153,0.50871,-0.75236,-0.04187,0.80325,-0.46352,-0.05904,0.70616,-0.35600,-0.05089,0.59804,-0.38975,-0.05399,0.56034,-0.54628,-0.09501,0.81201,-0.26994,-0.09349,0.70367,-0.17087,-0.05247,0.60531,-0.22618,-0.04136,0.59440,-0.30607,-0.14740,0.75994,-0.08811,-0.15649,0.65064,-0.01678,-0.12999,0.55888,-0.06501,-0.11084
FIST,-0.00000,0.00000,0.00000,0.16150,-0.29306,0.01493,0.43377,-0.45897,-0.03653,0.70812,-0.38926,-0.09828,0.86671,-0.26240,-0.14465,0.42798,-0.87777,-0.02571,0.80208,-0.59721,-0.12544,0.71622,-0.44940,-0.18275,0.62299,-0.49833,-0.21866,0.43556,-0.77289,-0.08317,0.81074,-0.42805,-0.17307,0.68749,-0.31502,-0.17921,0.58284,-0.37954,-0.18372,0.45181,-0.59747,-0.14604,0.77114,-0.25691,-0.20086,0.63823,-0.16225,-0.16237,0.53989,-0.24103,-0.14442,0.47406,-0.38004,-0.21324,0.68200,-0.08840,-0.25591,0.56735,-0.03055,-0.25044,0.47714,-0.11014,-0.24562
FIST,-0.00000,0.00000,0.00000,0.16422,-0.28100,-0.01538,0.44313,-0.45756,-0.06817,0.70680,-0.41333,-0.12408,0.86063,-0.31875,-0.16540,0.43721,-0.82427,-0.06687,0.81126,-0.58469,-0.16851,0.76099,-0.40768,-0.21338,0.66219,-0.40062,-0.23397,0.42039,-0.69506,-0.10352,0.77472,-0.34864,-0.19799,0.67826,-0.23516,-0.20115,0.57959,-0.29338,-0.20018,0.41023,-0.50140,-0.14686,0.71944,-0.16890,-0.22293,0.61132,-0.08346,-0.18641,0.51548,-0.16109,-0.16078,0.40750,-0.28181,-0.19321,0.63770,-0.03264,-0.25169,0.54395,0.03736,-0.23929,0.45653,-0.02270,-0.22334
FIST,-0.00000,0.00000,0.00000,0.17458,-0.32766,-0.02046,0.45900,-0.55697,-0.08672,0.72245,-0.50485,-0.15702,0.80742,-0.37268,-0.22394,0.37153,-0.88105,-0.12501,0.79107,-0.61173,-0.23253,0.75846,-0.45346,-0.27939,0.66443,-0.44571,-0.30255,0.31098,-0.70526,-0.16880,0.73563,-0.36938,-0.27289,0.65015,-0.28004,-0.27856,0.54589,-0.32315,-0.28151,0.26985,-0.47111,-0.21428,0.66976,-0.18791,-0.30419,0.56877,-0.12653,-0.26446,0.45567,-0.18969,-0.23387,0.24770,-0.21638,-0.25912,0.57507,-0.04761,-0.32352,0.49231,0.00254,-0.29485,0.38300,-0.04420,-0.26655
FIST,-0.00000,0.00000,0.00000,0.29134,-0.18343,-0.07181,0.49864,-0.39646,-0.17158,0.66383,-0.50073,-0.26596,0.72801,-0.51901,-0.34511,0.20491,-0.97878,-0.17114,0.59776,-0.70475,-0.27316,0.57955,-0.53004,-0.30696,0.48318,-0.51769,-0.32672,0.09281,-0.84931,-0.20421,0.53479,-0.49627,-0.29740,0.45805,-0.36362,-0.28486,0.34591,-0.41414,-0.27776,0.02605,-0.63543,-0.24462,0.44866,-0.30368,-0.31363,0.36680,-0.20426,-0.25602,0.26039,-0.25019,-0.22473,0.00079,-0.37836,-0.29498,0.32999,-0.15984,-0.36256,0.26422,-0.09066,-0.34485,0.15324,-0.13327,-0.32534
FIST,-0.00000,0.00000,0.00000,0.30633,-0.18910,-0.09871,0.50408,-0.41489,-0.20275,0.62806,-0.56119,-0.29579,0.58300,-0.55235,-0.36801,0.12793,-0.99178,-0.16719,0.48952,-0.73333,-0.28041,0.43976,-0.55732,-0.33056,0.34261,-0.58565,-0.36290,-0.00370,-0.87712,-0.19060,0.41633,-0.53880,-0.29160,0.33844,-0.39570,-0.28660,0.22677,-0.46649,-0.28129,-0.08968,-0.67303,-0.22604,0.30976,-0.34533,-0.29458,0.24182,-0.24293,-0.23480,0.13411,-0.29850,-0.19857,-0.12873,-0.41870,-0.27704,0.18254,-0.17832,-0.33579,0.11878,-0.11256,-0.31524,0.00079,-0.16246,-0.29230
FIST,-0.00000,0.00000,0.00000,0.29189,-0.21557,-0.11909,0.46049,-0.42945,-0.23292,0.56587,-0.58882,-0.33446,0.51587,-0.60079,-0.41045,0.08883,-0.99605,-0.15305,0.43355,-0.88137,-0.27087,0.41859,-0.68166,-0.31995,0.32952,-0.67215,-0.35033,-0.03407,-0.90216,-0.16714,0.37155,-0.70127,-0.28209,0.32927,-0.51689,-0.28173,0.22045,-0.54181,-0.27170,-0.10510,-0.72259,-0.19915,0.27814,-0.53100,-0.29083,0.24894,-0.37516,-0.24052,0.14462,-0.40495,-0.20204,-0.13387,-0.50813,-0.24842,0.16658,-0.34095,-0.31536,0.14742,-0.23846,-0.30412,0.05221,-0.26982,-0.28438
FIST,-0.00000,0.00000,0.00000,0.29333,-0.24971,-0.10496,0.45546,-0.47387,-0.22353,0.56836,-0.63669,-0.33371,0.51771,-0.64518,-0.41965,0.04126,-0.99915,-0.16889,0.40411,-0.85578,-0.28251,0.38405,-0.64898,-0.32428,0.28964,-0.64025,-0.35057,-0.07017,-0.88169,-0.19343,0.35784,-0.66831,-0.29182,0.31515,-0.49194,-0.27426,0.20765,-0.52082,-0.26036,-0.12727,-0.68147,-0.23356,0.27938,-0.48022,-0.30846,0.24758,-0.34414,-0.24823,0.14204,-0.36502,-0.21080,-0.14267,-0.44851,-0.29072,0.17564,-0.29277,-0.35242,0.17070,-0.21273,-0.34089,0.09006,-0.22561,-0.32527
FIST,-0.00000,0.00000,0.00000,0.33625,-0.21181,-0.07695,0.51171,-0.42217,-0.15741,0.60152,-0.56942,-0.23351,0.56599,-0.62367,-0.29019,0.19501,-0.98080,-0.10116,0.53526,-0.78939,-0.21539,0.53722,-0.59183,-0.29054,0.45718,-0.57810,-0.33950,0.09981,-0.88382,-0.13057,0.49425,-0.59728,-0.22971,0.45065,-0.43627,-0.25342,0.34728,-0.45510,-0.26748,0.03740,-0.70520,-0.17259,0.40905,-0.41566,-0.25209,0.36896,-0.28229,-0.21683,0.27931,-0.31509,-0.19165,0.00932,-0.48076,-0.22794,0.30769,-0.26579,-0.28195,0.27333,-0.18165,-0.25969,0.18596,-0.21569,-0.23320
FIST,-0.00000,0.00000,0.00000,0.35958,-0.14149,-0.03315,0.55574,-0.31348,-0.09881,0.67272,-0.42835,-0.17086,0.72535,-0.55463,-0.22557,0.36179,-0.90789,-0.06452,0.69094,-0.72291,-0.16949,0.67145,-0.55172,-0.23434,0.59125,-0.54196,-0.27384,0.27864,-0.83868,-0.11116,0.64053,-0.52043,-0.20487,0.56802,-0.38870,-0.22226,0.46558,-0.43451,-0.23310,0.22007,-0.68878,-0.16827,0.55420,-0.36542,-0.24068,0.47780,-0.24893,-0.20035,0.39415,-0.30578,-0.17562,0.18646,-0.49016,-0.23475,0.43959,-0.24378,-0.28052,0.38756,-0.16672,-0.25571,0.31457,-0.22033,-0.23152
FIST,-0.00000,0.00000,0.00000,0.31159,-0.11389,0.00487,0.53016,-0.27724,-0.03098,0.66315,-0.39029,-0.08130,0.74749,-0.47500,-0.12461,0.48107,-0.81442,-0.01567,0.77903,-0.62699,-0.11523,0.78770,-0.41811,-0.18444,0.72242,-0.32378,-0.22049,0.40355,-0.77198,-0.06718,0.70355,-0.46888,-0.14918,0.67151,-0.29770,-0.17644,0.60562,-0.25913,-0.18923,0.33355,-0.64772,-0.12583,0.59075,-0.31320,-0.18791,0.54263,-0.18549,-0.16779,0.48467,-0.19204,-0.15168,0.27467,-0.47545,-0.18853,0.46788,-0.20848,-0.22127,0.43489,-0.11170,-0.19708,0.38969,-0.12090,-0.17103
FIST,-0.00000,0.00000,0.00000,0.34666,-0.01594,-0.02271,0.59389,-0.10568,-0.07799,0.74380,-0.17642,-0.14906,0.80391,-0.28901,-0.20101,0.56557,-0.82470,0.00863,0.83128,-0.54635,-0.11291,0.79459,-0.34574,-0.19123,0.72201,-0.29096,-0.23186,0.50127,-0.83006,-0.04703,0.76372,-0.36029,-0.17038,0.65048,-0.19218,-0.20910,0.55139,-0.21536,-0.21713,0.43015,-0.74461,-0.11782,0.65794,-0.26330,-0.21809,0.53871,-0.12573,-0.19149,0.45513,-0.17075,-0.15871,0.36735,-0.59945,-0.19795,0.53303,-0.22181,-0.26194,0.44945,-0.10858,-0.24308,0.38348,-0.14694,-0.20911
FIST,-0.00000,0.00000,0.00000,0.35976,0.00708,-0.00252,0.57354,-0.09591,-0.04915,0.72550,-0.15248,-0.11361,0.86115,-0.19614,-0.15811,0.55642,-0.80822,0.03388,0.87047,-0.49223,-0.09157,0.76654,-0.32158,-0.17906,0.66225,-0.34768,-0.22734,0.50714,-0.79276,-0.02743,0.84243,-0.36758,-0.14510,0.70865,-0.21329,-0.17558,0.60278,-0.27007,-0.18307,0.47184,-0.68872,-0.10484,0.75673,-0.24338,-0.18681,0.62358,-0.10057,-0.14529,0.53495,-0.16414,-0.11119,0.44384,-0.52122,-0.19257,0.63720,-0.14836,-0.23861,0.52942,-0.04448,-0.21607,0.44047,-0.10273,-0.18778
FIST,-0.00000,0.00000,0.00000,0.33462,-0.00091,-0.02050,0.56490,-0.11290,-0.06897,0.72642,-0.16563,-0.12668,0.83931,-0.20351,-0.16292,0.53583,-0.83218,-0.00327,0.85552,-0.51777,-0.12445,0.74070,-0.35985,-0.20207,0.63912,-0.40409,-0.24562,0.48343,-0.80071,-0.04993,0.81838,-0.37475,-0.16612,0.67963,-0.23494,-0.18756,0.57789,-0.30098,-0.19031,0.44336,-0.67813,-0.11124,0.73566,-0.24081,-0.20427,0.59268,-0.10322,-0.15848,0.49641,-0.16129,-0.11806,0.40812,-0.49077,-0.18188,0.60559,-0.11712,-0.25012,0.48606,-0.01365,-0.23251,0.39363,-0.07182,-0.20421
FIST,-0.00000,0.00000,0.00000,0.31374,-0.05821,-0.03577,0.55407,-0.21493,-0.09250,0.72893,-0.29370,-0.15177,0.82157,-0.31749,-0.18937,0.48658,-0.87363,-0.04975,0.81803,-0.54902,-0.16272,0.70580,-0.40473,-0.22656,0.60039,-0.44190,-0.26585,0.42218,-0.82204,-0.09642,0.77806,-0.41074,-0.20804,0.62862,-0.28467,-0.22613,0.52190,-0.34998,-0.22945,0.36430,-0.68082,-0.15445,0.68614,-0.26229,-0.24594,0.53265,-0.13541,-0.19947,0.43110,-0.20557,-0.16212,0.30979,-0.47419,-0.22192,0.53988,-0.11923,-0.30218,0.42143,-0.03082,-0.28866,0.32955,-0.10359,-0.26415
FIST,-0.00000,0.00000,0.00000,0.26151,-0.15257,-0.05040,0.51542,-0.31899,-0.12725,0.72076,-0.31850,-0.19832,0.84991,-0.25586,-0.25511,0.46663,-0.86979,-0.13709,0.82852,-0.55996,-0.25104,0.72585,-0.42090,-0.31436,0.62065,-0.47504,-0.35777,0.36305,-0.77158,-0.17167,0.75931,-0.37529,-0.27187,0.62418,-0.27455,-0.28157,0.51961,-0.35027,-0.29325,0.28134,-0.58495,-0.21189,0.64545,-0.20438,-0.28234,0.52072,-0.11526,-0.22489,0.41940,-0.19383,-0.19381,0.21815,-0.34564,-0.25942,0.51445,-0.06377,-0.32180,0.41138,-0.01466,-0.29414,0.31153,-0.09532,-0.26953
FIST,-0.00000,0.00000,0.00000,0.31165,-0.17825,-0.04934,0.57011,-0.34584,-0.14991,0.75868,-0.30328,-0.24579,0.81561,-0.17275,-0.33191,0.45741,-0.88926,-0.18543,0.82989,-0.53939,-0.28298,0.72262,-0.39696,-0.33366,0.60571,-0.46624,-0.37336,0.33062,-0.76206,-0.22574,0.73098,-0.33509,-0.29877,0.60421,-0.27343,-0.30047,0.50318,-0.35831,-0.31989,0.21875,-0.54824,-0.26512,0.59865,-0.15291,-0.29951,0.48685,-0.09957,-0.24257,0.38594,-0.17952,-0.22691,0.13192,-0.28872,-0.31170,0.45901,-0.01351,-0.33830,0.37047,-0.00112,-0.30115,0.25961,-0.08728,-0.28168
FIST,-0.00000,0.00000,0.00000,0.32318,-0.17851,-0.04740,0.59163,-0.32458,-0.17191,0.82001,-0.28259,-0.28931,0.91663,-0.17546,-0.39422,0.48547,-0.87425,-0.26755,0.87357,-0.48325,-0.38235,0.76427,-0.33443,-0.41631,0.64872,-0.41000,-0.44171,0.33917,-0.74659,-0.32472,0.76724,-0.26218,-0.41843,0.63445,-0.19574,-0.39625,0.52824,-0.29406,-0.39768,0.21835,-0.51617,-0.37783,0.60959,-0.06363,-0.42319,0.48798,-0.02127,-0.34390,0.38254,-0.12825,-0.31750,0.12686,-0.24451,-0.43723,0.44564,0.08300,-0.47531,0.35444,0.08858,-0.43413,0.24763,-0.02128,-0.41356
FIST,-0.00000,0.00000,0.00000,0.35366,-0.16583,-0.10367,0.61573,-0.26391,-0.31647,0.81640,-0.19523,-0.51123,0.86779,-0.08461,-0.69737,0.45423,-0.89089,-0.51050,0.86239,-0.45485,-0.67135,0.77720,-0.29358,-0.69680,0.65503,-0.36083,-0.71330,0.26627,-0.73649,-0.57038,0.71726,-0.19582,-0.70309,0.59990,-0.14401,-0.64352,0.48460,-0.26542,-0.61922,0.11188,-0.46762,-0.62204,0.53464,0.02230,-0.68578,0.42525,0.03812,-0.55323,0.30122,-0.08012,-0.49546,-0.00539,-0.17635,-0.68538,0.33234,0.16490,-0.73774,0.26057,0.13105,-0.67339,0.14764,-0.00653,-0.63805
FIST,-0.00000,0.00000,0.00000,0.28862,-0.12493,-0.16184,0.50119,-0.24401,-0.35948,0.66063,-0.23688,-0.52715,0.74990,-0.18067,-0.67781,0.33496,-0.94223,-0.45137,0.66458,-0.46636,-0.63298,0.57698,-0.39886,-0.71189,0.48349,-0.52335,-0.76306,0.14660,-0.80609,-0.47410,0.50676,-0.27320,-0.62943,0.39625,-0.28219,-0.63307,0.30592,-0.44092,-0.64587,-0.02022,-0.56693,-0.49827,0.32537,-0.07925,-0.58599,0.24135,-0.09783,-0.48997,0.14823,-0.23139,-0.44273,-0.15327,-0.27969,-0.54242,0.13537,0.05470,-0.61859,0.07486,-0.00536,-0.57801,-0.02392,-0.16708,-0.54837
FIST,-0.00000,0.00000,0.00000,0.30435,-0.18937,-0.25856,0.50096,-0.21430,-0.58461,0.57782,-0.07306,-0.87121,0.50377,0.13455,-1.13650,0.24078,-0.97058,-0.74734,0.59235,-0.38800,-1.01132,0.52430,-0.21239,-1.05866,0.41367,-0.31451,-1.07300,0.00651,-0.78044,-0.77410,0.39545,-0.12684,-1.01366,0.32694,-0.09443,-0.92915,0.22754,-0.28714,-0.85213,-0.18478,-0.48299,-0.80785,0.20514,0.12802,-0.95742,0.19570,0.07917,-0.73075,0.10686,-0.13583,-0.57066,-0.31202,-0.18455,-0.87719,0.03202,0.25625,-0.99002,0.05210,0.20149,-0.89384,-0.03379,0.00994,-0.80227
FIST,-0.00000,0.00000,0.00000,0.23969,-0.16571,-0.21156,0.40348,-0.22956,-0.45567,0.49832,-0.11351,-0.66476,0.49744,0.06745,-0.85103,0.20426,-0.97892,-0.52184,0.55824,-0.44051,-0.73735,0.47647,-0.30889,-0.82337,0.35461,-0.44162,-0.87723,-0.01286,-0.81709,-0.53921,0.38972,-0.18186,-0.72586,0.28661,-0.18243,-0.71333,0.17503,-0.38714,-0.70222,-0.18164,-0.52972,-0.56428,0.22031,0.05696,-0.67357,0.15912,0.00227,-0.53028,0.05353,-0.20965,-0.43635,-0.29232,-0.21851,-0.61991,0.05496,0.21689,-0.70366,0.02423,0.16045,-0.64423,-0.08297,-0.03390,-0.58796
FIST,-0.00000,0.00000,0.00000,0.27061,-0.16654,-0.21842,0.47406,-0.24105,-0.45528,0.59809,-0.13543,-0.65832,0.61287,0.05226,-0.83822,0.25641,-0.96657,-0.52156,0.62751,-0.46343,-0.76864,0.55610,-0.34612,-0.87428,0.43818,-0.48560,-0.93615,0.02974,-0.81372,-0.54001,0.44448,-0.19396,-0.76168,0.34897,-0.19890,-0.76690,0.23073,-0.41339,-0.76032,-0.15644,-0.53539,-0.57031,0.26011,0.05256,-0.72088,0.20934,-0.00185,-0.59303,0.09849,-0.21880,-0.49752,-0.28275,-0.22681,-0.63078,0.07795,0.20601,-0.74104,0.05422,0.13232,-0.69073,-0.05622,-0.07557,-0.63469
FIST,-0.00000,0.00000,0.00000,0.29579,-0.19655,-0.09365,0.49017,-0.34511,-0.20497,0.63673,-0.31179,-0.31031,0.70971,-0.17203,-0.40519,0.32789,-0.94472,-0.18354,0.63850,-0.57440,-0.31964,0.64374,-0.42697,-0.40277,0.59577,-0.42084,-0.45005,0.16215,-0.83146,-0.21614,0.50521,-0.37173,-0.32571,0.46437,-0.30758,-0.35072,0.39722,-0.36534,-0.35872,0.01858,-0.61598,-0.25887,0.35625,-0.19020,-0.33835,0.29690,-0.21179,-0.30162,0.20739,-0.34736,-0.26723,-0.08092,-0.35616,-0.31593,0.19183,-0.04011,-0.36056,0.16714,-0.06635,-0.32486,0.08511,-0.19049,-0.28401
FIST,-0.00000,0.00000,0.00000,0.31253,-0.15079,-0.07357,0.54068,-0.26284,-0.18233,0.69592,-0.23759,-0.27929,0.70332,-0.14643,-0.35461,0.47355,-0.88077,-0.18032,0.74770,-0.41068,-0.29754,0.65003,-0.34305,-0.36272,0.56072,-0.46578,-0.40457,0.31648,-0.79817,-0.21233,0.61943,-0.25191,-0.29798,0.52237,-0.28070,-0.30568,0.45210,-0.44382,-0.31972,0.17197,-0.62025,-0.25104,0.46990,-0.13516,-0.30188,0.38572,-0.17468,-0.25615,0.30929,-0.31872,-0.23476,0.05327,-0.39063,-0.30219,0.28835,-0.04512,-0.34022,0.22567,-0.10412,-0.31947,0.14816,-0.25898,-0.30144
FIST,-0.00000,0.00000,0.00000,0.32616,-0.15477,-0.02741,0.58230,-0.31172,-0.08376,0.76408,-0.39138,-0.14396,0.86362,-0.42397,-0.18723,0.48575,-0.87410,-0.05381,0.74796,-0.53260,-0.15945,0.65743,-0.42890,-0.23451,0.57414,-0.50698,-0.28035,0.35016,-0.79956,-0.10003,0.64473,-0.37978,-0.18364,0.55017,-0.35046,-0.20675,0.48003,-0.44721,-0.22289,0.23337,-0.64083,-0.15634,0.52679,-0.27482,-0.22762,0.45003,-0.26457,-0.20365,0.38334,-0.35890,-0.18296,0.14430,-0.43332,-0.21909,0.41286,-0.20322,-0.26969,0.41352,-0.20944,-0.25590,0.38747,-0.29964,-0.23501
FIST,-0.00000,0.00000,0.00000,0.33196,-0.10222,-0.07507,0.57884,-0.21180,-0.15371,0.72853,-0.27832,-0.22796,0.74848,-0.36568,-0.28279,0.49614,-0.86824,-0.08130,0.70574,-0.43452,-0.19256,0.63054,-0.34071,-0.27393,0.56442,-0.44991,-0.32231,0.34538,-0.77684,-0.10575,0.60284,-0.27842,-0.20421,0.53458,-0.26318,-0.23834,0.47799,-0.38938,-0.25854,0.21604,-0.62478,-0.14275,0.47384,-0.17418,-0.22389,0.40766,-0.17215,-0.19832,0.34894,-0.27489,-0.17187,0.11177,-0.43020,-0.19124,0.31830,-0.10435,-0.23409,0.28174,-0.11198,-0.20770,0.23452,-0.21490,-0.17610
FIST,-0.00000,0.00000,0.00000,0.31083,-0.06634,-0.02729,0.54539,-0.13243,-0.09770,0.70356,-0.12020,-0.17778,0.78080,-0.15639,-0.24142,0.57310,-0.81948,-0.05099,0.84709,-0.46260,-0.17303,0.72804,-0.32980,-0.26167,0.61877,-0.39646,-0.31431,0.45381,-0.77716,-0.10122,0.74653,-0.33344,-0.19296,0.63643,-0.24456,-0.21507,0.54684,-0.30980,-0.22864,0.34484,-0.65577,-0.16237,0.61517,-0.21704,-0.22097,0.51867,-0.14220,-0.17440,0.44460,-0.20899,-0.14403,0.24386,-0.47692,-0.23391,0.45240,-0.12992,-0.25951,0.38756,-0.07124,-0.21805,0.31955,-0.12346,-0.18038
FIST,-0.00000,0.00000,0.00000,0.33850,-0.02583,-0.00628,0.60423,-0.12561,-0.04542,0.77853,-0.16124,-0.09496,0.88449,-0.14610,-0.13871,0.71645,-0.69764,-0.01908,0.95042,-0.28734,-0.12415,0.89889,-0.03856,-0.18964,0.81401,0.03817,-0.22169,0.60373,-0.68212,-0.07100,0.86271,-0.21686,-0.16541,0.80264,0.04611,-0.19478,0.73304,0.15906,-0.20578,0.48563,-0.57860,-0.13122,0.72163,-0.11486,-0.22157,0.65901,0.11646,-0.20854,0.60229,0.19947,-0.18777,0.36804,-0.41494,-0.19363,0.54970,-0.06516,-0.25594,0.50121,0.08101,-0.24188,0.45176,0.11475,-0.21632
FIST,-0.00000,0.00000,0.00000,0.34664,-0.04299,0.05807,0.61131,-0.10548,0.00588,0.79912,-0.04700,-0.06688,0.92204,0.03305,-0.13461,0.68280,-0.69558,-0.07588,0.96201,-0.27300,-0.15400,0.85462,-0.08191,-0.17893,0.75317,-0.08876,-0.19474,0.55020,-0.68975,-0.17840,0.84706,-0.18058,-0.24205,0.74103,0.00402,-0.22358,0.64015,0.01908,-0.21944,0.42153,-0.58080,-0.27694,0.69482,-0.08545,-0.31455,0.60295,0.10406,-0.24068,0.51866,0.12559,-0.20706,0.29567,-0.41783,-0.37533,0.51864,-0.01835,-0.40736,0.46354,0.12563,-0.35962,0.39485,0.13559,-0.32620
FIST,-0.00000,0.00000,0.00000,0.26590,-0.09529,-0.04398,0.52799,-0.18275,-0.11423,0.71183,-0.13865,-0.18247,0.80865,-0.07435,-0.23534,0.59867,-0.80100,-0.11863,0.86618,-0.34600,-0.21969,0.74019,-0.20253,-0.26277,0.62592,-0.27585,-0.28871,0.46149,-0.78077,-0.16180,0.75086,-0.24384,-0.25393,0.62385,-0.11186,-0.25075,0.53057,-0.16118,-0.24589,0.33243,-0.64955,-0.21094,0.60952,-0.12821,-0.28776,0.49851,0.00913,-0.23055,0.41810,-0.02789,-0.19134,0.20111,-0.45670,-0.26750,0.42630,-0.02769,-0.33286,0.35033,0.08998,-0.30235,0.27653,0.06884,-0.26856
FIST,-0.00000,0.00000,0.00000,0.33485,-0.02043,-0.08181,0.57645,-0.09695,-0.16115,0.72883,-0.13493,-0.23284,0.81248,-0.21495,-0.28187,0.52269,-0.85252,-0.10527,0.77275,-0.42001,-0.21752,0.65513,-0.27256,-0.28269,0.54915,-0.34651,-0.32232,0.37145,-0.82209,-0.12983,0.64047,-0.29548,-0.22775,0.51860,-0.18935,-0.24541,0.43025,-0.27913,-0.25260,0.22839,-0.69431,-0.16744,0.47710,-0.18598,-0.25004,0.37563,-0.10800,-0.20939,0.30241,-0.19684,-0.17608,0.09164,-0.50344,-0.21678,0.29745,-0.12003,-0.28214,0.22258,-0.08049,-0.26044,0.14597,-0.17265,-0.22862
FIST,-0.00000,0.00000,0.00000,0.30738,-0.07169,-0.08593,0.54040,-0.19643,-0.16529,0.69794,-0.24856,-0.23262,0.78089,-0.30151,-0.27646,0.46205,-0.88685,-0.11881,0.74351,-0.49770,-0.22275,0.65758,-0.35696,-0.28177,0.55673,-0.42592,-0.31785,0.30972,-0.83448,-0.13554,0.60299,-0.35865,-0.21704,0.49451,-0.27426,-0.22763,0.40421,-0.37854,-0.23453,0.17007,-0.68032,-0.16391,0.43730,-0.21702,-0.21924,0.34510,-0.15919,-0.17535,0.26918,-0.26417,-0.15003,0.05054,-0.45725,-0.20595,0.26774,-0.10965,-0.25639,0.19335,-0.08561,-0.23878,0.10821,-0.18913,-0.21491
FIST,-0.00000,0.00000,0.00000,0.30947,-0.05754,-0.12261,0.53102,-0.19800,-0.20555,0.66401,-0.29410,-0.26677,0.73153,-0.39899,-0.30210,0.39214,-0.91991,-0.12585,0.63169,-0.53714,-0.22210,0.53355,-0.38763,-0.28204,0.42974,-0.45697,-0.32024,0.21702,-0.88564,-0.11801,0.48448,-0.41476,-0.19459,0.38313,-0.31128,-0.21299,0.29441,-0.41087,-0.22390,0.06146,-0.75472,-0.12383,0.31434,-0.29383,-0.17974,0.23399,-0.22363,-0.14184,0.16252,-0.32471,-0.11786,-0.07014,-0.55620,-0.14636,0.13444,-0.19568,-0.19826,0.06228,-0.17532,-0.18365,-0.02349,-0.29330,-0.15958
FIST,-0.00000,0.00000,0.00000,0.25079,-0.04783,-0.16691,0.44869,-0.15895,-0.28509,0.58036,-0.20989,-0.37190,0.59004,-0.26565,-0.42869,0.36152,-0.93237,-0.22154,0.60241,-0.48294,-0.33530,0.53332,-0.28860,-0.37562,0.44910,-0.34305,-0.39739,0.16438,-0.91606,-0.20336,0.42884,-0.35023,-0.31969,0.34748,-0.20410,-0.33148,0.27252,-0.29879,-0.32624,-0.00867,-0.78860,-0.19752,0.23588,-0.23882,-0.27840,0.17953,-0.13907,-0.21453,0.12608,-0.23369,-0.16433,-0.14888,-0.59248,-0.21283,0.04425,-0.16688,-0.26661,-0.00230,-0.13044,-0.23186,-0.06428,-0.25295,-0.18815
FIST,0.00000,0.00000,0.00000,-0.30163,-0.15344,-0.17135,-0.55659,-0.24884,-0.39472,-0.74499,-0.20761,-0.57867,-0.77969,-0.12267,-0.75029,-0.55421,-0.83238,-0.57557,-0.68522,-0.67633,-0.75573,-0.61579,-0.57117,-0.80185,-0.55134,-0.56195,-0.81985,-0.25351,-0.76766,-0.59242,-0.36379,-0.77216,-0.75887,-0.35544,-0.69530,-0.73522,-0.31857,-0.63320,-0.71355,0.03109,-0.64394,-0.59653,-0.08743,-0.69788,-0.69504,-0.10830,-0.64295,-0.56900,-0.07120,-0.63929,-0.48680,0.28356,-0.48663,-0.61366,0.15113,-0.57815,-0.66236,0.08243,-0.53721,-0.55560,0.08885,-0.53756,-0.47142
FIST,-0.00000,0.00000,0.00000,0.31214,-0.01124,-0.29064,0.58325,0.02894,-0.54016,0.58001,0.24851,-0.73854,0.33997,0.41651,-0.91000,0.48760,-0.87307,-0.52279,0.64802,0.01762,-0.79007,0.49923,0.12857,-0.96625,0.37713,-0.08572,-1.08362,0.12912,-0.84116,-0.49349,0.30108,0.15721,-0.69427,0.22021,0.09573,-0.73784,0.15576,-0.20467,-0.76978,-0.19456,-0.64738,-0.48181,-0.00021,0.25045,-0.61093,-0.00469,0.12085,-0.50054,-0.03342,-0.18120,-0.41817,-0.45506,-0.38018,-0.50906,-0.24959,0.26529,-0.61818,-0.22016,0.14047,-0.56874,-0.25651,-0.15573,-0.50722
FIST,-0.00000,0.00000,0.00000,0.28735,0.08331,-0.46929,0.51449,0.12652,-0.83654,0.46318,0.22708,-1.12313,0.22678,0.18633,-1.37603,0.38428,-0.92322,-0.84218,0.51304,-0.17117,-1.17499,0.48081,-0.00908,-1.30027,0.44383,-0.14821,-1.36809,0.04011,-0.91832,-0.73927,0.19257,-0.03613,-1.03961,0.22960,0.03460,-1.02532,0.24662,-0.25292,-0.98802,-0.26619,-0.75041,-0.66210,-0.07599,0.04127,-0.87387,-0.01023,-0.00417,-0.69292,-0.00202,-0.27436,-0.54238,-0.46912,-0.52456,-0.63648,-0.27810,0.07704,-0.83034,-0.20568,0.03118,-0.78642,-0.22519,-0.20808,-0.70579
FIST,-0.00000,0.00000,0.00000,0.30496,0.15642,-0.42433,0.58152,0.31837,-0.75796,0.59530,0.49626,-1.01162,0.45747,0.49459,-1.22749,0.55199,-0.83385,-0.75893,0.66519,0.10749,-1.09077,0.57934,0.18632,-1.27438,0.49554,-0.04343,-1.39081,0.16667,-0.85938,-0.67525,0.27594,0.24515,-0.94004,0.24710,0.12263,-0.96855,0.21550,-0.24690,-0.98590,-0.18105,-0.70076,-0.61332,-0.03120,0.32339,-0.79957,-0.01042,0.16996,-0.64429,-0.03242,-0.17563,-0.52370,-0.44829,-0.45949,-0.60327,-0.26331,0.29168,-0.77664,-0.22731,0.15764,-0.73706,-0.26718,-0.18055,-0.66831
FIST,-0.00000,0.00000,0.00000,0.26507,0.06712,-0.34077,0.53319,0.14646,-0.60821,0.55274,0.28338,-0.81224,0.31103,0.29144,-0.97937,0.44559,-0.89524,-0.55597,0.56641,-0.10636,-0.80503,0.47624,0.01925,-0.94131,0.38476,-0.18192,-1.03478,0.10560,-0.91529,-0.49296,0.22743,0.00245,-0.69856,0.19544,0.01583,-0.72808,0.16281,-0.25839,-0.75309,-0.20091,-0.77759,-0.45232,-0.06351,0.09182,-0.60267,-0.03802,0.05852,-0.50711,-0.05202,-0.21071,-0.43947,-0.44528,-0.56300,-0.45252,-0.29075,0.08685,-0.57729,-0.25796,0.05330,-0.55822,-0.28465,-0.19120,-0.52465
FIST,-0.00000,0.00000,0.00000,0.28263,0.08654,-0.38190,0.57224,0.15525,-0.67315,0.58082,0.31194,-0.89202,0.28096,0.30940,-1.06927,0.46452,-0.88556,-0.65297,0.57784,-0.12772,-0.93624,0.50647,0.07637,-1.06602,0.44731,-0.10926,-1.15417,0.11582,-0.92171,-0.57956,0.26075,-0.00682,-0.83122,0.23361,0.07246,-0.85035,0.21266,-0.21819,-0.85944,-0.19296,-0.78163,-0.53062,-0.02590,0.09644,-0.71480,0.00190,0.10421,-0.59704,-0.00999,-0.17942,-0.50880,-0.42825,-0.56736,-0.52499,-0.24883,0.10871,-0.68437,-0.21381,0.10535,-0.66565,-0.23738,-0.14202,-0.62613
FIST,-0.00000,0.00000,0.00000,0.26516,0.13861,-0.39004,0.50928,0.23872,-0.67870,0.44510,0.38300,-0.89333,0.18411,0.34565,-1.06583,0.54069,-0.84122,-0.62390,0.56478,-0.02316,-0.90370,0.45659,0.10707,-1.05248,0.38478,-0.10815,-1.15296,0.19987,-0.94420,-0.54348,0.22110,-0.00529,-0.77573,0.18269,0.01334,-0.80373,0.18076,-0.28117,-0.82282,-0.11422,-0.86928,-0.48958,-0.06617,0.01243,-0.66722,-0.05183,-0.00486,-0.55783,-0.04047,-0.28245,-0.47362,-0.36830,-0.70637,-0.48079,-0.28963,-0.04387,-0.63866,-0.27196,-0.06769,-0.62004,-0.28503,-0.32784,-0.57726
FIST,-0.00000,0.00000,0.00000,0.36815,0.21430,-0.29765,0.51447,0.29203,-0.52382,0.22621,0.33971,-0.68589,-0.12263,0.30002,-0.82334,0.64053,-0.76793,-0.48933,0.47824,0.09480,-0.66572,0.39142,0.20966,-0.79387,0.34670,0.04040,-0.90440,0.31836,-0.91217,-0.43746,0.19256,-0.06055,-0.56729,0.17841,-0.04038,-0.60855,0.17893,-0.26062,-0.66916,0.02002,-0.89551,-0.39617,-0.05943,-0.11702,-0.48574,-0.03143,-0.13280,-0.43988,0.00770,-0.38343,-0.43385,-0.23309,-0.79039,-0.39080,-0.25305,-0.17841,-0.48579,-0.20723,-0.13118,-0.47660,-0.16911,-0.32414,-0.46816
FIST,-0.00000,0.00000,0.00000,0.14950,0.24189,-0.38558,0.19222,0.30053,-0.62904,-0.06276,0.20898,-0.78952,-0.29020,0.01489,-0.89835,0.37204,-0.69001,-0.55472,-0.13205,-0.34338,-0.73967,-0.08882,-0.07964,-0.79445,0.04261,-0.11919,-0.84977,0.17054,-0.92260,-0.44882,-0.29848,-0.48915,-0.64555,-0.21867,-0.17489,-0.63789,-0.08665,-0.23292,-0.63897,-0.01965,-0.99981,-0.36717,-0.43865,-0.55692,-0.53054,-0.34477,-0.29675,-0.46774,-0.21557,-0.33508,-0.43296,-0.18712,-0.97062,-0.32370,-0.49141,-0.63108,-0.49149,-0.42460,-0.42196,-0.53172,-0.30656,-0.41278,-0.54945
FIST,-0.00000,0.00000,0.00000,-0.05275,0.16345,-0.39349,-0.19458,0.08014,-0.59983,-0.40220,-0.15903,-0.71204,-0.51409,-0.42999,-0.76798,0.15295,-0.64735,-0.57693,-0.35110,-0.49949,-0.74306,-0.30744,-0.27739,-0.75782,-0.15177,-0.29545,-0.77080,0.07390,-0.87865,-0.43871,-0.42405,-0.61488,-0.61816,-0.34337,-0.34214,-0.59095,-0.19458,-0.36546,-0.56886,-0.03670,-0.98277,-0.32072,-0.48370,-0.72578,-0.48103,-0.40246,-0.47180,-0.42388,-0.26345,-0.47301,-0.38273,-0.14158,-0.98993,-0.23381,-0.44948,-0.77748,-0.37136,-0.42136,-0.59430,-0.39347,-0.32923,-0.59137,-0.39760
FIST,-0.00000,0.00000,0.00000,-0.12923,0.13523,-0.35962,-0.32391,-0.00285,-0.54144,-0.52819,-0.29154,-0.62972,-0.61192,-0.56991,-0.66651,0.03898,-0.62068,-0.58855,-0.46322,-0.55733,-0.73084,-0.41729,-0.32795,-0.72190,-0.26327,-0.31210,-0.71726,0.03786,-0.85141,-0.45772,-0.49061,-0.66937,-0.61206,-0.41347,-0.40888,-0.57219,-0.26305,-0.39959,-0.54615,-0.01499,-0.96541,-0.33913,-0.50160,-0.79150,-0.47199,-0.42686,-0.54994,-0.41299,-0.28898,-0.53333,-0.37665,-0.08390,-0.99647,-0.24682,-0.42188,-0.87040,-0.36323,-0.39933,-0.69509,-0.37776,-0.30970,-0.68243,-0.38106
FIST,-0.00000,0.00000,0.00000,-0.15247,0.10138,-0.35816,-0.37000,-0.05849,-0.53932,-0.57286,-0.35757,-0.63348,-0.62753,-0.65046,-0.67638,0.02021,-0.63072,-0.54051,-0.50152,-0.55408,-0.69603,-0.44918,-0.34310,-0.71418,-0.29434,-0.35893,-0.72834,0.02226,-0.84632,-0.41395,-0.51991,-0.67499,-0.57836,-0.42227,-0.43054,-0.55553,-0.26301,-0.43558,-0.53903,-0.02130,-0.95750,-0.30394,-0.51054,-0.79266,-0.44060,-0.41804,-0.56711,-0.39179,-0.28115,-0.55664,-0.35989,-0.08168,-0.99666,-0.22217,-0.42156,-0.86021,-0.33252,-0.37809,-0.69471,-0.35027,-0.27853,-0.68072,-0.35658
FIST,-0.00000,0.00000,0.00000,-0.19324,0.09913,-0.35159,-0.44676,-0.05017,-0.53105,-0.65945,-0.36004,-0.61856,-0.72441,-0.64232,-0.65423,-0.09206,-0.62324,-0.57817,-0.60936,-0.54523,-0.71280,-0.55021,-0.32401,-0.69971,-0.40160,-0.30661,-0.69256,-0.06219,-0.83902,-0.44807,-0.61404,-0.66529,-0.59040,-0.51904,-0.41819,-0.54326,-0.35593,-0.40635,-0.51554,-0.07947,-0.95207,-0.32959,-0.59430,-0.79251,-0.44797,-0.50847,-0.56899,-0.38633,-0.36394,-0.53700,-0.35084,-0.11969,-0.99281,-0.23780,-0.49323,-0.86164,-0.33895,-0.47002,-0.69091,-0.34960,-0.37721,-0.65389,-0.35335
FIST,-0.00000,0.00000,0.00000,-0.20820,0.11742,-0.37355,-0.47238,-0.03961,-0.55245,-0.69357,-0.35390,-0.62855,-0.75402,-0.63855,-0.64996,-0.10678,-0.61645,-0.63164,-0.63522,-0.52710,-0.77113,-0.56671,-0.29238,-0.75508,-0.39968,-0.28040,-0.74704,-0.07890,-0.84124,-0.49077,-0.64335,-0.64209,-0.63708,-0.54035,-0.38609,-0.58763,-0.36751,-0.37670,-0.56101,-0.10298,-0.95462,-0.36057,-0.62932,-0.77024,-0.47938,-0.52947,-0.53047,-0.41492,-0.36930,-0.50316,-0.38135,-0.15725,-0.98756,-0.25851,-0.53349,-0.84372,-0.36461,-0.49202,-0.65807,-0.37762,-0.38342,-0.62591,-0.38482
FIST,-0.00000,0.00000,0.00000,-0.19423,0.14900,-0.37575,-0.44282,0.02283,-0.56242,-0.66682,-0.26910,-0.65037,-0.74969,-0.53025,-0.68547,-0.11540,-0.59894,-0.62408,-0.63979,-0.48582,-0.76052,-0.57523,-0.26146,-0.73861,-0.40992,-0.25484,-0.72523,-0.10069,-0.84234,-0.48575,-0.65997,-0.60298,-0.62363,-0.55433,-0.35476,-0.56571,-0.37481,-0.36163,-0.53175,-0.13480,-0.95536,-0.35981,-0.65209,-0.72900,-0.47416,-0.55015,-0.49440,-0.40266,-0.39021,-0.47723,-0.36363,-0.19364,-0.98107,-0.26257,-0.57383,-0.79249,-0.36415,-0.52648,-0.59828,-0.36834,-0.41443,-0.56546,-0.36885
FIST,-0.00000,0.00000,0.00000,-0.18761,0.14685,-0.37338,-0.44149,0.01533,-0.54977,-0.67966,-0.25829,-0.62479,-0.75618,-0.51546,-0.64651,-0.12626,-0.62952,-0.61344,-0.64916,-0.47610,-0.75413,-0.57113,-0.24156,-0.74335,-0.40339,-0.26254,-0.73845,-0.11908,-0.86106,-0.47154,-0.66915,-0.58941,-0.62136,-0.54882,-0.33686,-0.57728,-0.37318,-0.36517,-0.55009,-0.15311,-0.96414,-0.34105,-0.66284,-0.70173,-0.46286,-0.54391,-0.46533,-0.40194,-0.38323,-0.46702,-0.36787,-0.21161,-0.97735,-0.23817,-0.57215,-0.75078,-0.34570,-0.51292,-0.56329,-0.36009,-0.40355,-0.55296,-0.36628
FIST,-0.00000,0.00000,0.00000,-0.16502,0.11916,-0.35782,-0.41968,0.00363,-0.52793,-0.66249,-0.25726,-0.60040,-0.73395,-0.52493,-0.61954,-0.11196,-0.64730,-0.58289,-0.62714,-0.49115,-0.71411,-0.54478,-0.26315,-0.70272,-0.38470,-0.29161,-0.69816,-0.10911,-0.86505,-0.44846,-0.64791,-0.60475,-0.58925,-0.52745,-0.37455,-0.54550,-0.36344,-0.40667,-0.52033,-0.14219,-0.96204,-0.32544,-0.64617,-0.70942,-0.43919,-0.52550,-0.49365,-0.38013,-0.37282,-0.50353,-0.34819,-0.20216,-0.97935,-0.22922,-0.55598,-0.77350,-0.32826,-0.49189,-0.60489,-0.34168,-0.38280,-0.60710,-0.34856
FIST,-0.00000,0.00000,0.00000,-0.14115,0.15717,-0.39092,-0.36997,0.04490,-0.58276,-0.59257,-0.21762,-0.67405,-0.66899,-0.50001,-0.71033,-0.02871,-0.61963,-0.63202,-0.53783,-0.45538,-0.78667,-0.47349,-0.23928,-0.77876,-0.31347,-0.29208,-0.77469,-0.04517,-0.85484,-0.49023,-0.57710,-0.56834,-0.65450,-0.46118,-0.32947,-0.60750,-0.29212,-0.38078,-0.57537,-0.10283,-0.96159,-0.36331,-0.58170,-0.68818,-0.50016,-0.46741,-0.46233,-0.43471,-0.31487,-0.48083,-0.39467,-0.17346,-0.98484,-0.26642,-0.50470,-0.75637,-0.38396,-0.43985,-0.57904,-0.39968,-0.32697,-0.58284,-0.40517
FIST,-0.00000,0.00000,0.00000,-0.09629,0.16594,-0.37637,-0.27824,0.07601,-0.57131,-0.51124,-0.14919,-0.67646,-0.65208,-0.39956,-0.72828,-0.00143,-0.64533,-0.56475,-0.49907,-0.43814,-0.73118,-0.42599,-0.23259,-0.75016,-0.26735,-0.27834,-0.76702,-0.05426,-0.87543,-0.43614,-0.55463,-0.54696,-0.61156,-0.44165,-0.31393,-0.58774,-0.28366,-0.36123,-0.57055,-0.13752,-0.97251,-0.32638,-0.58473,-0.65884,-0.47576,-0.47310,-0.43840,-0.42221,-0.32895,-0.46478,-0.38761,-0.22439,-0.97450,-0.24666,-0.52639,-0.71258,-0.37361,-0.46921,-0.54326,-0.39455,-0.36847,-0.56170,-0.40127
FIST,-0.00000,0.00000,0.00000,-0.10570,0.17287,-0.39485,-0.28994,0.08298,-0.59837,-0.52077,-0.14189,-0.70705,-0.65375,-0.40634,-0.76197,-0.01120,-0.65997,-0.59811,-0.50557,-0.43700,-0.77003,-0.42608,-0.23115,-0.79067,-0.26601,-0.28231,-0.80851,-0.06161,-0.89012,-0.46126,-0.56346,-0.54517,-0.64179,-0.44604,-0.30789,-0.61933,-0.29109,-0.35887,-0.60379,-0.14078,-0.98099,-0.34309,-0.58795,-0.65915,-0.49657,-0.47402,-0.43706,-0.44369,-0.33440,-0.46993,-0.41042,-0.22150,-0.97516,-0.25573,-0.52328,-0.71044,-0.38680,-0.46545,-0.54120,-0.40881,-0.36776,-0.56541,-0.41660
FIST,-0.00000,0.00000,0.00000,-0.14117,0.15749,-0.37698,-0.35788,0.05395,-0.56110,-0.58906,-0.18229,-0.65397,-0.70035,-0.44038,-0.69255,-0.08166,-0.67066,-0.54966,-0.56045,-0.44407,-0.71704,-0.47448,-0.23542,-0.73987,-0.32381,-0.30056,-0.75765,-0.10951,-0.89018,-0.41893,-0.60344,-0.53814,-0.59542,-0.47865,-0.29791,-0.57488,-0.32792,-0.36571,-0.55706,-0.16369,-0.97623,-0.30828,-0.60759,-0.64927,-0.45663,-0.49106,-0.43078,-0.40860,-0.35355,-0.47996,-0.37574,-0.22629,-0.97406,-0.22752,-0.53000,-0.71105,-0.34876,-0.47033,-0.54710,-0.37000,-0.37313,-0.57729,-0.37664
FIST,-0.00000,0.00000,0.00000,-0.10322,0.17210,-0.42673,-0.32426,0.09039,-0.63414,-0.58159,-0.14147,-0.73601,-0.70023,-0.41943,-0.77817,-0.05030,-0.67418,-0.63934,-0.54161,-0.42033,-0.81257,-0.46050,-0.21207,-0.80750,-0.30691,-0.28978,-0.80225,-0.10111,-0.89147,-0.48527,-0.60459,-0.51319,-0.67514,-0.46681,-0.25631,-0.62654,-0.30855,-0.35204,-0.58419,-0.18188,-0.97484,-0.35335,-0.63012,-0.61515,-0.51734,-0.49555,-0.38330,-0.44684,-0.35086,-0.44807,-0.39662,-0.26407,-0.96450,-0.25453,-0.56793,-0.66346,-0.39525,-0.49171,-0.48402,-0.41670,-0.38711,-0.52328,-0.42034
FIST,-0.00000,0.00000,0.00000,-0.02836,0.16475,-0.41033,-0.16375,0.09577,-0.63049,-0.40902,-0.10830,-0.75544,-0.58356,-0.36522,-0.82226,0.06736,-0.69610,-0.60319,-0.42354,-0.42336,-0.78661,-0.34265,-0.20794,-0.81534,-0.18890,-0.28383,-0.84302,-0.03290,-0.91171,-0.46681,-0.50806,-0.52383,-0.66861,-0.37706,-0.26727,-0.65312,-0.21839,-0.33882,-0.64030,-0.14907,-0.98883,-0.35180,-0.56646,-0.62340,-0.52574,-0.44032,-0.37947,-0.46989,-0.29415,-0.42450,-0.43273,-0.25191,-0.96402,-0.27049,-0.52834,-0.65448,-0.42090,-0.46852,-0.46944,-0.44970,-0.36752,-0.49986,-0.46058
FIST,-0.00000,0.00000,0.00000,0.05994,0.12383,-0.33120,-0.01995,0.01357,-0.49762,-0.26475,-0.16245,-0.58502,-0.45749,-0.36855,-0.61954,0.16683,-0.74741,-0.44449,-0.25298,-0.42892,-0.60470,-0.18016,-0.19876,-0.65238,-0.04957,-0.24900,-0.69552,0.04251,-0.93860,-0.33629,-0.36584,-0.53192,-0.50306,-0.25606,-0.28406,-0.50174,-0.12007,-0.33136,-0.50207,-0.08886,-0.99604,-0.25087,-0.44655,-0.61047,-0.39967,-0.34874,-0.37455,-0.36328,-0.21835,-0.40480,-0.33815,-0.20382,-0.95205,-0.19449,-0.45162,-0.63805,-0.32889,-0.40774,-0.47109,-0.36372,-0.31101,-0.49551,-0.37811
FIST,-0.00000,0.00000,0.00000,0.17847,0.13338,-0.35024,0.19964,0.09546,-0.53816,-0.07767,0.00182,-0.64060,-0.29376,-0.16063,-0.68450,0.26621,-0.81485,-0.48109,-0.10824,-0.35423,-0.64616,-0.03196,-0.17308,-0.69487,0.05994,-0.26527,-0.74537,0.06421,-0.97834,-0.38152,-0.28408,-0.40943,-0.54212,-0.16899,-0.20355,-0.52948,-0.07509,-0.34577,-0.53214,-0.11628,-0.99322,-0.30878,-0.42209,-0.44636,-0.44809,-0.30578,-0.29009,-0.39230,-0.20351,-0.42406,-0.36657,-0.26975,-0.89951,-0.27383,-0.47154,-0.47579,-0.43556,-0.38827,-0.33522,-0.48126,-0.28903,-0.37697,-0.50447
FIST,-0.00000,0.00000,0.00000,0.35955,0.03294,-0.27353,0.51175,0.00929,-0.45189,0.35334,0.08748,-0.56774,0.10850,0.11477,-0.65545,0.33096,-0.94364,-0.44392,0.22358,-0.21589,-0.59830,0.32619,-0.01173,-0.67192,0.37865,-0.11987,-0.74001,0.03542,-0.94306,-0.38445,-0.02156,-0.15085,-0.54364,0.11853,0.03279,-0.55470,0.16435,-0.08855,-0.56865,-0.19193,-0.79982,-0.33633,-0.22329,-0.07011,-0.46768,-0.08731,0.04282,-0.41938,-0.03182,-0.12644,-0.39139,-0.35291,-0.60639,-0.31701,-0.36013,0.00463,-0.45400,-0.25369,0.13533,-0.47194,-0.20333,0.02226,-0.46983
FIST,-0.00000,0.00000,0.00000,0.33171,-0.14196,-0.24446,0.56796,-0.06915,-0.48802,0.64111,0.33332,-0.69469,0.68419,0.70190,-0.89126,0.32288,-0.94644,-0.57424,0.54003,-0.15285,-0.90973,0.59638,0.19875,-1.12814,0.64006,0.23618,-1.25166,-0.04177,-0.74884,-0.57674,0.26235,0.32908,-0.83027,0.39970,0.56713,-0.85968,0.46687,0.46902,-0.86644,-0.31003,-0.38878,-0.59315,0.02469,0.57701,-0.74155,0.19602,0.64858,-0.61145,0.26844,0.46405,-0.50778,-0.46779,-0.01109,-0.64580,-0.16118,0.69176,-0.77039,0.07450,0.77527,-0.69536,0.18343,0.67736,-0.60129
FIST,-0.00000,0.00000,0.00000,0.30468,-0.15554,-0.16651,0.53471,-0.12735,-0.35149,0.68899,0.17829,-0.53060,0.79712,0.48991,-0.72119,0.27816,-0.65437,-0.36703,0.59311,0.00092,-0.64245,0.73077,0.37208,-0.84461,0.84207,0.53937,-0.94864,0.00800,-0.43216,-0.40134,0.35595,0.26995,-0.59361,0.55800,0.54669,-0.67198,0.71065,0.66460,-0.71803,-0.20578,-0.13136,-0.44791,0.14314,0.49970,-0.59024,0.34616,0.67336,-0.56937,0.47315,0.70040,-0.53701,-0.33602,0.17772,-0.51527,-0.05116,0.62254,-0.59431,0.16848,0.73285,-0.54210,0.31283,0.76025,-0.48368
FIST,-0.00000,0.00000,0.00000,0.23914,-0.10026,-0.12906,0.46039,0.01418,-0.28673,0.59278,0.40408,-0.42141,0.63519,0.77235,-0.56866,0.17524,-0.15227,-0.41671,0.52245,0.36088,-0.53707,0.57167,0.38724,-0.59920,0.54272,0.31653,-0.63624,0.01278,0.05481,-0.42682,0.39745,0.65428,-0.49667,0.40160,0.57106,-0.48586,0.35705,0.44165,-0.49802,-0.10358,0.28889,-0.42658,0.27784,0.83273,-0.45559,0.27471,0.69365,-0.37017,0.22372,0.52411,-0.32319,-0.16550,0.51875,-0.44401,0.13570,0.90302,-0.46566,0.14270,0.78597,-0.39393,0.08289,0.62319,-0.34036
FIST,-0.00000,0.00000,0.00000,0.25898,-0.39512,-0.14161,0.64298,-0.40569,-0.24051,0.91600,-0.12564,-0.28764,0.98373,0.17967,-0.32020,0.43234,-0.28576,-0.45348,0.87289,0.09330,-0.57697,0.91344,0.04076,-0.57880,0.84750,-0.06412,-0.54884,0.32046,0.06085,-0.39994,0.81720,0.39544,-0.51199,0.83102,0.27451,-0.48215,0.70372,0.15711,-0.44388,0.26232,0.34541,-0.33411,0.71296,0.56653,-0.39372,0.72334,0.41383,-0.32911,0.61820,0.30599,-0.27807,0.25016,0.55793,-0.27279,0.60210,0.64743,-0.30295,0.60292,0.52530,-0.26510,0.50717,0.44917,-0.23544
FIST,-0.00000,0.00000,0.00000,0.22626,-0.34929,-0.01920,0.53322,-0.46526,-0.05536,0.79580,-0.38767,-0.08084,0.96043,-0.25202,-0.10133,0.55321,-0.24017,-0.20923,0.97605,-0.16069,-0.30432,0.97701,-0.21318,-0.32748,0.87491,-0.27046,-0.31471,0.52070,0.08244,-0.21375,0.93141,0.17028,-0.27525,0.95334,0.10040,-0.26059,0.88258,0.04347,-0.24230,0.47581,0.35064,-0.20844,0.83021,0.40452,-0.23435,0.84454,0.31199,-0.18317,0.77950,0.23771,-0.14583,0.42269,0.53435,-0.20079,0.70359,0.54978,-0.19455,0.73328,0.46521,-0.13714,0.69246,0.40488,-0.09124
FIST,-0.00000,0.00000,0.00000,0.15604,-0.39881,0.02499,0.41520,-0.56469,0.02689,0.65874,-0.53447,0.02895,0.80106,-0.44466,0.03637,0.55879,-0.49850,-0.06662,0.87049,-0.49219,-0.09270,0.78848,-0.48596,-0.09441,0.67694,-0.47477,-0.08486,0.58898,-0.22244,-0.08270,0.87694,-0.25972,-0.07164,0.80469,-0.28766,-0.05088,0.69959,-0.27231,-0.04045,0.58462,0.02803,-0.08938,0.82363,-0.03122,-0.05553,0.76095,-0.08793,-0.01147,0.66762,-0.08553,0.00486,0.55939,0.23346,-0.09297,0.74209,0.13630,-0.05427,0.69504,0.07766,-0.00072,0.62356,0.08103,0.03425
FIST,-0.00000,0.00000,0.00000,0.07829,-0.41576,0.06725,0.27201,-0.59015,0.09273,0.46634,-0.63591,0.10799,0.58333,-0.57461,0.12447,0.47951,-0.63567,0.01149,0.69299,-0.72095,0.03433,0.64103,-0.69914,0.05557,0.57040,-0.65054,0.07129,0.56100,-0.43038,-0.01603,0.73197,-0.54798,0.04141,0.66642,-0.54090,0.07280,0.59203,-0.49040,0.08049,0.59193,-0.21771,-0.03062,0.72261,-0.34727,0.03956,0.65819,-0.35058,0.08167,0.58498,-0.29926,0.08694,0.59039,-0.02290,-0.04003,0.68644,-0.16668,0.02365,0.62261,-0.17792,0.07988,0.55680,-0.13151,0.11174
FIST,-0.00000,0.00000,0.00000,0.02430,-0.41294,0.07744,0.18184,-0.62550,0.11264,0.35044,-0.72191,0.13196,0.46187,-0.68676,0.15008,0.39737,-0.72388,0.06366,0.56492,-0.82514,0.08904,0.50631,-0.76920,0.09639,0.43526,-0.69880,0.10163,0.50048,-0.54715,0.03323,0.62318,-0.63973,0.09736,0.55911,-0.59882,0.11668,0.49004,-0.54397,0.11516,0.55554,-0.34128,0.01295,0.64692,-0.44000,0.08430,0.58311,-0.41282,0.11330,0.51376,-0.35532,0.11073,0.57691,-0.14093,-0.00179,0.63577,-0.24898,0.06398,0.57082,-0.23460,0.11488,0.50599,-0.18570,0.14364
FIST,-0.00000,0.00000,0.00000,-0.01222,-0.42014,0.11940,0.11868,-0.64841,0.18282,0.27106,-0.75165,0.22641,0.36563,-0.69982,0.26707,0.34039,-0.76642,0.12121,0.46272,-0.88650,0.19375,0.40123,-0.83023,0.23164,0.33500,-0.74583,0.25479,0.46319,-0.61720,0.09040,0.51042,-0.70477,0.20819,0.43879,-0.64766,0.24328,0.38259,-0.58469,0.24295,0.53019,-0.42828,0.07527,0.54538,-0.51045,0.19902,0.47839,-0.46887,0.22692,0.41928,-0.40111,0.21122,0.56188,-0.23784,0.06871,0.57013,-0.31720,0.18008,0.50243,-0.29475,0.23483,0.44175,-0.23794,0.25786
FIST,-0.00000,0.00000,0.00000,-0.06938,-0.43409,0.05151,0.04473,-0.71361,0.07444,0.22323,-0.83889,0.08840,0.34766,-0.82806,0.09991,0.28498,-0.90133,0.03201,0.33257,-0.94308,0.05412,0.26786,-0.84107,0.04822,0.21564,-0.75130,0.03699,0.42829,-0.75578,0.01153,0.42440,-0.77167,0.07615,0.35744,-0.68204,0.08748,0.30229,-0.59271,0.07355,0.51828,-0.56572,0.00121,0.49904,-0.58158,0.06697,0.43423,-0.51750,0.08458,0.37034,-0.42931,0.07136,0.57424,-0.36981,-0.00627,0.55758,-0.39131,0.04381,0.48919,-0.34219,0.07770,0.43530,-0.26484,0.09596
FIST,-0.00000,0.00000,0.00000,-0.06033,-0.37503,0.16953,0.02695,-0.63234,0.25414,0.16333,-0.79221,0.31374,0.27909,-0.79431,0.36771,0.12911,-0.85770,0.15140,0.30746,-0.95156,0.25240,0.28946,-0.83379,0.30961,0.23334,-0.76016,0.33921,0.28429,-0.74748,0.10189,0.42879,-0.82772,0.22741,0.39778,-0.71111,0.27233,0.33379,-0.62496,0.28281,0.40664,-0.57481,0.07593,0.50552,-0.63816,0.21618,0.46118,-0.55505,0.25677,0.39848,-0.48317,0.24795,0.49060,-0.37715,0.06398,0.53828,-0.43476,0.19561,0.48440,-0.37339,0.26302,0.42725,-0.31030,0.29294
FIST,-0.00000,0.00000,0.00000,-0.03070,-0.35723,0.16795,0.03493,-0.63560,0.20744,0.17160,-0.78861,0.22443,0.29882,-0.78994,0.23235,0.01426,-0.87553,-0.00854,0.31263,-0.94987,0.05268,0.32936,-0.80823,0.12398,0.28547,-0.73360,0.16355,0.12653,-0.78731,-0.08753,0.42063,-0.84790,-0.01926,0.41951,-0.69869,0.05144,0.34804,-0.61947,0.07874,0.24580,-0.64450,-0.13627,0.49452,-0.67429,-0.03442,0.46754,-0.55255,0.04866,0.39189,-0.50131,0.06305,0.36492,-0.47023,-0.17083,0.53982,-0.49418,-0.08893,0.49668,-0.39118,-0.01825,0.42633,-0.34668,0.01318
FIST,-0.00000,0.00000,0.00000,0.10544,-0.34381,0.19691,0.20210,-0.59439,0.17927,0.35221,-0.73676,0.11062,0.46608,-0.81273,0.03686,-0.03018,-0.85917,0.01996,0.32431,-0.94595,-0.01458,0.32455,-0.77225,-0.00865,0.25636,-0.71880,-0.01056,-0.00485,-0.77426,-0.13865,0.39398,-0.84222,-0.15551,0.35644,-0.66214,-0.11054,0.26131,-0.62387,-0.09967,0.05616,-0.65299,-0.27938,0.42505,-0.70656,-0.25106,0.37841,-0.52613,-0.16462,0.27930,-0.49571,-0.14810,0.14269,-0.52571,-0.40990,0.41577,-0.51702,-0.39547,0.38413,-0.38725,-0.35008,0.29525,-0.36282,-0.33785
FIST,-0.00000,0.00000,0.00000,0.25577,-0.26082,0.09111,0.40940,-0.45961,0.03781,0.48171,-0.63173,-0.06526,0.43397,-0.78779,-0.15252,0.04705,-0.88587,0.09058,0.33021,-0.94391,0.00188,0.35395,-0.72458,-0.02095,0.29434,-0.66916,-0.03384,-0.03367,-0.85647,-0.04444,0.31231,-0.86693,-0.13386,0.30549,-0.58177,-0.09619,0.18944,-0.58067,-0.05646,-0.08045,-0.78807,-0.19299,0.26419,-0.76414,-0.25716,0.25132,-0.49706,-0.15441,0.14661,-0.48573,-0.08870,-0.08824,-0.68513,-0.34555,0.17629,-0.61959,-0.38484,0.16885,-0.45028,-0.33398,0.07884,-0.43952,-0.29394
FIST,-0.00000,0.00000,0.00000,0.33117,-0.14136,0.01066,0.53633,-0.35081,0.01803,0.59607,-0.63523,-0.00585,0.50892,-0.81978,-0.01360,0.35079,-0.71564,0.20158,0.47996,-0.87729,0.09142,0.45965,-0.63762,0.01045,0.38639,-0.50671,-0.02308,0.22681,-0.74843,0.15815,0.37792,-0.91990,0.02865,0.34655,-0.62385,-0.02703,0.25888,-0.51004,-0.02011,0.08955,-0.77493,0.08800,0.25215,-0.92380,-0.03320,0.23272,-0.62800,-0.01627,0.14754,-0.51414,0.04186,-0.07198,-0.77015,0.01488,0.11242,-0.84693,-0.03985,0.12277,-0.63039,-0.00872,0.04756,-0.53583,0.04218
FIST,-0.00000,0.00000,0.00000,0.34952,-0.06369,-0.02656,0.59318,-0.25844,-0.02424,0.65202,-0.58883,-0.04479,0.54361,-0.81028,-0.04425,0.53461,-0.53901,0.18332,0.66142,-0.73602,0.07442,0.58039,-0.53874,0.00178,0.50830,-0.43676,-0.02314,0.38634,-0.64528,0.15860,0.50416,-0.86361,0.04882,0.40274,-0.58352,0.01071,0.34225,-0.47679,0.02800,0.22935,-0.71693,0.10291,0.34063,-0.93501,-0.00565,0.26781,-0.64002,0.03393,0.20141,-0.50993,0.10635,0.03253,-0.76024,0.04048,0.16130,-0.90933,0.00774,0.13790,-0.69445,0.06456,0.08935,-0.59127,0.12959
FIST,-0.00000,0.00000,0.00000,0.33653,-0.03530,-0.04846,0.57959,-0.25230,-0.05301,0.63445,-0.58418,-0.07612,0.51492,-0.78594,-0.07557,0.55279,-0.51022,0.15231,0.67363,-0.71165,0.04024,0.56944,-0.52094,-0.03217,0.51212,-0.43094,-0.05927,0.40851,-0.63364,0.13344,0.51785,-0.84810,0.02300,0.40550,-0.58965,-0.01356,0.37547,-0.50528,0.00032,0.25289,-0.71851,0.08218,0.34935,-0.93699,-0.02934,0.26785,-0.66428,0.00439,0.23055,-0.55023,0.06913,0.07426,-0.77850,0.02197,0.17179,-0.93140,-0.01440,0.13660,-0.72596,0.03822,0.10654,-0.61353,0.09810
FIST,-0.00000,0.00000,0.00000,0.32489,-0.03629,-0.05578,0.56887,-0.24382,-0.06773,0.62510,-0.56145,-0.09664,0.49892,-0.73434,-0.10385,0.54904,-0.47874,0.11624,0.67991,-0.69228,0.01045,0.56971,-0.52684,-0.06171,0.51157,-0.42658,-0.09132,0.41281,-0.60902,0.10098,0.52738,-0.82311,-0.00180,0.40962,-0.59912,-0.04345,0.37313,-0.49536,-0.03857,0.26206,-0.69826,0.05704,0.36449,-0.93121,-0.04696,0.28112,-0.68501,-0.02654,0.24078,-0.53380,0.02563,0.09600,-0.75334,0.00407,0.18550,-0.93296,-0.03798,0.15966,-0.75463,-0.00071,0.13538,-0.61612,0.04722
FIST,-0.00000,0.00000,0.00000,0.32945,-0.04498,-0.06073,0.56044,-0.25685,-0.06933,0.60751,-0.57649,-0.09471,0.48665,-0.74491,-0.09828,0.54359,-0.46395,0.14182,0.66720,-0.68343,0.03624,0.56439,-0.53693,-0.04582,0.50477,-0.43632,-0.08232,0.40982,-0.59784,0.13121,0.51725,-0.81932,0.02188,0.40438,-0.61114,-0.03876,0.36745,-0.49329,-0.04483,0.26413,-0.69462,0.09040,0.35749,-0.93392,-0.01923,0.27865,-0.69553,-0.01517,0.24213,-0.52831,0.02857,0.10559,-0.75947,0.04006,0.17662,-0.93688,-0.00758,0.15265,-0.76046,0.01944,0.13414,-0.61440,0.06184
FIST,-0.00000,0.00000,0.00000,0.30375,-0.06718,-0.07048,0.52599,-0.28414,-0.09766,0.57330,-0.60187,-0.13891,0.42764,-0.76423,-0.15960,0.51424,-0.52408,0.09370,0.62456,-0.75726,-0.01895,0.53531,-0.60049,-0.10382,0.47923,-0.47354,-0.14143,0.37968,-0.63518,0.08278,0.47174,-0.86495,-0.02728,0.37972,-0.65748,-0.08144,0.34513,-0.52217,-0.08517,0.23423,-0.70579,0.04323,0.31288,-0.94979,-0.06201,0.25149,-0.72287,-0.05435,0.21980,-0.54854,-0.01074,0.07745,-0.73936,-0.00680,0.14600,-0.93420,-0.05075,0.13035,-0.77764,-0.02189,0.11370,-0.63254,0.01984
FIST,-0.00000,0.00000,0.00000,0.29914,-0.10783,-0.15667,0.50149,-0.38718,-0.21896,0.48405,-0.70760,-0.27374,0.30914,-0.82947,-0.30383,0.40797,-0.67050,0.00625,0.48489,-0.85569,-0.14699,0.40723,-0.63825,-0.24804,0.35732,-0.50996,-0.28884,0.26948,-0.75306,0.03771,0.33574,-0.94196,-0.11949,0.27430,-0.70447,-0.18634,0.25163,-0.57405,-0.18455,0.13568,-0.79755,0.03285,0.18481,-0.92640,-0.10221,0.15156,-0.71074,-0.10863,0.14396,-0.59170,-0.06476,0.00407,-0.81618,0.01130,0.05339,-0.87905,-0.03354,0.04886,-0.72981,-0.01236,0.04627,-0.64723,0.02735
FIST,-0.00000,0.00000,0.00000,0.26534,-0.06664,-0.08693,0.42762,-0.25607,-0.14380,0.37857,-0.49309,-0.19495,0.23895,-0.60807,-0.23671,0.31014,-0.59812,-0.12048,0.37889,-0.88486,-0.21380,0.39813,-0.88288,-0.25995,0.36836,-0.75431,-0.27187,0.14721,-0.68149,-0.11791,0.19254,-0.98129,-0.20999,0.22044,-0.93418,-0.23494,0.20557,-0.77049,-0.22736,-0.00193,-0.70333,-0.12633,0.02627,-0.95579,-0.19853,0.06139,-0.92499,-0.19651,0.05720,-0.79166,-0.17333,-0.13675,-0.68044,-0.14387,-0.12330,-0.89329,-0.19966,-0.07954,-0.88887,-0.19787,-0.06609,-0.79938,-0.17692
FIST,-0.00000,0.00000,0.00000,0.25984,0.05671,-0.30685,0.45048,-0.04303,-0.53862,0.45250,-0.17723,-0.70882,0.35399,-0.35131,-0.85249,0.36318,-0.52518,-0.66171,0.42152,-0.83845,-0.94811,0.40289,-0.68914,-1.04491,0.37902,-0.46198,-1.06303,0.10908,-0.60688,-0.59555,0.14622,-0.98925,-0.90410,0.15303,-0.74795,-0.93684,0.14241,-0.53962,-0.90515,-0.10576,-0.64507,-0.54069,-0.07045,-0.97036,-0.77956,-0.02186,-0.78322,-0.73277,0.00348,-0.62979,-0.65623,-0.26503,-0.64569,-0.50384,-0.24709,-0.90757,-0.67256,-0.18515,-0.82274,-0.66174,-0.14486,-0.72800,-0.62038
FIST,-0.00000,0.00000,0.00000,0.24203,0.04706,-0.23743,0.46687,0.03134,-0.40887,0.48644,0.00122,-0.54115,0.37416,-0.06091,-0.64353,0.46519,-0.87798,-0.35301,0.41669,-0.36692,-0.56075,0.41273,-0.05267,-0.67120,0.44310,-0.01190,-0.74071,0.18585,-0.98258,-0.33131,0.14495,-0.28044,-0.53058,0.17711,0.03349,-0.57280,0.21125,0.03027,-0.58821,-0.07123,-0.94246,-0.32963,-0.08244,-0.24969,-0.49756,-0.00388,-0.01765,-0.44915,0.06975,-0.05468,-0.40113,-0.29430,-0.82604,-0.35474,-0.26931,-0.29764,-0.48622,-0.17482,-0.08964,-0.46784,-0.09145,-0.09949,-0.42674
FIST,-0.00000,0.00000,0.00000,0.35868,0.01484,-0.23303,0.65722,0.11408,-0.45536,0.72285,0.40857,-0.64042,0.56188,0.68208,-0.81092,0.62797,-0.77824,-0.49895,0.77677,0.08339,-0.68836,0.71611,0.24096,-0.77839,0.67325,0.11992,-0.83866,0.28515,-0.76440,-0.49237,0.46783,0.25953,-0.64307,0.44523,0.29362,-0.64812,0.43150,0.09331,-0.65704,-0.02984,-0.59041,-0.49168,0.19322,0.31493,-0.60341,0.20792,0.27968,-0.51511,0.18716,0.06932,-0.44837,-0.27142,-0.34570,-0.51935,-0.06458,0.29130,-0.61025,-0.00404,0.30679,-0.55988,-0.01269,0.17756,-0.49962
FIST,-0.00000,0.00000,0.00000,0.35365,-0.00017,-0.15445,0.64852,0.11871,-0.32056,0.81565,0.38366,-0.45799,0.79091,0.61193,-0.57864,0.67831,-0.48600,-0.37672,0.90997,0.28052,-0.54185,0.83226,0.25254,-0.61841,0.76751,0.04366,-0.66257,0.43911,-0.43083,-0.39131,0.66246,0.46161,-0.51790,0.59177,0.31743,-0.52525,0.56606,0.06210,-0.54065,0.18577,-0.27049,-0.41096,0.41496,0.55241,-0.48957,0.37982,0.37598,-0.41863,0.35827,0.12662,-0.37483,-0.04132,-0.04957,-0.45110,0.19330,0.53617,-0.51106,0.20153,0.39730,-0.47490,0.18725,0.16799,-0.44159
FIST,-0.00000,0.00000,0.00000,0.29079,-0.10499,-0.05763,0.57445,0.11729,-0.15732,0.67566,0.51265,-0.24302,0.61759,0.78650,-0.33011,0.55778,-0.07417,-0.31990,0.78301,0.47998,-0.41382,0.67203,0.48682,-0.41452,0.58252,0.35248,-0.40722,0.37586,0.04510,-0.34246,0.61210,0.61704,-0.44179,0.53555,0.55662,-0.41241,0.47076,0.41239,-0.39697,0.20600,0.22496,-0.35262,0.44392,0.72278,-0.43258,0.39352,0.62806,-0.36914,0.33796,0.46755,-0.32700,0.06800,0.42440,-0.36018,0.29555,0.77247,-0.42245,0.25994,0.67229,-0.37606,0.18241,0.52025,-0.33889
FIST,-0.00000,0.00000,0.00000,0.24532,-0.24052,0.01011,0.54274,-0.20206,-0.00388,0.74686,-0.01707,-0.02526,0.83375,0.20553,-0.04772,0.72054,-0.20822,-0.06251,0.99931,0.03267,-0.13438,0.98063,0.19589,-0.17235,0.88644,0.24527,-0.18541,0.66696,0.00553,-0.09551,0.93515,0.25680,-0.14096,0.89231,0.36279,-0.15664,0.78629,0.37130,-0.16454,0.56959,0.22718,-0.12601,0.80259,0.46472,-0.15477,0.75361,0.50595,-0.13293,0.65395,0.47321,-0.11806,0.45312,0.43629,-0.15325,0.62397,0.62622,-0.16894,0.58958,0.62421,-0.13408,0.51541,0.56366,-0.10283
FIST,-0.00000,0.00000,0.00000,0.31020,-0.14621,0.00280,0.43895,-0.44606,0.02545,0.44760,-0.71870,0.03154,0.39334,-0.91939,0.04852,0.06506,-0.77615,0.14695,0.27593,-0.85113,0.08324,0.29211,-0.68791,0.03162,0.22722,-0.60748,0.00218,-0.07151,-0.80077,0.11129,0.19617,-0.85981,0.03043,0.20711,-0.60774,-0.00111,0.10653,-0.51696,0.00505,-0.17983,-0.76983,0.05598,0.09367,-0.79140,-0.03301,0.10803,-0.53691,-0.01292,0.00729,-0.47804,0.02600,-0.26382,-0.69394,-0.00192,0.00261,-0.67477,-0.07679,0.01846,-0.47114,-0.06610,-0.07818,-0.42515,-0.03519
FIST,-0.00000,0.00000,0.00000,0.25965,-0.06680,-0.05743,0.45147,-0.33848,-0.07718,0.43485,-0.66307,-0.10770,0.29268,-0.84339,-0.13016,0.36596,-0.60000,0.05194,0.43865,-0.89866,-0.05060,0.42931,-0.85709,-0.13354,0.40006,-0.71621,-0.17199,0.19049,-0.67471,0.03762,0.25166,-0.95530,-0.07877,0.23826,-0.75142,-0.13836,0.22736,-0.52115,-0.14168,0.01794,-0.69936,0.00428,0.06170,-0.95565,-0.11022,0.06987,-0.71186,-0.09909,0.07055,-0.47357,-0.05137,-0.17461,-0.68205,-0.03580,-0.12972,-0.86084,-0.10460,-0.10357,-0.68568,-0.07680,-0.09270,-0.51854,-0.03176
FIST,0.00000,0.00000,0.00000,-0.26155,-0.06649,0.00274,-0.36888,-0.26914,0.00827,-0.34813,-0.49437,0.02269,-0.29517,-0.62272,0.04916,-0.24717,-0.58396,-0.06761,-0.33909,-0.85533,-0.03721,-0.38426,-0.85748,0.02470,-0.38490,-0.76260,0.07549,-0.07789,-0.66847,-0.06194,-0.16065,-0.93469,-0.02365,-0.21858,-0.97582,0.03221,-0.24347,-0.92528,0.07030,0.06344,-0.68085,-0.04734,0.00089,-0.90812,-0.01110,-0.06487,-0.96103,0.04184,-0.09990,-0.92868,0.07462,0.17388,-0.64626,-0.03148,0.13742,-0.84397,-0.00175,0.07752,-0.87764,0.04495,0.04233,-0.83528,0.08388
FIST,0.00000,0.00000,0.00000,-0.21362,-0.03783,-0.13337,-0.34652,-0.22805,-0.22265,-0.36504,-0.48206,-0.27435,-0.36885,-0.70089,-0.31465,-0.16449,-0.20382,-0.35882,-0.21622,-0.57914,-0.47223,-0.26358,-0.78479,-0.49675,-0.30097,-0.89244,-0.49347,0.01157,-0.28402,-0.31985,-0.04050,-0.69076,-0.42150,-0.10860,-0.89753,-0.41055,-0.17005,-0.98543,-0.39100,0.14022,-0.36827,-0.27964,0.08975,-0.72531,-0.36019,0.00504,-0.90179,-0.33782,-0.07397,-0.97634,-0.30637,0.22109,-0.44049,-0.24628,0.19115,-0.74202,-0.30765,0.11824,-0.87971,-0.30548,0.04060,-0.93314,-0.28975
FIST,-0.00000,0.00000,0.00000,0.27497,0.01417,-0.20610,0.44607,-0.02424,-0.37065,0.35737,0.05039,-0.50558,0.20646,0.16128,-0.62853,0.38230,-0.92404,-0.32263,0.29688,-0.26309,-0.50944,0.30340,-0.00304,-0.64991,0.34417,-0.02683,-0.75077,0.08256,-0.97341,-0.31882,0.03908,-0.17770,-0.47299,0.10508,0.05802,-0.52581,0.16734,0.03139,-0.56417,-0.17008,-0.87726,-0.32934,-0.13572,-0.12192,-0.44513,-0.04187,0.04247,-0.40714,0.03559,-0.02732,-0.37887,-0.36650,-0.70728,-0.36751,-0.28765,-0.13459,-0.45026,-0.15095,0.04739,-0.41760,-0.04708,0.03962,-0.37775
FIST,-0.00000,0.00000,0.00000,0.30070,-0.07487,-0.14114,0.56665,-0.09493,-0.27335,0.73007,-0.01653,-0.39390,0.84309,0.13474,-0.52255,0.62969,-0.71931,-0.31346,0.82678,-0.25679,-0.50644,0.88842,0.12166,-0.61560,0.94506,0.32688,-0.66755,0.37002,-0.71830,-0.34720,0.58344,-0.11811,-0.51198,0.71703,0.31529,-0.56757,0.83759,0.51070,-0.59162,0.12861,-0.58935,-0.38488,0.35086,0.02628,-0.54503,0.46690,0.38248,-0.52763,0.54437,0.49126,-0.49510,-0.06684,-0.38783,-0.43252,0.13304,0.08931,-0.53507,0.27693,0.36764,-0.47493,0.36769,0.48255,-0.40714
FIST,-0.00000,0.00000,0.00000,-0.07215,-0.30738,0.00813,-0.02716,-0.64112,-0.04004,0.14922,-0.87849,-0.09233,0.29637,-0.93692,-0.14524,-0.14362,-0.71916,-0.11306,0.14045,-0.99009,-0.17272,0.21577,-0.90412,-0.18036,0.19924,-0.82427,-0.18224,-0.04255,-0.60926,-0.16009,0.27411,-0.88948,-0.21549,0.28176,-0.75787,-0.19493,0.21291,-0.66927,-0.18386,0.07746,-0.48575,-0.20217,0.36520,-0.74910,-0.24982,0.34651,-0.62147,-0.20335,0.26291,-0.54236,-0.17537,0.21043,-0.35565,-0.24150,0.42079,-0.56822,-0.28054,0.39374,-0.48109,-0.25115,0.31924,-0.41084,-0.22766
FIST,-0.00000,0.00000,0.00000,0.23891,-0.26332,-0.02809,0.34221,-0.53104,-0.08726,0.40331,-0.73736,-0.15175,0.37057,-0.88721,-0.19668,-0.07734,-0.86219,-0.04947,0.24368,-0.96986,-0.14450,0.27589,-0.76201,-0.18717,0.21034,-0.68395,-0.21171,-0.10891,-0.79991,-0.09300,0.26825,-0.89893,-0.19858,0.29106,-0.68862,-0.20245,0.20050,-0.62036,-0.19486,-0.08614,-0.69195,-0.14672,0.26606,-0.76030,-0.23108,0.27655,-0.56377,-0.17815,0.18392,-0.51186,-0.13749,-0.02719,-0.56286,-0.20770,0.24731,-0.57614,-0.26999,0.25979,-0.43424,-0.25024,0.18375,-0.38921,-0.22506
FIST,-0.00000,0.00000,0.00000,0.26392,-0.12386,-0.05329,0.47240,-0.36685,-0.09282,0.51832,-0.67199,-0.14288,0.39764,-0.85830,-0.17628,0.36298,-0.68458,0.04489,0.44908,-0.88720,-0.06522,0.43290,-0.69519,-0.13219,0.38200,-0.54632,-0.16194,0.21386,-0.74394,0.02775,0.32488,-0.94576,-0.08916,0.31000,-0.69142,-0.12489,0.25709,-0.53949,-0.11632,0.05358,-0.76955,-0.01145,0.17707,-0.93778,-0.12592,0.16827,-0.68919,-0.10826,0.11683,-0.53958,-0.06119,-0.11721,-0.75568,-0.05736,0.03958,-0.84209,-0.13164,0.05012,-0.66963,-0.11923,0.00504,-0.55709,-0.08569
FIST,-0.00000,0.00000,0.00000,0.25910,-0.06336,-0.05629,0.43162,-0.28699,-0.08058,0.40295,-0.57160,-0.11599,0.29309,-0.73670,-0.14431,0.36893,-0.63150,0.05977,0.47972,-0.84306,-0.03393,0.45887,-0.84558,-0.11386,0.38655,-0.74213,-0.15161,0.21925,-0.72245,0.04422,0.28056,-0.95984,-0.06032,0.25493,-0.84180,-0.12709,0.22027,-0.66740,-0.14076,0.07046,-0.75130,0.00891,0.11811,-0.92379,-0.09019,0.10656,-0.77165,-0.10320,0.08524,-0.60595,-0.07926,-0.09354,-0.73647,-0.03400,-0.03091,-0.84591,-0.09060,-0.01940,-0.72837,-0.07777,-0.02715,-0.60684,-0.04716
FIST,0.00000,0.00000,0.00000,-0.20805,-0.01726,-0.09313,-0.34323,-0.14430,-0.18348,-0.38651,-0.32494,-0.24711,-0.40528,-0.49888,-0.30446,-0.22057,-0.24413,-0.35113,-0.26885,-0.61263,-0.45496,-0.29423,-0.80462,-0.46818,-0.31541,-0.88941,-0.45580,-0.03185,-0.34119,-0.33596,-0.07318,-0.75876,-0.43280,-0.11640,-0.93856,-0.41774,-0.15398,-0.98807,-0.39258,0.12476,-0.41555,-0.31155,0.09455,-0.78827,-0.38455,0.02433,-0.94790,-0.34711,-0.03580,-0.98225,-0.30484,0.24373,-0.45727,-0.29014,0.22865,-0.76066,-0.34450,0.15938,-0.89091,-0.32398,0.08973,-0.91211,-0.29157
FIST,-0.00000,0.00000,0.00000,0.28699,-0.08897,-0.19089,0.52697,-0.09950,-0.38631,0.63505,0.00895,-0.55672,0.64478,0.16367,-0.72403,0.56529,-0.82489,-0.44923,0.69163,-0.22616,-0.68663,0.67243,0.20935,-0.81860,0.66965,0.48349,-0.88162,0.25505,-0.79932,-0.45999,0.40352,-0.01247,-0.68398,0.45505,0.42748,-0.74065,0.52535,0.64118,-0.75667,-0.03022,-0.63410,-0.47227,0.13855,0.11742,-0.63126,0.14880,0.36558,-0.58424,0.16476,0.41121,-0.53481,-0.26268,-0.41018,-0.50211,-0.11930,0.14517,-0.59507,-0.04417,0.35111,-0.52910,0.01015,0.39955,-0.45593
FIST,-0.00000,0.00000,0.00000,-0.04256,-0.34224,0.03014,0.05338,-0.66976,0.00292,0.26702,-0.83375,-0.03696,0.44004,-0.83322,-0.08311,-0.01756,-0.74134,-0.04332,0.24935,-0.96841,-0.08831,0.29850,-0.86929,-0.10824,0.26004,-0.79109,-0.12161,0.09632,-0.60900,-0.09496,0.37293,-0.84607,-0.12409,0.38127,-0.73799,-0.11796,0.32422,-0.65721,-0.12144,0.21438,-0.45466,-0.14183,0.46750,-0.67236,-0.17178,0.43544,-0.55824,-0.14498,0.35489,-0.47900,-0.13173,0.33385,-0.28869,-0.18366,0.51305,-0.48101,-0.20398,0.47372,-0.40841,-0.17237,0.39788,-0.33747,-0.15033
FIST,-0.00000,0.00000,0.00000,0.06754,-0.30595,-0.01991,0.21754,-0.59527,-0.09145,0.43145,-0.73289,-0.16342,0.52286,-0.71536,-0.22548,-0.00043,-0.82476,-0.13190,0.33624,-0.94177,-0.23176,0.36467,-0.79102,-0.26348,0.30434,-0.72325,-0.27825,0.01885,-0.68135,-0.17662,0.39729,-0.78698,-0.28068,0.37701,-0.63136,-0.27429,0.28911,-0.58659,-0.26351,0.07254,-0.51342,-0.22295,0.43072,-0.59387,-0.31302,0.38444,-0.45677,-0.26825,0.28068,-0.43218,-0.23141,0.15028,-0.34121,-0.26893,0.43016,-0.40081,-0.33028,0.38619,-0.30240,-0.30554,0.28961,-0.27555,-0.28049
FIST,-0.00000,0.00000,0.00000,0.28035,-0.12817,-0.07752,0.47621,-0.36581,-0.12191,0.53788,-0.61897,-0.17106,0.46694,-0.81035,-0.19387,0.22891,-0.89208,0.03354,0.46712,-0.88419,-0.09894,0.43348,-0.60008,-0.17843,0.34130,-0.50365,-0.21790,0.10310,-0.92627,0.01979,0.37652,-0.87846,-0.12266,0.33639,-0.56513,-0.14801,0.23443,-0.49756,-0.13121,-0.00921,-0.90004,-0.02217,0.26074,-0.84403,-0.15960,0.22784,-0.53967,-0.11941,0.12689,-0.47477,-0.05594,-0.11366,-0.81639,-0.07714,0.13473,-0.72657,-0.17105,0.12912,-0.52464,-0.15885,0.05071,-0.47591,-0.11999
FIST,-0.00000,0.00000,0.00000,0.26191,-0.00542,-0.06590,0.50585,-0.22280,-0.09621,0.52688,-0.53537,-0.13444,0.40106,-0.72905,-0.15927,0.45880,-0.59055,0.01111,0.56513,-0.82500,-0.11349,0.49971,-0.65642,-0.18852,0.42802,-0.51901,-0.21831,0.29655,-0.69052,-0.00634,0.35395,-0.89557,-0.13858,0.28821,-0.61227,-0.17292,0.25316,-0.44060,-0.15722,0.13049,-0.73703,-0.04608,0.17682,-0.90889,-0.17200,0.13687,-0.62287,-0.13746,0.11831,-0.45566,-0.07568,-0.04697,-0.73673,-0.09350,0.00194,-0.85802,-0.16345,-0.00424,-0.63873,-0.12360,-0.01070,-0.50857,-0.07069
FIST,-0.00000,0.00000,0.00000,0.20322,-0.02859,-0.15174,0.36009,-0.14852,-0.25119,0.36169,-0.28682,-0.33350,0.28097,-0.42110,-0.39329,0.37980,-0.89155,-0.14793,0.37129,-0.65718,-0.31118,0.31668,-0.42184,-0.41055,0.29429,-0.33893,-0.46272,0.17946,-0.98376,-0.14530,0.18174,-0.66923,-0.30363,0.15912,-0.37770,-0.34947,0.16081,-0.30153,-0.35378,-0.00876,-0.96193,-0.16489,-0.01405,-0.62948,-0.31087,-0.00284,-0.35432,-0.28887,0.02067,-0.28362,-0.24409,-0.17268,-0.86568,-0.20250,-0.17490,-0.58494,-0.29545,-0.14167,-0.37037,-0.27641,-0.10836,-0.31175,-0.23458
FIST,-0.00000,0.00000,0.00000,0.27588,-0.09716,-0.12293,0.53905,-0.08588,-0.25990,0.72050,0.06966,-0.39189,0.76186,0.28230,-0.52312,0.64480,-0.76435,-0.26081,0.81499,-0.09036,-0.42017,0.81130,0.14191,-0.53369,0.81682,0.17115,-0.60405,0.37204,-0.72527,-0.29283,0.55164,0.08796,-0.41084,0.57008,0.29116,-0.44839,0.58447,0.32027,-0.46814,0.09713,-0.56344,-0.32909,0.29751,0.15440,-0.43009,0.26923,0.21552,-0.39522,0.23273,0.12467,-0.35829,-0.12172,-0.33089,-0.38003,0.03858,0.22957,-0.44562,0.02825,0.28397,-0.39353,-0.02200,0.20181,-0.33116
FIST,-0.00000,0.00000,0.00000,0.27399,0.07671,-0.11278,0.50461,0.20608,-0.27331,0.63891,0.41999,-0.41941,0.75243,0.62642,-0.57101,0.61797,-0.21319,-0.45537,0.79004,0.20795,-0.66579,0.81142,0.43947,-0.75676,0.82154,0.57015,-0.80600,0.41975,-0.18153,-0.51147,0.57974,0.35729,-0.72435,0.61235,0.55958,-0.76615,0.64983,0.61417,-0.79142,0.20412,-0.06602,-0.56430,0.36604,0.46967,-0.74075,0.37944,0.59957,-0.70521,0.39590,0.57810,-0.67430,0.01892,0.09978,-0.62305,0.15883,0.48129,-0.76496,0.20190,0.54959,-0.74401,0.21780,0.50554,-0.71469
FIST,-0.00000,0.00000,0.00000,0.21986,-0.29928,0.09453,0.48515,-0.25618,0.14968,0.65956,-0.09957,0.18244,0.72112,0.09190,0.20867,0.77029,-0.18935,0.12143,0.96281,-0.03181,0.14306,0.99602,0.08916,0.14319,0.96066,0.15284,0.14288,0.77481,0.07481,0.07954,0.95049,0.26756,0.12432,0.92617,0.33533,0.13042,0.85123,0.33934,0.12892,0.70347,0.32511,0.04469,0.81140,0.52916,0.09723,0.73937,0.51825,0.11344,0.65585,0.45838,0.10923,0.58695,0.53484,0.01603,0.65724,0.67673,0.06302,0.59441,0.63854,0.09857,0.52048,0.56600,0.12117
FIST,-0.00000,0.00000,0.00000,-0.02864,-0.32407,0.00145,0.10064,-0.64171,-0.04272,0.35162,-0.74636,-0.09148,0.55008,-0.69583,-0.14259,0.06862,-0.78982,-0.10886,0.37740,-0.92605,-0.17547,0.36620,-0.79977,-0.19619,0.28053,-0.72332,-0.20644,0.16742,-0.62150,-0.15205,0.48569,-0.76087,-0.20956,0.45156,-0.63803,-0.19968,0.36247,-0.56383,-0.19363,0.27697,-0.42478,-0.19112,0.57542,-0.53829,-0.23290,0.51652,-0.43327,-0.18938,0.41406,-0.39021,-0.16241,0.38746,-0.21974,-0.22800,0.61066,-0.30089,-0.25083,0.55067,-0.22026,-0.20597,0.45673,-0.16981,-0.17206
FIST,-0.00000,0.00000,0.00000,0.24556,-0.24233,0.03802,0.38981,-0.47110,-0.02425,0.48886,-0.63419,-0.10893,0.51581,-0.80766,-0.18380,0.03188,-0.86818,-0.05789,0.36819,-0.92975,-0.14616,0.37173,-0.72937,-0.17423,0.29683,-0.66742,-0.18913,-0.01110,-0.77185,-0.14194,0.37479,-0.78699,-0.23136,0.36183,-0.60692,-0.21723,0.26484,-0.57872,-0.20752,-0.00115,-0.64117,-0.22775,0.35813,-0.63773,-0.28815,0.33353,-0.46797,-0.21976,0.23480,-0.44153,-0.18349,0.03821,-0.50241,-0.31475,0.31270,-0.47954,-0.36620,0.30120,-0.34336,-0.33474,0.21852,-0.30576,-0.30927
FIST,-0.00000,0.00000,0.00000,0.26400,-0.08788,-0.06122,0.49277,-0.33120,-0.10343,0.53957,-0.63865,-0.15305,0.40825,-0.81892,-0.18789,0.36389,-0.67820,0.01603,0.46932,-0.87904,-0.10253,0.44011,-0.67898,-0.17469,0.37552,-0.52463,-0.20717,0.20172,-0.74875,0.00056,0.33266,-0.94305,-0.11865,0.30048,-0.68058,-0.15317,0.23501,-0.52495,-0.14411,0.03422,-0.77879,-0.03636,0.18080,-0.94463,-0.15729,0.16000,-0.67629,-0.13672,0.09857,-0.51382,-0.08765,-0.14156,-0.76253,-0.07999,0.03860,-0.83282,-0.16899,0.04258,-0.63803,-0.15809,-0.01211,-0.51159,-0.12299
FIST,0.00000,0.00000,0.00000,-0.29675,-0.01908,-0.01051,-0.45651,-0.26236,0.00731,-0.45663,-0.54838,0.02122,-0.42241,-0.72409,0.04593,-0.35760,-0.66322,0.08914,-0.46047,-0.85242,0.08969,-0.48227,-0.84701,0.07929,-0.47017,-0.76101,0.07814,-0.19020,-0.77054,0.08569,-0.27248,-0.96216,0.11158,-0.29542,-0.91177,0.10859,-0.29660,-0.80640,0.10733,-0.03487,-0.79280,0.07244,-0.10130,-0.97615,0.08498,-0.14668,-0.94609,0.09697,-0.15551,-0.86134,0.10387,0.12683,-0.76110,0.05524,0.06113,-0.89405,0.07151,0.00497,-0.88056,0.09391,-0.02124,-0.82796,0.11264
FIST,-0.00000,0.00000,0.00000,0.26830,0.06011,-0.24822,0.46796,-0.04976,-0.41272,0.51676,-0.17323,-0.52451,0.51922,-0.30810,-0.60637,0.45734,-0.86878,-0.45366,0.40889,-0.67693,-0.65482,0.32692,-0.46276,-0.73401,0.28431,-0.35212,-0.76533,0.16466,-0.98635,-0.41397,0.12338,-0.75917,-0.60600,0.10964,-0.57599,-0.63480,0.10542,-0.53360,-0.63662,-0.09805,-0.96856,-0.38533,-0.13194,-0.76143,-0.54600,-0.09479,-0.62840,-0.49618,-0.05989,-0.62386,-0.44515,-0.30119,-0.87323,-0.37961,-0.31976,-0.74191,-0.50521,-0.27173,-0.63368,-0.47938,-0.23053,-0.63059,-0.43396
FIST,-0.00000,0.00000,0.00000,0.29182,-0.02275,-0.23054,0.54538,-0.01703,-0.44334,0.67679,0.06771,-0.62253,0.72858,0.20034,-0.79561,0.60103,-0.79922,-0.48966,0.60949,-0.11187,-0.72102,0.56181,0.35615,-0.85445,0.54579,0.68033,-0.92200,0.27677,-0.86487,-0.48404,0.28613,-0.03878,-0.72463,0.27557,0.44698,-0.79414,0.29926,0.73002,-0.81620,-0.03369,-0.77951,-0.48051,-0.00738,-0.03830,-0.65771,-0.03800,0.26417,-0.63325,-0.04375,0.39191,-0.59460,-0.30538,-0.62042,-0.49641,-0.26736,-0.10457,-0.59813,-0.22200,0.14169,-0.54967,-0.18138,0.23035,-0.49032
FIST,-0.00000,0.00000,0.00000,0.33794,0.09315,-0.15490,0.55111,0.28302,-0.33538,0.59134,0.58844,-0.49857,0.55438,0.83226,-0.66298,0.64147,-0.31501,-0.39306,0.73685,0.32598,-0.53390,0.68513,0.42904,-0.61919,0.67301,0.35435,-0.68241,0.36791,-0.36050,-0.41286,0.45651,0.44861,-0.52465,0.40609,0.46879,-0.55202,0.40409,0.31280,-0.58438,0.08989,-0.29189,-0.42817,0.21387,0.45422,-0.50185,0.18464,0.40482,-0.43557,0.16860,0.22750,-0.39659,-0.14974,-0.14690,-0.46241,-0.03794,0.37464,-0.51398,0.00460,0.36449,-0.45157,0.01613,0.24369,-0.39649
FIST,-0.00000,0.00000,0.00000,0.33141,0.16843,-0.04347,0.50161,0.37736,-0.23874,0.51380,0.63986,-0.42825,0.49219,0.87049,-0.62619,0.50381,-0.01742,-0.57575,0.67042,0.51290,-0.74219,0.63319,0.74554,-0.71864,0.55141,0.82501,-0.67910,0.29850,0.00449,-0.65587,0.48243,0.65789,-0.81352,0.40006,0.72016,-0.67830,0.32504,0.61150,-0.56618,0.09608,0.11523,-0.71823,0.24438,0.75875,-0.83686,0.18876,0.72654,-0.64248,0.14552,0.54875,-0.50000,-0.07063,0.26831,-0.78000,0.06410,0.74098,-0.88029,0.06394,0.70811,-0.77579,0.02460,0.53999,-0.68086
FIST,-0.00000,0.00000,0.00000,0.35605,0.07008,-0.07868,0.58770,0.33394,-0.28068,0.59722,0.70300,-0.45837,0.44667,0.89470,-0.63625,0.55348,-0.11223,-0.63229,0.70148,0.59707,-0.76954,0.58835,0.50719,-0.73426,0.53527,0.32875,-0.70476,0.35955,-0.07399,-0.67681,0.51778,0.69837,-0.82222,0.43173,0.58125,-0.73612,0.38303,0.40918,-0.69410,0.17178,0.05713,-0.69196,0.33523,0.80340,-0.78633,0.26635,0.65106,-0.65318,0.21592,0.43954,-0.58763,0.00858,0.23634,-0.70453,0.13370,0.80011,-0.78000,0.09580,0.66051,-0.70200,0.04408,0.44782,-0.65931
FIST,-0.00000,0.00000,0.00000,0.36100,0.18727,-0.15932,0.61631,0.37466,-0.44226,0.73465,0.56060,-0.70825,0.68873,0.67499,-0.96336,0.80662,-0.43389,-0.65350,0.94110,0.33812,-0.88389,0.77933,0.41333,-0.92782,0.71945,0.23140,-0.95877,0.53273,-0.50619,-0.74195,0.69034,0.41108,-0.95693,0.53636,0.37992,-0.89367,0.49925,0.14754,-0.85972,0.23758,-0.42048,-0.82700,0.38349,0.46964,-0.97333,0.24232,0.39846,-0.79271,0.17894,0.15463,-0.69337,-0.03527,-0.25643,-0.92977,0.11067,0.40634,-1.07884,0.03315,0.32865,-1.00597,-0.02152,0.09539,-0.94898
FIST,-0.00000,0.00000,0.00000,0.37770,0.14132,-0.23487,0.65181,0.34595,-0.47282,0.70399,0.59380,-0.66920,0.43296,0.61338,-0.83879,0.75031,-0.66108,-0.48218,0.75677,0.23337,-0.68258,0.61835,0.33943,-0.76713,0.61410,0.14571,-0.81842,0.41145,-0.75287,-0.48136,0.43583,0.30184,-0.62904,0.36106,0.29369,-0.60864,0.40837,0.06674,-0.59474,0.07886,-0.69310,-0.49236,0.12858,0.29272,-0.57726,0.13179,0.22414,-0.45242,0.17500,0.00369,-0.36772,-0.20788,-0.53967,-0.53385,-0.13232,0.21757,-0.59345,-0.09742,0.15014,-0.52342,-0.05237,-0.06315,-0.45648
FIST,-0.00000,0.00000,0.00000,0.31577,0.15953,-0.28754,0.58527,0.32839,-0.53512,0.57991,0.47486,-0.73375,0.31516,0.44148,-0.89661,0.75418,-0.65666,-0.52885,0.76788,0.16321,-0.76015,0.63268,0.23686,-0.86538,0.56138,0.02217,-0.93283,0.41965,-0.79200,-0.50208,0.38787,0.22214,-0.70261,0.31739,0.17388,-0.72868,0.30123,-0.08827,-0.74036,0.07665,-0.75398,-0.48918,0.09511,0.19894,-0.63341,0.06467,0.10527,-0.53654,0.05809,-0.15509,-0.45747,-0.22954,-0.60454,-0.51114,-0.14891,0.12000,-0.64099,-0.13250,0.04130,-0.61096,-0.13672,-0.21118,-0.55532
FIST,-0.00000,0.00000,0.00000,0.26901,0.06940,-0.25275,0.51461,0.23940,-0.46745,0.56153,0.47861,-0.64428,0.37732,0.56637,-0.79645,0.71516,-0.69897,-0.44496,0.71896,0.04701,-0.65282,0.62605,0.25076,-0.75864,0.60116,0.16527,-0.82577,0.38510,-0.81899,-0.43111,0.34577,0.21429,-0.60361,0.28988,0.28918,-0.62413,0.29116,0.09912,-0.63169,0.04896,-0.76806,-0.43213,0.05173,0.24147,-0.54626,0.03409,0.24022,-0.45084,0.05215,0.02343,-0.37621,-0.23874,-0.61242,-0.46714,-0.18251,0.19273,-0.55441,-0.17519,0.20820,-0.50060,-0.17369,0.01976,-0.43390
FIST,-0.00000,0.00000,0.00000,0.27053,0.03623,-0.23177,0.49050,0.16140,-0.44736,0.56127,0.39545,-0.63018,0.43686,0.53162,-0.78985,0.71477,-0.69936,-0.45279,0.73241,0.05119,-0.66967,0.62036,0.21274,-0.77062,0.58076,0.10148,-0.83022,0.39432,-0.79087,-0.45429,0.37098,0.23014,-0.64781,0.30874,0.25433,-0.66983,0.29945,0.04416,-0.67315,0.06959,-0.72040,-0.46823,0.09241,0.26179,-0.59349,0.07350,0.22447,-0.49042,0.08528,-0.01446,-0.40825,-0.20974,-0.55617,-0.51442,-0.14505,0.22061,-0.60552,-0.13348,0.20221,-0.54953,-0.13034,-0.01536,-0.48038
FIST,-0.00000,0.00000,0.00000,0.31221,0.11524,-0.29092,0.53051,0.29315,-0.57820,0.55923,0.56117,-0.82468,0.39208,0.71798,-1.04883,0.77835,-0.62783,-0.66278,0.79903,0.17792,-0.96833,0.64787,0.37696,-1.10181,0.59162,0.29002,-1.17884,0.42198,-0.75281,-0.67559,0.37826,0.33918,-0.96075,0.29616,0.39671,-0.98523,0.28277,0.19330,-0.98627,0.05100,-0.68826,-0.70164,0.04315,0.37231,-0.89063,0.01285,0.39373,-0.74753,0.01050,0.16974,-0.63581,-0.27344,-0.52956,-0.76641,-0.21738,0.30391,-0.90450,-0.20347,0.38354,-0.83178,-0.21372,0.22057,-0.74729
FIST,-0.00000,0.00000,0.00000,0.34962,0.11936,-0.29212,0.55352,0.28621,-0.61353,0.56846,0.59321,-0.89282,0.42019,0.81158,-1.15838,0.78891,-0.61451,-0.77327,0.78776,0.25344,-1.11533,0.65721,0.39664,-1.26046,0.63224,0.26634,-1.34438,0.42772,-0.73586,-0.79984,0.38184,0.39144,-1.13323,0.28706,0.44473,-1.14667,0.26078,0.25275,-1.13313,0.04434,-0.67272,-0.83267,0.04002,0.40156,-1.04376,0.02263,0.43517,-0.85616,0.02716,0.21210,-0.71273,-0.29184,-0.52013,-0.90464,-0.23654,0.32436,-1.04817,-0.22319,0.44108,-0.94588,-0.24612,0.28450,-0.83967
FIST,-0.00000,0.00000,0.00000,0.30510,0.13424,-0.32516,0.51662,0.31931,-0.63008,0.57518,0.55702,-0.87992,0.46232,0.65177,-1.10690,0.75879,-0.65134,-0.73483,0.75295,0.13170,-1.04001,0.62693,0.29523,-1.15807,0.60005,0.16721,-1.22517,0.40426,-0.77453,-0.72898,0.36874,0.18448,-1.03489,0.31060,0.29771,-1.05858,0.31734,0.14319,-1.05669,0.03942,-0.72144,-0.73463,0.04220,0.21187,-0.95770,0.05732,0.27257,-0.83678,0.08580,0.08164,-0.73616,-0.27385,-0.57476,-0.77523,-0.21186,0.13440,-0.92821,-0.16638,0.21317,-0.87106,-0.14788,0.05407,-0.80135
FIST,-0.00000,0.00000,0.00000,0.36215,-0.00856,-0.17224,0.63664,0.03702,-0.34425,0.68880,0.17813,-0.48342,0.47797,0.27146,-0.60295,0.65825,-0.75280,-0.38362,0.72556,-0.19991,-0.52212,0.64334,-0.07267,-0.55844,0.60135,-0.17318,-0.58116,0.36613,-0.77518,-0.38653,0.46079,-0.15552,-0.51161,0.43876,-0.09700,-0.50284,0.43708,-0.22286,-0.49779,0.08691,-0.66668,-0.39389,0.19580,-0.07969,-0.47743,0.20257,-0.07016,-0.40499,0.20081,-0.22742,-0.35450,-0.15401,-0.49935,-0.42127,-0.04098,-0.06153,-0.47136,-0.01083,-0.05467,-0.42533,-0.01020,-0.17936,-0.38119
FIST,-0.00000,0.00000,0.00000,0.44148,0.04950,-0.09387,0.76828,0.12389,-0.27185,0.88697,0.30626,-0.43012,0.75046,0.46966,-0.57149,0.75533,-0.58587,-0.43189,0.99860,0.05281,-0.59766,0.85619,0.07627,-0.65383,0.78386,-0.09541,-0.69097,0.54231,-0.52495,-0.48249,0.82466,0.20537,-0.62933,0.70674,0.11075,-0.61064,0.64513,-0.08966,-0.61120,0.32736,-0.35074,-0.52509,0.60219,0.29228,-0.61370,0.50910,0.18966,-0.50622,0.42610,-0.01367,-0.44561,0.13826,-0.12325,-0.57844,0.38908,0.31624,-0.64596,0.33626,0.22646,-0.58521,0.26360,0.03726,-0.53880
FIST,-0.00000,0.00000,0.00000,0.21602,-0.20348,-0.04217,0.52823,-0.25930,-0.14635,0.77430,-0.15515,-0.24434,0.92499,-0.00779,-0.34168,0.63434,-0.55446,-0.34435,0.98822,-0.15301,-0.45413,0.98720,0.15031,-0.43105,0.91227,0.29555,-0.40468,0.50793,-0.41563,-0.39827,0.87771,0.15143,-0.51347,0.77265,0.30361,-0.44991,0.67103,0.25612,-0.40707,0.38344,-0.19874,-0.44449,0.73246,0.33511,-0.54113,0.60729,0.38776,-0.44508,0.48753,0.28924,-0.38701,0.27609,0.04433,-0.49104,0.56899,0.42291,-0.59957,0.49059,0.45232,-0.56628,0.38764,0.36699,-0.53081
FIST,-0.00000,0.00000,0.00000,0.14854,-0.30428,0.01241,0.39924,-0.47737,-0.02287,0.64090,-0.43064,-0.06434,0.78087,-0.28030,-0.10434,0.54312,-0.68934,-0.11288,0.90326,-0.42909,-0.19614,0.86494,-0.26845,-0.21650,0.78187,-0.25771,-0.22281,0.52565,-0.52341,-0.16451,0.90628,-0.21014,-0.24235,0.82218,-0.07257,-0.22449,0.71425,-0.10360,-0.20925,0.48899,-0.29873,-0.21313,0.82560,0.01028,-0.27732,0.73030,0.09888,-0.22460,0.62373,0.02863,-0.18893,0.44386,-0.05318,-0.25996,0.69264,0.18441,-0.31443,0.61704,0.22542,-0.28656,0.52616,0.14988,-0.25997
FIST,-0.00000,0.00000,0.00000,0.11293,-0.37714,0.09288,0.26930,-0.60905,0.09830,0.43995,-0.69623,0.08046,0.57168,-0.65872,0.05534,0.38169,-0.81352,-0.01881,0.68374,-0.72973,-0.04526,0.69198,-0.59376,-0.04438,0.64861,-0.54392,-0.04365,0.44192,-0.66995,-0.09591,0.75982,-0.55673,-0.11186,0.72702,-0.40731,-0.08805,0.63778,-0.36412,-0.07648,0.47330,-0.45762,-0.16092,0.77681,-0.33318,-0.16092,0.71785,-0.20947,-0.10680,0.61865,-0.20515,-0.08272,0.48188,-0.20508,-0.21896,0.71513,-0.10856,-0.22584,0.66830,-0.04549,-0.18331,0.58688,-0.05992,-0.15173
FIST,-0.00000,0.00000,0.00000,-0.00096,-0.42959,0.10597,0.10092,-0.65934,0.12651,0.22643,-0.76725,0.12543,0.33224,-0.70289,0.11846,0.23708,-0.83927,0.04179,0.30322,-0.95292,0.05824,0.26191,-0.81440,0.05393,0.21580,-0.68336,0.04774,0.39127,-0.73797,-0.00675,0.41271,-0.78239,0.06783,0.36411,-0.65984,0.09072,0.31323,-0.55333,0.08067,0.50287,-0.56942,-0.03979,0.51755,-0.61338,0.05145,0.46464,-0.53034,0.08329,0.40206,-0.43031,0.07111,0.58681,-0.37953,-0.06518,0.60159,-0.42285,0.01757,0.53906,-0.36803,0.07454,0.47952,-0.29080,0.10163
FIST,-0.00000,0.00000,0.00000,-0.07356,-0.41270,0.16316,0.00864,-0.67054,0.24427,0.15299,-0.79143,0.29799,0.28288,-0.74253,0.34144,0.12661,-0.92285,0.18933,0.27339,-0.96190,0.28586,0.25731,-0.82209,0.32418,0.20059,-0.72784,0.34047,0.31966,-0.81104,0.13964,0.42798,-0.85268,0.27606,0.40384,-0.71330,0.29863,0.33331,-0.59473,0.29103,0.46150,-0.61901,0.11066,0.54537,-0.65937,0.25385,0.50641,-0.55251,0.27339,0.43688,-0.45392,0.24934,0.55946,-0.39208,0.09550,0.60849,-0.43020,0.22027,0.55392,-0.35954,0.27809,0.48958,-0.28850,0.30409
FIST,-0.00000,0.00000,0.00000,-0.10395,-0.38973,0.18209,-0.03377,-0.65223,0.29298,0.12013,-0.78996,0.37705,0.24716,-0.75141,0.45592,0.06978,-0.84275,0.25228,0.27345,-0.96189,0.36791,0.28222,-0.85329,0.42525,0.22580,-0.77757,0.45657,0.24031,-0.70850,0.21002,0.42322,-0.81768,0.35364,0.41345,-0.69504,0.38825,0.34713,-0.60028,0.39423,0.38159,-0.51533,0.18558,0.52189,-0.60096,0.33594,0.49636,-0.50662,0.37180,0.42892,-0.43891,0.36312,0.47462,-0.29035,0.17680,0.57676,-0.36167,0.32266,0.53193,-0.29693,0.39519,0.46861,-0.25124,0.42973
FIST,-0.00000,0.00000,0.00000,0.09160,-0.33427,-0.00678,0.32177,-0.55911,-0.08659,0.58980,-0.56958,-0.15965,0.75014,-0.45227,-0.22840,0.35536,-0.82214,-0.26494,0.78278,-0.62230,-0.34995,0.69246,-0.46438,-0.33266,0.58218,-0.49832,-0.31748,0.35415,-0.62502,-0.32646,0.82883,-0.40581,-0.41965,0.71143,-0.26618,-0.36616,0.58208,-0.28223,-0.33091,0.36580,-0.35478,-0.37621,0.79618,-0.12122,-0.43791,0.66584,-0.03524,-0.33777,0.53412,-0.09187,-0.28022,0.37722,-0.06352,-0.42426,0.70308,0.09797,-0.48457,0.60370,0.13302,-0.43388,0.48494,0.07309,-0.39434
FIST,-0.00000,0.00000,0.00000,0.07143,-0.33401,0.07032,0.20494,-0.59447,0.05987,0.34826,-0.76492,0.03784,0.45703,-0.78859,0.01780,0.33786,-0.80039,-0.10084,0.69102,-0.72284,-0.13302,0.62797,-0.60207,-0.10950,0.54552,-0.59791,-0.09119,0.37909,-0.63849,-0.16709,0.74774,-0.52930,-0.19754,0.65875,-0.41381,-0.14344,0.55686,-0.40865,-0.11149,0.41867,-0.42421,-0.22041,0.73407,-0.29456,-0.22150,0.64061,-0.21011,-0.14007,0.54242,-0.22933,-0.10122,0.44788,-0.18051,-0.26920,0.67296,-0.08614,-0.26965,0.58847,-0.04067,-0.21954,0.50134,-0.06776,-0.18678
FIST,-0.00000,0.00000,0.00000,0.06814,-0.34204,0.18599,0.17432,-0.59428,0.23816,0.27774,-0.78903,0.25710,0.35320,-0.83525,0.26781,0.35149,-0.78331,0.05667,0.64013,-0.76827,0.10184,0.62196,-0.64853,0.15561,0.55680,-0.60231,0.18753,0.41626,-0.63685,-0.03631,0.71731,-0.56867,0.01182,0.66243,-0.45255,0.07723,0.56343,-0.42760,0.10769,0.47137,-0.42458,-0.10551,0.71842,-0.33573,-0.03298,0.65310,-0.25455,0.04825,0.56135,-0.25234,0.07393,0.51424,-0.19147,-0.16052,0.68509,-0.14027,-0.09097,0.61639,-0.08557,-0.01985,0.53667,-0.08428,0.01718
FIST,-0.00000,0.00000,0.00000,0.06225,-0.36813,0.15074,0.19140,-0.60453,0.19125,0.33118,-0.73733,0.20436,0.43662,-0.69262,0.20731,0.35521,-0.80358,0.03340,0.63310,-0.77407,0.06761,0.61273,-0.65310,0.10570,0.54507,-0.60799,0.12744,0.43701,-0.64559,-0.04422,0.70793,-0.57555,0.00536,0.66477,-0.45932,0.05793,0.57319,-0.42596,0.07808,0.49833,-0.42688,-0.10041,0.71903,-0.34994,-0.02868,0.66217,-0.26296,0.03834,0.57815,-0.24853,0.05505,0.53793,-0.18053,-0.14549,0.69526,-0.15233,-0.07846,0.63097,-0.09788,-0.01029,0.55478,-0.08486,0.02678
FIST,-0.00000,0.00000,0.00000,0.07751,-0.36329,0.09756,0.21544,-0.60764,0.11110,0.36001,-0.71633,0.10504,0.47123,-0.66099,0.09102,0.36004,-0.80252,-0.00883,0.65572,-0.75500,-0.00872,0.64004,-0.62706,0.00583,0.57063,-0.58230,0.01467,0.43552,-0.63035,-0.07456,0.72083,-0.56155,-0.05297,0.67972,-0.43677,-0.01453,0.58597,-0.39714,0.00027,0.49449,-0.40558,-0.12615,0.72903,-0.33034,-0.08680,0.67115,-0.23247,-0.03113,0.58188,-0.21671,-0.01505,0.53320,-0.15202,-0.17116,0.69842,-0.10854,-0.13948,0.63494,-0.05156,-0.08778,0.55922,-0.04677,-0.05659
FIST,-0.00000,0.00000,0.00000,0.07916,-0.34868,0.11158,0.21663,-0.58285,0.13244,0.37025,-0.70091,0.13236,0.49090,-0.65456,0.12521,0.37634,-0.78025,0.00101,0.65549,-0.75520,0.01592,0.63845,-0.63375,0.04344,0.57499,-0.59143,0.05922,0.45201,-0.60614,-0.06618,0.71774,-0.54305,-0.03721,0.67590,-0.43050,0.00695,0.58746,-0.40460,0.02422,0.51019,-0.38060,-0.11674,0.72147,-0.31012,-0.07175,0.66368,-0.22568,-0.01386,0.57910,-0.21812,0.00254,0.54863,-0.13353,-0.15881,0.70150,-0.11048,-0.11619,0.63813,-0.05350,-0.05816,0.56474,-0.04549,-0.02441
FIST,-0.00000,0.00000,0.00000,0.07548,-0.35685,0.13314,0.21479,-0.57993,0.16798,0.37507,-0.69326,0.17938,0.49414,-0.63665,0.18331,0.37591,-0.78598,0.02580,0.65552,-0.75518,0.05400,0.64228,-0.63314,0.09075,0.57700,-0.58263,0.11219,0.45889,-0.62175,-0.04575,0.73357,-0.54393,-0.00664,0.69127,-0.42689,0.04266,0.59853,-0.39645,0.06391,0.51931,-0.39805,-0.09829,0.73929,-0.30871,-0.04166,0.67864,-0.22242,0.02062,0.59359,-0.21664,0.03824,0.55413,-0.14700,-0.14054,0.70983,-0.10762,-0.08950,0.64103,-0.05031,-0.02730,0.56300,-0.04535,0.00889
FIST,-0.00000,0.00000,0.00000,0.08236,-0.36059,0.13318,0.22870,-0.58064,0.16350,0.40189,-0.67621,0.17069,0.52606,-0.60800,0.16973,0.38273,-0.78709,0.01113,0.67207,-0.74048,0.03421,0.64649,-0.62038,0.06890,0.57570,-0.57964,0.08930,0.45895,-0.61536,-0.06307,0.73629,-0.53528,-0.02677,0.68612,-0.42341,0.02226,0.59049,-0.39923,0.04256,0.51346,-0.38920,-0.11724,0.74272,-0.30484,-0.06204,0.67492,-0.21841,0.00258,0.58654,-0.21491,0.02091,0.54370,-0.13632,-0.16106,0.70384,-0.09751,-0.11339,0.63115,-0.04359,-0.05149,0.55286,-0.04338,-0.01550
FIST,-0.00000,0.00000,0.00000,0.08971,-0.35173,0.12123,0.24438,-0.57530,0.14662,0.41890,-0.66027,0.14949,0.54308,-0.58601,0.14434,0.41084,-0.78137,0.01144,0.70158,-0.71259,0.02795,0.67586,-0.59027,0.05483,0.60667,-0.55274,0.06995,0.48086,-0.61033,-0.05994,0.76005,-0.50710,-0.02756,0.70603,-0.39497,0.01593,0.61031,-0.37460,0.03220,0.52843,-0.38610,-0.11363,0.75687,-0.27815,-0.06324,0.68729,-0.19539,-0.00553,0.59880,-0.19766,0.00830,0.55459,-0.13600,-0.15846,0.71452,-0.07956,-0.11690,0.63972,-0.02883,-0.06191,0.56174,-0.03418,-0.03064
FIST,-0.00000,0.00000,0.00000,0.09895,-0.34806,0.11902,0.25954,-0.56232,0.13976,0.43328,-0.63846,0.13718,0.55712,-0.55845,0.12706,0.42585,-0.77218,0.00933,0.71513,-0.69899,0.01919,0.68433,-0.58147,0.04019,0.61482,-0.54916,0.05093,0.49252,-0.59995,-0.06593,0.77154,-0.49373,-0.03957,0.71250,-0.38566,0.00131,0.61511,-0.37061,0.01610,0.53515,-0.37437,-0.12456,0.76617,-0.26364,-0.08109,0.69278,-0.18169,-0.02405,0.60298,-0.19050,-0.00964,0.55514,-0.12514,-0.17478,0.71752,-0.06592,-0.14124,0.64111,-0.01786,-0.08876,0.56134,-0.03018,-0.05835
FIST,-0.00000,0.00000,0.00000,0.10857,-0.35067,0.11870,0.28406,-0.55873,0.13704,0.47847,-0.61791,0.13126,0.60798,-0.52923,0.11816,0.45843,-0.76948,0.00598,0.75702,-0.65339,0.01145,0.71863,-0.53402,0.03040,0.64742,-0.50917,0.03973,0.51117,-0.59224,-0.07256,0.79345,-0.44297,-0.05074,0.72295,-0.33807,-0.01172,0.62444,-0.33515,0.00094,0.54101,-0.36312,-0.13484,0.77070,-0.21489,-0.09458,0.69132,-0.13773,-0.03869,0.60322,-0.16140,-0.02612,0.55306,-0.11037,-0.18889,0.72143,-0.02572,-0.15841,0.64144,0.01707,-0.10935,0.56240,-0.00706,-0.08216
FIST,-0.00000,0.00000,0.00000,0.12993,-0.33239,0.08202,0.32543,-0.53153,0.08148,0.51056,-0.58980,0.06178,0.63195,-0.52165,0.04010,0.51257,-0.73733,-0.02490,0.81654,-0.57729,-0.05137,0.76315,-0.45837,-0.05027,0.68504,-0.45115,-0.04927,0.54554,-0.55706,-0.09597,0.84572,-0.36135,-0.10802,0.76039,-0.26356,-0.07385,0.65910,-0.28116,-0.05831,0.55658,-0.32751,-0.15738,0.80122,-0.13554,-0.14893,0.70964,-0.06880,-0.09188,0.61915,-0.11118,-0.07011,0.54860,-0.07979,-0.21460,0.72085,0.03831,-0.20848,0.63811,0.07187,-0.16660,0.56102,0.03475,-0.13955
FIST,-0.00000,0.00000,0.00000,0.16434,-0.32081,0.05387,0.40343,-0.48613,0.02918,0.62165,-0.46627,-0.01078,0.74934,-0.34122,-0.04984,0.57883,-0.70056,-0.06447,0.89727,-0.44148,-0.13020,0.82243,-0.32435,-0.14958,0.73143,-0.34036,-0.15796,0.57056,-0.52462,-0.13474,0.89252,-0.21474,-0.18481,0.78467,-0.13420,-0.15948,0.68446,-0.18372,-0.14733,0.54107,-0.29875,-0.19965,0.81795,-0.01091,-0.22795,0.70294,0.03443,-0.17139,0.60799,-0.03780,-0.14507,0.49627,-0.05773,-0.26223,0.69708,0.15465,-0.28660,0.60544,0.16865,-0.25346,0.52624,0.10111,-0.22957
FIST,-0.00000,0.00000,0.00000,0.25145,-0.24140,0.03397,0.53309,-0.30380,-0.01858,0.76863,-0.18657,-0.08610,0.91070,-0.01635,-0.15389,0.68428,-0.59129,-0.12181,0.97490,-0.22265,-0.21138,0.97716,0.01496,-0.23003,0.92920,0.12507,-0.23875,0.61463,-0.48601,-0.19862,0.91090,0.00496,-0.29319,0.80827,0.15886,-0.27931,0.71365,0.15497,-0.27126,0.52635,-0.31250,-0.27031,0.75724,0.18489,-0.33802,0.61735,0.21833,-0.28984,0.51750,0.11550,-0.26708,0.43318,-0.11960,-0.34009,0.59468,0.24679,-0.39876,0.49516,0.26055,-0.38041,0.41951,0.16399,-0.36668
FIST,-0.00000,0.00000,0.00000,0.34801,0.12043,-0.08795,0.58832,0.23464,-0.22750,0.75181,0.37335,-0.36837,0.78990,0.40572,-0.48930,0.82532,-0.51212,-0.21580,0.99931,0.03714,-0.37250,0.90087,0.21836,-0.43155,0.80893,0.18515,-0.45820,0.66752,-0.56708,-0.26481,0.81816,0.11984,-0.41415,0.69273,0.21748,-0.41453,0.63938,0.10707,-0.39958,0.47760,-0.50297,-0.32592,0.61704,0.17677,-0.44748,0.53034,0.24160,-0.38698,0.49502,0.13422,-0.33236,0.28037,-0.36387,-0.39900,0.44370,0.15976,-0.49810,0.48662,0.28500,-0.48275,0.53201,0.28445,-0.44923
FIST,-0.00000,0.00000,0.00000,0.27446,0.19603,-0.14658,0.52539,0.35277,-0.27144,0.69303,0.47187,-0.38856,0.76758,0.48169,-0.48835,0.89345,-0.44916,-0.14638,0.96158,-0.18951,-0.34631,0.92712,0.06402,-0.49699,0.89512,0.20158,-0.58249,0.73667,-0.62894,-0.16931,0.78897,-0.28261,-0.34060,0.74575,-0.00985,-0.42135,0.71715,0.10400,-0.45551,0.51958,-0.68453,-0.21814,0.54665,-0.34253,-0.36667,0.50711,-0.11219,-0.36617,0.48845,-0.02663,-0.33968,0.27498,-0.65436,-0.28541,0.29856,-0.36581,-0.38391,0.27694,-0.20632,-0.37127,0.26525,-0.15910,-0.33504
FIST,-0.00000,0.00000,0.00000,0.28896,0.26306,-0.16955,0.53863,0.44382,-0.32248,0.69452,0.57486,-0.45325,0.65732,0.49623,-0.55114,0.93983,-0.34163,-0.21182,0.91999,0.27831,-0.39681,0.75549,0.30487,-0.50653,0.73865,0.12013,-0.57345,0.79524,-0.50113,-0.21596,0.76655,0.21020,-0.37745,0.63435,0.20891,-0.41009,0.66130,0.03267,-0.42180,0.58851,-0.54854,-0.24289,0.57671,0.11553,-0.37102,0.47306,0.12779,-0.31730,0.47646,-0.01956,-0.26701,0.36171,-0.51531,-0.29247,0.37483,-0.00699,-0.36990,0.32826,-0.00494,-0.34468,0.33493,-0.13955,-0.30738
FIST,-0.00000,0.00000,0.00000,0.31786,0.28531,-0.14619,0.56757,0.48333,-0.31229,0.74442,0.63125,-0.46211,0.71435,0.53219,-0.57685,0.93529,-0.30614,-0.23365,0.94064,0.33940,-0.40207,0.75379,0.36946,-0.48227,0.72567,0.19425,-0.53247,0.79762,-0.46741,-0.25165,0.79484,0.29567,-0.39824,0.63019,0.29613,-0.39483,0.63414,0.11742,-0.38618,0.60241,-0.50674,-0.28878,0.61753,0.21748,-0.39306,0.50652,0.22782,-0.31192,0.50565,0.07049,-0.25456,0.39370,-0.45502,-0.34745,0.43754,0.12503,-0.41649,0.40268,0.16566,-0.38882,0.41550,0.05661,-0.35640
FIST,-0.00000,0.00000,0.00000,0.32896,0.29394,-0.11655,0.58159,0.50153,-0.28974,0.74153,0.66807,-0.44935,0.65706,0.58571,-0.58029,0.89639,-0.23750,-0.28436,0.91505,0.40334,-0.44277,0.73097,0.40706,-0.49960,0.70083,0.24475,-0.53421,0.75677,-0.37551,-0.31841,0.76356,0.39112,-0.45415,0.59800,0.35629,-0.42067,0.59123,0.18346,-0.39467,0.56342,-0.39148,-0.36374,0.57201,0.30730,-0.44644,0.45711,0.28730,-0.34218,0.44423,0.12631,-0.27819,0.36067,-0.33146,-0.42731,0.38718,0.20040,-0.48138,0.32538,0.17963,-0.43749,0.31411,0.03495,-0.40002
FIST,-0.00000,0.00000,0.00000,0.36707,0.29228,-0.06927,0.54588,0.52655,-0.32996,0.66479,0.73352,-0.59605,0.58110,0.71441,-0.84241,0.86935,-0.13730,-0.47915,0.87156,0.49028,-0.65088,0.69741,0.48691,-0.64071,0.65285,0.32872,-0.62488,0.70344,-0.25626,-0.58073,0.72008,0.47818,-0.71980,0.55686,0.42957,-0.59036,0.55382,0.24618,-0.50020,0.49121,-0.26952,-0.68111,0.52249,0.41705,-0.74625,0.41186,0.38185,-0.54744,0.40149,0.21081,-0.43650,0.28999,-0.22195,-0.79734,0.33578,0.30822,-0.83848,0.31058,0.31402,-0.75179,0.31741,0.19560,-0.69460
FIST,-0.00000,0.00000,0.00000,0.35221,0.28706,-0.16300,0.60896,0.51516,-0.36251,0.67588,0.73701,-0.53242,0.49458,0.70762,-0.68102,0.87194,-0.26206,-0.42038,0.81726,0.48560,-0.59462,0.67143,0.45528,-0.66727,0.67542,0.27097,-0.71912,0.65514,-0.38652,-0.44694,0.61592,0.47099,-0.58635,0.50795,0.36516,-0.57252,0.52650,0.18202,-0.57710,0.39560,-0.38670,-0.47992,0.37735,0.41255,-0.55738,0.31274,0.33453,-0.46036,0.32918,0.15519,-0.41347,0.12810,-0.30156,-0.53337,0.15920,0.30892,-0.58689,0.14754,0.21637,-0.54030,0.17507,0.01802,-0.51056
FIST,-0.00000,0.00000,0.00000,0.38860,0.23104,-0.18904,0.70030,0.43792,-0.38857,0.72648,0.68719,-0.55526,0.47532,0.74603,-0.70545,0.85402,-0.30945,-0.46584,0.82384,0.50262,-0.67499,0.69610,0.44729,-0.77264,0.70111,0.23747,-0.83495,0.59286,-0.40446,-0.48180,0.58831,0.46723,-0.65853,0.48876,0.31430,-0.67248,0.50908,0.09359,-0.68960,0.29560,-0.37332,-0.50309,0.31927,0.42076,-0.61996,0.24946,0.27613,-0.53967,0.25183,0.05037,-0.48977,0.00670,-0.26527,-0.54407,0.06859,0.29658,-0.62856,0.03403,0.14536,-0.58329,0.03121,-0.10435,-0.54488
FIST,-0.00000,0.00000,0.00000,0.38362,0.14803,-0.19535,0.69872,0.34039,-0.40642,0.73233,0.61155,-0.58457,0.44544,0.69254,-0.73590,0.83812,-0.54549,-0.42135,0.82710,0.34426,-0.64133,0.67659,0.30962,-0.75717,0.65078,0.05206,-0.82537,0.52317,-0.64419,-0.43140,0.49873,0.38014,-0.59158,0.40285,0.21931,-0.60039,0.44125,-0.08562,-0.60668,0.19179,-0.59610,-0.45376,0.20321,0.34300,-0.54096,0.16594,0.17097,-0.45231,0.18827,-0.10417,-0.38883,-0.10927,-0.46088,-0.50293,-0.06107,0.24036,-0.55834,-0.06438,0.10432,-0.51105,-0.04722,-0.15362,-0.46037
FIST,-0.00000,0.00000,0.00000,0.34027,0.10332,-0.20779,0.63951,0.29948,-0.40949,0.72079,0.58194,-0.57624,0.48617,0.63219,-0.71035,0.77762,-0.62873,-0.42050,0.80215,0.23613,-0.62223,0.68423,0.21913,-0.70332,0.65944,-0.02033,-0.74330,0.46304,-0.70348,-0.42456,0.46389,0.38857,-0.58743,0.39463,0.23256,-0.57888,0.41652,-0.06178,-0.56161,0.13515,-0.63641,-0.44221,0.18905,0.38045,-0.55257,0.18150,0.18237,-0.44896,0.21537,-0.12153,-0.36007,-0.15775,-0.47688,-0.48840,-0.05335,0.30478,-0.57200,-0.02197,0.16519,-0.52470,0.01201,-0.11330,-0.46043
FIST,-0.00000,0.00000,0.00000,0.32924,0.13452,-0.31444,0.64012,0.37478,-0.57877,0.68144,0.73188,-0.78756,0.37563,0.83866,-0.95884,0.68789,-0.69752,-0.57409,0.76918,0.28568,-0.80664,0.64835,0.34303,-0.88890,0.60055,0.08455,-0.93237,0.31333,-0.77284,-0.54113,0.38291,0.49611,-0.74309,0.31365,0.37793,-0.73845,0.31609,0.03092,-0.72638,-0.05173,-0.68196,-0.52624,0.06947,0.49544,-0.67109,0.06237,0.31775,-0.55551,0.07532,-0.04283,-0.45799,-0.35053,-0.50035,-0.55091,-0.17977,0.39016,-0.66524,-0.13709,0.27674,-0.62172,-0.11647,-0.02596,-0.55879
FIST,-0.00000,0.00000,0.00000,0.32517,0.03752,-0.28151,0.58228,0.12617,-0.55232,0.65279,0.40351,-0.76973,0.46434,0.58991,-0.95680,0.67026,-0.74212,-0.62399,0.77970,0.13649,-0.86500,0.61591,0.17047,-0.95687,0.53912,-0.05712,-1.01368,0.37397,-0.76728,-0.60573,0.49224,0.25340,-0.82436,0.37886,0.15483,-0.83444,0.35629,-0.12909,-0.84566,0.07348,-0.64088,-0.59635,0.19817,0.29823,-0.72673,0.15229,0.18133,-0.61982,0.13172,-0.10958,-0.55465,-0.18238,-0.44644,-0.62167,-0.03268,0.25514,-0.71354,-0.03078,0.19274,-0.67823,-0.04824,-0.04965,-0.64594
FIST,-0.00000,0.00000,0.00000,0.36049,0.06828,-0.26033,0.62796,0.20767,-0.54648,0.71606,0.49829,-0.78218,0.51837,0.66438,-0.99286,0.70867,-0.70554,-0.66755,0.83550,0.21054,-0.91734,0.68987,0.19447,-1.01511,0.64278,-0.05897,-1.07510,0.38274,-0.73192,-0.66529,0.51501,0.31128,-0.87529,0.41609,0.16494,-0.87188,0.40840,-0.12378,-0.87913,0.05154,-0.60640,-0.66560,0.18702,0.34895,-0.77730,0.16303,0.17813,-0.64507,0.16112,-0.12318,-0.56804,-0.23293,-0.41024,-0.69879,-0.07760,0.28452,-0.77811,-0.06762,0.16813,-0.72249,-0.07549,-0.10140,-0.67687
FIST,-0.00000,0.00000,0.00000,0.32159,0.02230,-0.24935,0.58943,0.12677,-0.50867,0.68817,0.40624,-0.72110,0.50606,0.57294,-0.90601,0.66922,-0.74307,-0.58622,0.79452,0.11135,-0.82188,0.65593,0.11631,-0.91846,0.59768,-0.11506,-0.97852,0.36947,-0.76431,-0.58351,0.48579,0.25183,-0.79341,0.38333,0.12621,-0.80395,0.36405,-0.16081,-0.81448,0.06345,-0.63751,-0.58796,0.19111,0.29390,-0.70943,0.15521,0.13837,-0.59960,0.14278,-0.16069,-0.53060,-0.20019,-0.44293,-0.62448,-0.04767,0.24605,-0.71196,-0.03877,0.14236,-0.67265,-0.04495,-0.12463,-0.63435
FIST,-0.00000,0.00000,0.00000,0.30279,0.04286,-0.26936,0.56140,0.17578,-0.51934,0.67395,0.47685,-0.71677,0.52211,0.65137,-0.88503,0.62558,-0.78016,-0.55366,0.73734,0.18440,-0.77325,0.58875,0.25606,-0.87651,0.50587,0.02282,-0.93962,0.29063,-0.80464,-0.52274,0.41503,0.31827,-0.70506,0.33095,0.22803,-0.71774,0.30773,-0.06537,-0.72959,-0.02447,-0.67011,-0.49916,0.11039,0.34524,-0.60868,0.08484,0.19169,-0.50757,0.07190,-0.11733,-0.43853,-0.28196,-0.45947,-0.50845,-0.14301,0.28752,-0.59078,-0.13599,0.18400,-0.55027,-0.14933,-0.09550,-0.50437
FIST,-0.00000,0.00000,0.00000,0.30114,0.08037,-0.27874,0.55818,0.21295,-0.51672,0.64318,0.42052,-0.70439,0.44273,0.47891,-0.86222,0.58092,-0.81396,-0.50130,0.72403,0.09721,-0.71012,0.57864,0.26345,-0.81248,0.48101,0.06741,-0.87836,0.25702,-0.82543,-0.46507,0.43537,0.18785,-0.63615,0.34000,0.25898,-0.65941,0.29067,0.02943,-0.68122,-0.03617,-0.69057,-0.44107,0.14686,0.22374,-0.55583,0.10652,0.21912,-0.49077,0.06714,-0.02061,-0.44987,-0.27402,-0.48909,-0.44862,-0.10344,0.17975,-0.52337,-0.10008,0.21917,-0.49051,-0.13378,0.05901,-0.45598
FIST,-0.00000,0.00000,0.00000,0.25289,0.03531,-0.29068,0.47940,0.03818,-0.51361,0.58508,0.06350,-0.68488,0.45154,-0.02464,-0.82206,0.48339,-0.87540,-0.46970,0.60018,-0.33255,-0.69197,0.52490,-0.14486,-0.77410,0.48069,-0.28195,-0.82347,0.22950,-0.91835,-0.42281,0.35990,-0.29536,-0.64349,0.31627,-0.11333,-0.64861,0.29784,-0.29226,-0.63277,-0.01583,-0.82939,-0.39853,0.10718,-0.21991,-0.56518,0.11092,-0.09237,-0.47091,0.09584,-0.24588,-0.39260,-0.21271,-0.67565,-0.40634,-0.10312,-0.18978,-0.52328,-0.09477,-0.10839,-0.49794,-0.11918,-0.25174,-0.45870
FIST,-0.00000,0.00000,0.00000,0.26675,0.03653,-0.33185,0.51609,-0.03291,-0.57035,0.59030,-0.13103,-0.76145,0.42947,-0.26828,-0.91215,0.46289,-0.88642,-0.49485,0.52496,-0.63932,-0.79486,0.50851,-0.35637,-0.90286,0.47821,-0.34014,-0.95790,0.22766,-0.97150,-0.45788,0.30883,-0.65272,-0.79585,0.34039,-0.32943,-0.82606,0.32236,-0.36237,-0.79615,0.00239,-0.92565,-0.45931,0.07246,-0.49585,-0.72460,0.10762,-0.23344,-0.64264,0.09496,-0.28366,-0.54958,-0.19322,-0.81978,-0.49844,-0.13440,-0.43735,-0.67851,-0.09233,-0.23729,-0.67335,-0.08920,-0.27677,-0.63973
FIST,-0.00000,0.00000,0.00000,0.36149,0.00481,-0.28029,0.60168,-0.11257,-0.53625,0.60012,-0.24532,-0.76808,0.42721,-0.36634,-0.97665,0.50729,-0.86177,-0.52020,0.58477,-0.71136,-0.93688,0.59100,-0.54077,-1.14614,0.59478,-0.54922,-1.25581,0.30344,-0.88977,-0.55586,0.38085,-0.69461,-1.03877,0.38807,-0.47504,-1.15457,0.36846,-0.49151,-1.16163,0.08560,-0.85157,-0.63145,0.16223,-0.57685,-1.02860,0.16603,-0.31931,-0.99767,0.15616,-0.35038,-0.91233,-0.11604,-0.79621,-0.73719,-0.06001,-0.52195,-1.00396,-0.02592,-0.30937,-1.02017,-0.02269,-0.33533,-0.98871
FIST,-0.00000,0.00000,0.00000,0.28123,-0.00849,-0.14185,0.52647,-0.15156,-0.25061,0.60311,-0.37021,-0.35297,0.45940,-0.49635,-0.44876,0.40194,-0.74877,-0.14954,0.46737,-0.87034,-0.33991,0.54357,-0.80235,-0.48356,0.59720,-0.69053,-0.56995,0.22833,-0.84982,-0.16946,0.28145,-0.95957,-0.38555,0.36256,-0.82739,-0.50201,0.39685,-0.67579,-0.54721,0.04186,-0.85478,-0.21237,0.09137,-0.90195,-0.41084,0.14850,-0.72703,-0.46269,0.17117,-0.56239,-0.45843,-0.15687,-0.79600,-0.26839,-0.10911,-0.81617,-0.41869,-0.05273,-0.68651,-0.45223,-0.02049,-0.56575,-0.44756
FIST,-0.00000,0.00000,0.00000,0.27037,-0.03959,-0.08592,0.53063,-0.23813,-0.13719,0.59302,-0.53191,-0.19428,0.44471,-0.72817,-0.23183,0.44329,-0.77314,0.02858,0.57024,-0.82148,-0.13001,0.52903,-0.60773,-0.23093,0.48205,-0.52221,-0.28084,0.27966,-0.89349,0.01048,0.41729,-0.88086,-0.14379,0.37248,-0.58994,-0.18252,0.32458,-0.50843,-0.17013,0.10749,-0.93172,-0.03988,0.24513,-0.86116,-0.18345,0.21810,-0.57482,-0.15073,0.18499,-0.49597,-0.08845,-0.07743,-0.91062,-0.10347,0.07012,-0.78687,-0.18383,0.07305,-0.57330,-0.15940,0.04986,-0.51387,-0.11426
FIST,-0.00000,0.00000,0.00000,0.28991,-0.04176,-0.04199,0.53549,-0.24021,-0.06898,0.59224,-0.53767,-0.11204,0.46427,-0.73737,-0.14808,0.45249,-0.57172,0.04634,0.56032,-0.79538,-0.05411,0.55481,-0.64385,-0.12714,0.50989,-0.49115,-0.16100,0.29795,-0.67602,0.01974,0.41842,-0.90825,-0.08368,0.40128,-0.69922,-0.13341,0.34203,-0.50656,-0.13353,0.12972,-0.74226,-0.02436,0.24338,-0.92353,-0.12280,0.23332,-0.68986,-0.11652,0.18661,-0.48571,-0.07583,-0.06056,-0.77040,-0.07370,0.06569,-0.87651,-0.12660,0.08572,-0.70409,-0.10087,0.06130,-0.54663,-0.05990
FIST,-0.00000,0.00000,0.00000,0.28865,-0.02774,-0.04969,0.55609,-0.21528,-0.07627,0.62641,-0.51166,-0.12022,0.48977,-0.71566,-0.14790,0.51203,-0.59671,0.07000,0.65676,-0.74954,-0.05996,0.58487,-0.53316,-0.12500,0.50371,-0.45380,-0.14569,0.35999,-0.70094,0.03750,0.50560,-0.86277,-0.09732,0.43323,-0.58640,-0.11778,0.35586,-0.50808,-0.08456,0.18610,-0.76219,-0.02344,0.32646,-0.87031,-0.16097,0.26609,-0.57900,-0.12572,0.19920,-0.49936,-0.05305,-0.01505,-0.78864,-0.09105,0.14624,-0.82808,-0.15733,0.12880,-0.61084,-0.11557,0.07360,-0.53180,-0.05731
FIST,-0.00000,0.00000,0.00000,0.31643,-0.03943,-0.04322,0.58061,-0.24151,-0.07011,0.63490,-0.53901,-0.11682,0.49604,-0.71502,-0.14756,0.55194,-0.59694,0.07869,0.68670,-0.72694,-0.05816,0.59083,-0.51787,-0.13502,0.51171,-0.43637,-0.16300,0.40048,-0.70027,0.04197,0.52779,-0.82046,-0.09527,0.42688,-0.55351,-0.12235,0.35500,-0.48759,-0.09596,0.23105,-0.76049,-0.02362,0.35447,-0.85122,-0.15256,0.27302,-0.57126,-0.10811,0.20738,-0.49840,-0.03266,0.03496,-0.79673,-0.09684,0.17968,-0.82160,-0.14299,0.14580,-0.61689,-0.08575,0.09411,-0.55900,-0.02036
FIST,-0.00000,0.00000,0.00000,0.31153,-0.07053,-0.03102,0.55923,-0.27266,-0.05644,0.61669,-0.56987,-0.10446,0.48337,-0.75741,-0.13832,0.51810,-0.61039,0.09379,0.63676,-0.77106,-0.03576,0.56795,-0.55121,-0.11217,0.50140,-0.43973,-0.13927,0.37090,-0.69615,0.05461,0.49131,-0.85850,-0.07235,0.40832,-0.58661,-0.10037,0.33872,-0.49310,-0.07625,0.20671,-0.74754,-0.01155,0.32339,-0.87670,-0.12989,0.25932,-0.60147,-0.08844,0.19682,-0.50066,-0.01663,0.01687,-0.77256,-0.08402,0.15803,-0.85098,-0.12280,0.13361,-0.65556,-0.06415,0.08402,-0.57605,0.00101
FIST,-0.00000,0.00000,0.00000,0.32026,-0.06024,-0.04028,0.56521,-0.26342,-0.05420,0.62481,-0.57331,-0.08959,0.49069,-0.74752,-0.10481,0.52189,-0.60929,0.14177,0.63445,-0.77296,0.01776,0.55212,-0.54614,-0.05637,0.48658,-0.45310,-0.08247,0.37026,-0.69712,0.11016,0.48703,-0.86386,-0.02261,0.39622,-0.57723,-0.05763,0.33518,-0.49955,-0.03325,0.20531,-0.74639,0.04637,0.31395,-0.87913,-0.08110,0.24787,-0.58746,-0.04552,0.19288,-0.50128,0.02790,0.01066,-0.77468,-0.02493,0.14158,-0.84549,-0.06348,0.12070,-0.63605,-0.00809,0.07836,-0.56697,0.05673
FIST,-0.00000,0.00000,0.00000,0.30755,-0.05227,-0.04555,0.54938,-0.25592,-0.06355,0.60302,-0.56119,-0.10140,0.46576,-0.73114,-0.12188,0.52210,-0.58373,0.11474,0.63007,-0.76941,-0.00894,0.55727,-0.56483,-0.08195,0.49055,-0.45038,-0.10657,0.37065,-0.68033,0.08560,0.48828,-0.87268,-0.04315,0.40325,-0.60348,-0.07492,0.33887,-0.49886,-0.04936,0.20333,-0.73191,0.02618,0.30542,-0.87134,-0.09995,0.23851,-0.58897,-0.06770,0.18295,-0.47631,0.00345,0.00806,-0.75453,-0.04051,0.12926,-0.83373,-0.08437,0.10871,-0.63944,-0.03405,0.06993,-0.55621,0.02761
FIST,-0.00000,0.00000,0.00000,0.31882,-0.05914,-0.03580,0.55639,-0.26702,-0.04379,0.59750,-0.58227,-0.07397,0.46286,-0.74753,-0.08300,0.52696,-0.57815,0.14340,0.63543,-0.77216,0.02093,0.54997,-0.55469,-0.05764,0.48710,-0.45143,-0.08758,0.37388,-0.66995,0.11117,0.48603,-0.86304,-0.02167,0.39357,-0.58937,-0.06446,0.33736,-0.49495,-0.04664,0.20942,-0.72420,0.04795,0.30647,-0.87829,-0.07688,0.24013,-0.59470,-0.05017,0.18950,-0.48586,0.01638,0.01955,-0.75992,-0.02264,0.12831,-0.85287,-0.06036,0.11237,-0.64933,-0.01090,0.07886,-0.56229,0.04888
FIST,-0.00000,0.00000,0.00000,0.31056,-0.04790,-0.05614,0.55994,-0.28862,-0.06819,0.58822,-0.61566,-0.09787,0.44262,-0.76908,-0.10448,0.53385,-0.58699,0.11516,0.62254,-0.78259,-0.00451,0.53635,-0.54597,-0.06911,0.48947,-0.45981,-0.09246,0.37979,-0.67988,0.09072,0.47723,-0.86565,-0.03747,0.38903,-0.57902,-0.06140,0.34603,-0.51623,-0.03278,0.21619,-0.72817,0.03288,0.29836,-0.88378,-0.09027,0.23569,-0.59374,-0.05013,0.19805,-0.51565,0.02248,0.03239,-0.75620,-0.03503,0.12389,-0.86054,-0.07221,0.10853,-0.65204,-0.01874,0.08427,-0.57667,0.04140
FIST,-0.00000,0.00000,0.00000,0.32202,-0.06504,-0.05208,0.56048,-0.31699,-0.05657,0.58950,-0.64181,-0.07871,0.46219,-0.79074,-0.07509,0.52594,-0.59306,0.14084,0.61205,-0.79082,0.02254,0.52141,-0.54933,-0.04320,0.47879,-0.46638,-0.06479,0.37012,-0.67353,0.12080,0.46228,-0.85486,-0.00479,0.37288,-0.56573,-0.03597,0.33989,-0.51688,-0.01218,0.20824,-0.72220,0.06654,0.28893,-0.87659,-0.04919,0.23009,-0.59420,-0.01530,0.20149,-0.53801,0.05144,0.03351,-0.75772,0.00277,0.12333,-0.85473,-0.02021,0.10575,-0.64972,0.03538,0.08048,-0.58776,0.09554
FIST,-0.00000,0.00000,0.00000,0.31985,-0.07027,-0.04300,0.55616,-0.31935,-0.04053,0.58835,-0.64474,-0.05813,0.46583,-0.78494,-0.04958,0.51468,-0.57898,0.16090,0.60847,-0.79358,0.04037,0.52109,-0.55676,-0.03153,0.47380,-0.46339,-0.05575,0.36101,-0.65648,0.13879,0.45862,-0.85823,0.01124,0.37229,-0.57095,-0.02857,0.33944,-0.51069,-0.00999,0.20371,-0.70667,0.08252,0.28993,-0.88562,-0.03368,0.23350,-0.60226,-0.00456,0.20351,-0.53532,0.06001,0.03380,-0.74514,0.01736,0.12470,-0.86180,-0.00654,0.10841,-0.65816,0.04640,0.08247,-0.58752,0.10526
FIST,-0.00000,0.00000,0.00000,0.31783,-0.05965,-0.04687,0.56188,-0.30464,-0.04612,0.60209,-0.63419,-0.06434,0.48143,-0.78240,-0.05565,0.52397,-0.57385,0.15705,0.62058,-0.78414,0.03711,0.52832,-0.54718,-0.03233,0.47797,-0.45592,-0.05504,0.37296,-0.65713,0.13665,0.47320,-0.85544,0.01020,0.38209,-0.56908,-0.02577,0.34787,-0.51228,-0.00440,0.21589,-0.71050,0.08165,0.30335,-0.88350,-0.03472,0.24206,-0.59934,-0.00313,0.21179,-0.53436,0.06320,0.04386,-0.75113,0.01740,0.13617,-0.85987,-0.00715,0.11882,-0.65491,0.04559,0.09496,-0.58683,0.10439
FIST,-0.00000,0.00000,0.00000,0.31565,-0.05784,-0.04546,0.55693,-0.30325,-0.04851,0.59925,-0.62866,-0.07108,0.48436,-0.77912,-0.06853,0.51623,-0.57654,0.14218,0.61125,-0.79144,0.02341,0.52263,-0.55401,-0.04238,0.47527,-0.45885,-0.06335,0.36739,-0.65887,0.11945,0.46520,-0.85698,-0.00479,0.37691,-0.56893,-0.03518,0.34382,-0.50775,-0.01160,0.21195,-0.71015,0.06336,0.29847,-0.88233,-0.05097,0.23870,-0.59923,-0.01469,0.20826,-0.53034,0.05295,0.03981,-0.74801,-0.00183,0.13289,-0.85719,-0.02667,0.11551,-0.65504,0.02818,0.09115,-0.58579,0.08748
FIST,-0.00000,0.00000,0.00000,0.31527,-0.05931,-0.04215,0.55543,-0.29852,-0.04876,0.58983,-0.62142,-0.07638,0.45658,-0.75864,-0.08127,0.51916,-0.57271,0.13494,0.62041,-0.78428,0.01912,0.53010,-0.56080,-0.04760,0.47797,-0.45867,-0.06991,0.37080,-0.65832,0.10951,0.46989,-0.85644,-0.00981,0.37822,-0.58135,-0.03934,0.33999,-0.50029,-0.01711,0.21544,-0.70712,0.05213,0.30100,-0.88393,-0.05772,0.24108,-0.61117,-0.02287,0.20732,-0.51843,0.04252,0.04051,-0.73756,-0.01407,0.13483,-0.85878,-0.03826,0.11759,-0.66543,0.01536,0.09328,-0.57873,0.07310
FIST,-0.00000,0.00000,0.00000,0.32363,-0.07628,-0.03073,0.55663,-0.30308,-0.03491,0.58496,-0.61047,-0.06116,0.46273,-0.75671,-0.06686,0.52410,-0.56614,0.13890,0.62181,-0.78317,0.02609,0.53780,-0.56858,-0.04490,0.48542,-0.45668,-0.07104,0.37478,-0.65202,0.10827,0.47186,-0.86141,-0.00843,0.38664,-0.59881,-0.04538,0.34497,-0.50489,-0.03003,0.21762,-0.70488,0.04830,0.30174,-0.88822,-0.05729,0.24588,-0.62357,-0.02810,0.20915,-0.51931,0.03172,0.03920,-0.73658,-0.01914,0.13572,-0.86002,-0.04405,0.11915,-0.66699,0.00764,0.09186,-0.57482,0.06370
FIST,-0.00000,0.00000,0.00000,0.31944,-0.06401,-0.02982,0.54941,-0.29397,-0.03470,0.58201,-0.60395,-0.06115,0.47236,-0.75365,-0.06907,0.51354,-0.56964,0.13054,0.61692,-0.78702,0.02207,0.53826,-0.59209,-0.04985,0.47983,-0.46486,-0.07601,0.36637,-0.65349,0.10180,0.46735,-0.86134,-0.00901,0.38184,-0.60738,-0.04641,0.33364,-0.48352,-0.03276,0.21173,-0.70252,0.04547,0.29953,-0.88526,-0.05705,0.24393,-0.62739,-0.02916,0.19889,-0.48961,0.02960,0.03422,-0.73211,-0.01770,0.13509,-0.86414,-0.04507,0.11888,-0.67981,0.00546,0.08821,-0.56990,0.06138
FIST,-0.00000,0.00000,0.00000,0.31772,-0.03878,-0.05031,0.58232,-0.23170,-0.08084,0.65027,-0.54025,-0.12954,0.50252,-0.72028,-0.16458,0.53321,-0.55705,0.07123,0.66859,-0.73439,-0.05501,0.59179,-0.55394,-0.13892,0.51099,-0.43410,-0.17165,0.38626,-0.65489,0.04436,0.51671,-0.85616,-0.09140,0.42858,-0.61441,-0.13778,0.34795,-0.46066,-0.12303,0.22592,-0.71782,-0.00750,0.34817,-0.87847,-0.13445,0.27937,-0.62862,-0.11618,0.20603,-0.46054,-0.05439,0.04456,-0.75104,-0.06613,0.17523,-0.85491,-0.11844,0.15634,-0.68356,-0.07887,0.10771,-0.55879,-0.02351
FIST,-0.00000,0.00000,0.00000,0.38540,-0.04889,-0.11086,0.63981,-0.15042,-0.24766,0.70969,-0.39157,-0.41456,0.56758,-0.57907,-0.56257,0.53489,-0.81563,0.02595,0.71703,-0.69704,-0.23048,0.66299,-0.44576,-0.36241,0.58537,-0.40045,-0.40996,0.37041,-0.88454,-0.04005,0.56978,-0.76429,-0.31732,0.49122,-0.42636,-0.35492,0.41974,-0.42982,-0.30071,0.20468,-0.90924,-0.15785,0.39726,-0.71537,-0.41039,0.33120,-0.41111,-0.36453,0.26043,-0.41288,-0.25897,0.04696,-0.91150,-0.29362,0.21401,-0.65894,-0.42666,0.18263,-0.43782,-0.39717,0.12024,-0.44545,-0.33023
FIST,-0.00000,0.00000,0.00000,0.36063,0.02409,-0.19465,0.63343,-0.01108,-0.37621,0.75797,-0.11360,-0.53727,0.61788,-0.22791,-0.66414,0.53240,-0.84649,-0.35610,0.72374,-0.54547,-0.56775,0.66470,-0.30476,-0.62100,0.61184,-0.33026,-0.64819,0.33809,-0.90786,-0.37718,0.54261,-0.46755,-0.62332,0.46577,-0.22496,-0.61829,0.39675,-0.30839,-0.58216,0.13536,-0.85776,-0.42218,0.32913,-0.39245,-0.62286,0.27282,-0.18670,-0.53583,0.20814,-0.27201,-0.45389,-0.05633,-0.75053,-0.49206,0.09988,-0.36221,-0.63211,0.07925,-0.21255,-0.61702,0.03184,-0.29168,-0.58332
FIST,-0.00000,0.00000,0.00000,0.35427,-0.01293,-0.08398,0.61710,0.00251,-0.20015,0.81364,0.10502,-0.30819,0.87260,0.20264,-0.39348,0.72668,-0.67008,-0.19766,0.99023,-0.13942,-0.32455,0.88279,-0.01811,-0.37273,0.78956,-0.09758,-0.39823,0.55873,-0.65791,-0.23613,0.83033,-0.01413,-0.34355,0.71630,0.02944,-0.34369,0.64875,-0.09567,-0.34412,0.38280,-0.53981,-0.28383,0.63126,0.07810,-0.35949,0.52780,0.09733,-0.30583,0.46453,-0.03276,-0.27335,0.21828,-0.35411,-0.34415,0.41945,0.12716,-0.39171,0.36005,0.12759,-0.36246,0.31297,-0.00281,-0.33506
FIST,-0.00000,0.00000,0.00000,0.31509,-0.04411,-0.02149,0.60393,0.02838,-0.11442,0.80858,0.21775,-0.21227,0.93186,0.36281,-0.30327,0.71144,-0.32648,-0.19316,0.89988,0.06665,-0.29255,0.89310,0.26269,-0.30825,0.85962,0.37389,-0.31389,0.57538,-0.25362,-0.25469,0.77200,0.33789,-0.35001,0.65327,0.35779,-0.32850,0.58950,0.26329,-0.32139,0.42392,-0.11494,-0.31480,0.61624,0.47002,-0.39010,0.48940,0.40469,-0.32974,0.42240,0.25847,-0.30131,0.27615,0.05236,-0.37690,0.45237,0.49690,-0.44727,0.37466,0.45670,-0.42116,0.31415,0.32856,-0.40149
FIST,-0.00000,0.00000,0.00000,0.29842,-0.12010,-0.00928,0.60796,0.03992,-0.09362,0.76547,0.38729,-0.18045,0.74140,0.66757,-0.26685,0.73704,-0.16879,-0.23163,0.91591,0.40138,-0.33457,0.80418,0.44225,-0.33873,0.74094,0.33661,-0.33515,0.57595,-0.07069,-0.29778,0.76778,0.58640,-0.41340,0.64475,0.54535,-0.38682,0.57791,0.40772,-0.36717,0.40225,0.08050,-0.35685,0.58096,0.69180,-0.45488,0.47199,0.58760,-0.39664,0.41327,0.41380,-0.35623,0.23574,0.24839,-0.41227,0.41191,0.70485,-0.48954,0.33834,0.62415,-0.45814,0.27960,0.47419,-0.42980
FIST,-0.00000,0.00000,0.00000,0.28664,-0.11977,0.02486,0.56359,0.02419,-0.03574,0.72410,0.34336,-0.10385,0.74586,0.59606,-0.17479,0.73100,-0.07969,-0.17278,0.88787,0.46010,-0.25760,0.78122,0.50790,-0.26207,0.71403,0.41100,-0.25918,0.59414,0.03365,-0.24579,0.77172,0.63365,-0.33758,0.65017,0.61213,-0.31140,0.57058,0.47625,-0.29263,0.43243,0.18185,-0.30909,0.57803,0.72608,-0.38811,0.46709,0.64371,-0.32787,0.40838,0.47928,-0.28808,0.26652,0.34048,-0.36628,0.40052,0.74581,-0.43341,0.32359,0.67090,-0.39829,0.27630,0.52647,-0.36725
FIST,-0.00000,0.00000,0.00000,0.28370,-0.11449,0.00755,0.58184,-0.01552,-0.04623,0.80864,0.16489,-0.10123,0.94585,0.28970,-0.15405,0.70569,-0.05088,-0.20891,0.86247,0.50611,-0.30799,0.75061,0.51106,-0.30927,0.68307,0.39068,-0.29783,0.56039,0.06092,-0.26640,0.72609,0.64614,-0.37244,0.60899,0.57843,-0.33834,0.54174,0.42351,-0.31059,0.39744,0.20272,-0.31611,0.54446,0.72735,-0.41206,0.43778,0.62255,-0.34007,0.38261,0.45778,-0.28647,0.23190,0.34927,-0.36006,0.36595,0.74714,-0.44141,0.29111,0.65404,-0.40648,0.24684,0.50486,-0.37050
FIST,-0.00000,0.00000,0.00000,0.27576,-0.08510,0.01108,0.54714,0.09938,-0.05449,0.70499,0.42975,-0.12695,0.73368,0.65968,-0.20058,0.69679,-0.04027,-0.18389,0.85340,0.52126,-0.29009,0.73669,0.54379,-0.30903,0.66234,0.42622,-0.31082,0.54338,0.06850,-0.25218,0.70874,0.65439,-0.36110,0.59576,0.59686,-0.34025,0.52709,0.44354,-0.32136,0.37040,0.21385,-0.31433,0.52874,0.74893,-0.41493,0.41944,0.64364,-0.35202,0.36110,0.47314,-0.30276,0.19628,0.36998,-0.37063,0.34526,0.77701,-0.45286,0.27096,0.68252,-0.41620,0.22292,0.52935,-0.37920
